Rank,TeamId,TeamName,LastSubmissionDate,Score,SubmissionCount,TeamMemberUserNames
1,16378170,"The Debauchery Tea Party","2026-06-29 17:56:08",1213.0,2,"hirotosasaoka,satoshihaimura,sizumita"
2,16420537,tonakaiiii,"2026-07-01 17:04:22",1209.0,2,"santa0677,tonakaiiii"
3,16381433,"Dick Jessen William","2026-06-25 13:23:33",1202.4,2,dickjessenwilliam
4,16393745,ShumpeiNomura,"2026-07-02 14:37:06",1177.8,2,shumpeinomura
5,16381823,"Yushin Ito","2026-06-25 10:35:16",1169.8,2,yushin505
6,16441533,kazuki0123,"2026-06-30 14:00:34",1161.3,2,kazuki0123
7,16375647,zoroark190,"2026-06-29 20:48:25",1145.2,2,zoroark190
8,16379469,aidy,"2026-07-01 01:56:13",1139.4,2,aidy1991
9,16372380,"THIRD PTCG Club","2026-07-01 15:12:14",1137.3,2,"shunrcn,simann"
10,16371466,btk15049,"2026-07-02 02:45:13",1127.2,2,btk15049
11,16371703,やる気元気ミワハルキ,"2026-07-02 11:34:33",1125.4,2,"cnumber,harukimiwa,masayoshi64,tomo0608"
12,16425162,Moegi,"2026-07-02 03:53:32",1121.4,2,mooegi
13,16451106,を,"2026-07-02 15:05:00",1119.2,2,"h4nuri,wotakumak,yopokemontcg"
14,16374997,"Michael Krager","2026-06-21 03:42:18",1116.6,2,michaelkrager
15,16385953,Ajishio,"2026-07-02 07:56:09",1111.1,2,ajishio
16,16391736,Akira-Ninth,"2026-06-26 09:48:36",1110.9,2,akirayoshimaru
17,16385372,kashiwashira,"2026-07-02 09:34:49",1108.5,2,kashiwashira
18,16389479,Bata09,"2026-07-02 14:54:42",1099.1,2,bata09
19,16372465,ykuroka,"2026-07-01 04:42:56",1094.6,2,ykuroka
20,16372292,yamy893,"2026-06-27 17:34:31",1093.6,2,yamy893
21,16411865,L7n,"2026-07-02 11:39:13",1092.4,2,znwe342
22,16373133,"takuya noto","2026-06-24 07:55:33",1089.0,2,takuyanoto
23,16435961,ezreal77,"2026-07-01 10:45:38",1087.0,2,ezreal77
24,16444876,L-WALID,"2026-07-02 00:12:48",1083.8,2,elwalidibrahim
25,16450654,YIN,"2026-07-01 23:07:17",1083.1,2,yuhsukein
26,16403402,takaygiiiiiiii,"2026-06-29 11:06:29",1081.4,2,takaygiiiiiiii
27,16445382,"Team BlackBox","2026-06-30 12:37:41",1081.2,2,koushikrudra
28,16378422,チームロスギラ,"2026-06-26 14:31:16",1080.6,2,hikaru2357
29,16445303,"Issac Netero","2026-07-02 12:44:46",1079.8,2,kohtashikiba
30,16372828,iwashi,"2026-06-30 19:41:23",1077.7,2,iwashi
31,16399504,gon_fox,"2026-06-28 06:57:02",1077.6,2,gonfox67
32,16391443,capbloo,"2026-06-29 08:46:50",1076.2,2,capbloo
33,16392367,みずあめ,"2026-06-23 06:23:50",1075.8,2,mizuamedesu
34,16377252,BioMath,"2026-07-02 01:36:38",1075.2,2,"columbia2131,renahayashi,shuichikudo"
35,16383193,"Sunny Nguyen","2026-07-02 15:24:20",1073.4,2,sunnynguyensanjoseca
36,16372425,tsukammo,"2026-07-02 01:24:55",1070.0,2,tsukammo
37,16376714,atom1231,"2026-07-02 13:48:49",1069.9,2,atom1231
38,16429603,CCoffie,"2026-07-02 15:50:12",1066.7,2,ccoffie
39,16375179,LagrangianLocomotive,"2026-07-02 15:31:19",1065.7,2,lagrangianlocomotive
40,16373853,Pokkén,"2026-06-28 13:11:59",1064.7,2,"denpa92,tcgengine,viewlagoon"
41,16382541,"TEAM NAME","2026-07-02 11:53:31",1064.5,2,celefefwefwe1
42,16372102,"TTT Is All You Need","2026-06-23 19:54:48",1064.4,2,"rionakamura10,togearitogenasi,togetogeyushin"
43,16386088,"Legend Brothers","2026-06-26 09:18:59",1064.2,2,"holeguma,shunhirota"
44,16455297,Gengar,"2026-07-02 09:50:34",1062.8,2,"hyunew,visterbai"
45,16418974,mikelou1,"2026-07-02 10:54:43",1060.0,2,mikelou1
46,16377364,"カドラバ Kadoraba","2026-07-02 01:30:39",1058.5,2,"daichishimada,heiseimikiko"
47,16385733,"Kazuta MIZUTA","2026-07-02 13:17:55",1055.4,2,kazutamizuta
48,16391395,djschmit,"2026-07-01 10:11:13",1055.4,2,djschmit
49,16373361,Kohenyan,"2026-06-20 17:56:49",1055.3,2,k0henyan
50,16377226,kawachi,"2026-07-02 10:54:49",1052.3,2,"ryu092,yuto5510"
51,16382252,suwat513,"2026-06-30 11:44:27",1052.2,2,suwat513
52,16391856,"Koba Empire","2026-07-01 05:33:34",1051.9,2,"m10i1986,ochisamu,tomokobayashi"
53,16373511,"Got That Weedle?","2026-07-02 00:13:29",1051.4,2,robboyd
54,16413206,"Pavel Pavlov","2026-06-29 19:40:29",1051.3,2,akakii
55,16426023,sqrt4kaido,"2026-07-01 16:58:06",1051.3,2,nomorevotch
56,16386714,Kyogre,"2026-07-02 12:08:52",1050.7,2,"anvel913,ikejun,leek0113,tokoten0926"
57,16381725,llkarill,"2026-06-30 17:22:29",1050.3,2,llkarill
58,16393241,pokeka_ryo,"2026-07-02 12:10:45",1047.9,2,pokekaryo
59,16373169,"Hiro Nomo","2026-07-02 12:07:13",1047.7,2,morinokuma3
60,16386067,xinpw8,"2026-07-01 17:59:16",1047.5,2,xinpw8
61,16375066,PoKade,"2026-07-02 06:37:30",1045.9,2,"kylexia,xunfanxia"
62,16385555,"Maher el Ouahabi","2026-07-02 14:56:09",1044.3,2,maherelouahabi
63,16381505,ryoya,"2026-06-30 16:09:42",1042.2,2,ryoya1122
64,16403994,Oleksandr_Savsunenko,"2026-07-02 14:41:51",1041.7,2,crazyleg11
65,16392727,"Gotem Penguin","2026-06-25 17:57:38",1039.7,2,gotempenguin
66,16380626,"Shishio Makoto","2026-06-27 15:58:30",1039.6,2,shishiomakoto
67,16408078,shibushun,"2026-06-23 15:13:25",1039.6,2,shibushun
68,16372719,"Himi Yamato","2026-06-29 04:32:28",1039.6,2,himihimi
69,16374861,"Mateusz Pawełczuk","2026-07-02 07:47:28",1039.4,2,mateuszpaweczuk
70,16378429,5.5,"2026-07-02 13:37:44",1038.1,2,lihaha36
71,16439610,"ПИКА ПИКА ЧУ ЧУ ЧУ ЧУ ЧУ","2026-07-01 19:30:51",1037.8,2,"clodis,phoenix0501,zabojeb"
72,16382828,Testuo&Ryuji,"2026-06-27 12:15:42",1037.6,2,"yamamotokenta,yamamotokoji"
73,16382420,Yuiki,"2026-06-26 13:15:01",1037.2,2,yuikijp
74,16416965,"Nghia Tran","2026-07-01 23:58:54",1037.2,2,tcnghia
75,16387043,monnu,"2026-06-30 22:30:38",1036.4,2,fuumin621
76,16424758,Skyraider,"2026-07-02 15:40:41",1036.2,2,drpatrickchan
77,16418019,渡邉瑛貴,"2026-06-29 00:47:08",1036.0,2,eeeeiki
78,16395361,milix,"2026-06-19 15:55:31",1035.4,1,milixm
79,16412530,mw,"2026-06-27 22:58:58",1034.9,2,motokazuw
80,16410581,f.a.nina,"2026-06-29 19:16:01",1034.0,2,nina2025
81,16381127,"Boss's Orders Are All You Need","2026-07-02 14:55:07",1033.4,2,"almondman0707,charmq,kazukikumegawa,ymgpalaqs"
82,16380605,Lapra5,"2026-06-24 11:22:26",1033.2,2,lapra5
83,16377081,RK,"2026-07-01 20:16:24",1032.7,2,ryotarokurita
84,16402035,"Inlon Kou","2026-06-26 00:45:40",1032.2,2,inlonkou
85,16388841,Muhandro,"2026-07-02 13:10:28",1032.1,1,muhandro
86,16372882,"katsudon 421","2026-06-20 08:59:03",1032.0,2,katsudon421
87,16455309,三枝木貴浩,"2026-06-30 03:59:58",1031.7,2,necokaiden
88,16389230,"Xenon Soh","2026-06-21 07:03:06",1030.1,2,xenonsoh
89,16373268,"Yoshiki Okayama","2026-06-28 07:19:43",1029.9,2,yoshikiokayama
90,16434663,"Iwa Iwa","2026-07-02 07:29:10",1029.6,2,iwaiwa
91,16378592,k66,"2026-06-30 14:27:04",1029.3,2,k66ninja
92,16392733,"Myckel Uribe","2026-07-02 15:39:28",1028.8,2,myckeluribe
93,16397600,dddmd,"2026-07-02 04:52:22",1028.3,2,dddmdd
94,16385025,NukoNiko15,"2026-07-02 13:13:09",1028.0,2,nukoniko15
95,16427687,"Adam Radziwanowski","2026-07-02 13:35:45",1027.6,2,adamradziwanowski
96,16371549,"Kunal Aarse","2026-06-30 11:43:55",1026.8,2,kunalinfinite
97,16372993,【ＡＩと共に、ＡＩと戦う】tubotu,"2026-07-02 01:14:52",1026.4,2,tubotu
98,16387569,GoodMorning,"2026-06-26 14:39:02",1026.4,2,zhaochenhao2003
99,16382749,tomatomato,"2026-06-21 10:04:15",1025.8,2,masamikobayashi
100,16391545,"MERO TOKI","2026-07-02 00:39:49",1025.3,2,merotoki
101,16372029,Jack,"2026-06-27 14:29:24",1025.2,2,jackvd
102,16381156,taiki,"2026-06-18 11:51:54",1023.7,2,taiki95
103,16371783,"Takaaki Matsuda","2026-07-02 05:49:25",1023.5,2,matsudatakaaki
104,16385751,neuro168,"2026-07-02 13:36:05",1022.6,2,lordmc
105,16389765,みがわり,"2026-06-30 02:33:49",1022.1,2,siruru2007
106,16418377,MR.h,"2026-07-02 08:39:58",1021.9,2,hyh273279
107,16371340,e-toppo,"2026-07-01 14:48:35",1019.3,2,masatomatsui
108,16394906,KentoHako,"2026-07-02 00:25:24",1019.0,2,"kentohako,ypar0329"
109,16421871,hotpotbro,"2026-07-02 08:53:24",1018.7,2,hotpotbro
110,16385080,"Michael Long","2026-06-29 16:47:27",1018.0,2,mikelong
111,16376223,電気通信ポケモン大学,"2026-07-02 09:33:41",1017.2,2,"ncookie0123,reonishida,sashiyatakeguchi,sh1n1230,yuki67"
112,16421541,github/shepsci/kaggle-skill,"2026-07-02 03:10:26",1016.8,2,shepscientific
113,16443196,"Changyuan Chen","2026-07-02 06:37:39",1016.4,2,changyuanchenmit
114,16418966,eurusoo,"2026-06-28 07:07:40",1016.2,2,eurusoo
115,16378106,CMK,"2026-07-02 14:13:27",1014.6,2,"calvinsan123,linnkhantcho,m2km2k"
116,16413763,"Furkan Pirinc","2026-07-01 06:14:51",1013.6,2,fpirinc
117,16390728,"Kazama Yusuke","2026-07-02 13:59:37",1011.1,2,kazamayusuke
118,16382673,pompom555,"2026-07-02 12:16:13",1010.8,2,pompom555
119,16374885,"Bocchieri Alberto","2026-07-02 14:48:51",1010.6,2,bocchierialberto
120,16375282,"david valor","2026-06-29 17:05:42",1010.5,2,davidvalor
121,16399143,大野ユウラ,"2026-06-28 01:31:29",1010.3,2,aurora4869
122,16383107,CardPilotLab,"2026-07-02 13:48:51",1009.7,2,EldieEnfiel
123,16388921,Hexylab,"2026-07-02 07:14:03",1009.7,2,hexylab
124,16402961,PokéPoké,"2026-06-30 19:08:37",1009.4,2,"marwanashref,shiru2"
125,16379820,"Soichiro Kuribayashi","2026-06-29 12:02:54",1009.4,2,soichirokuribayashi
126,16385442,ShiumAI,"2026-07-02 12:13:41",1008.5,2,ito428
127,16374763,"Ryo Ochi","2026-06-26 16:24:41",1008.3,2,ryoochi
128,16381874,Blacklions.,"2026-06-29 08:44:16",1008.0,2,blacklions
129,16381262,takumina,"2026-06-23 07:20:11",1007.9,2,takuminakamatsu
130,16446694,JosephMontana,"2026-07-01 06:38:33",1007.5,2,josephmontana
131,16371609,"Team Rocket","2026-06-28 10:26:43",1007.4,2,"drriddles,fufufukakaka,yamiko835"
132,16373842,"Anirudh K","2026-07-01 03:46:51",1007.2,2,anirudhk
133,16381063,aca-ta,"2026-06-23 00:08:10",1007.1,2,seljydef
134,16371624,yiyu0716,"2026-07-01 12:23:40",1006.6,2,yiyu0716
135,16402694,"TOMOYA Tsunakawa","2026-06-21 06:06:28",1005.7,2,tomoyatsunakawa
136,16381517,tomato414941,"2026-07-02 14:17:57",1005.4,2,tomato414941
137,16439862,tadhase,"2026-07-02 12:06:10",1003.6,2,tadhase
138,16432462,"ne Artem Savchenko","2026-06-26 14:20:43",1002.1,2,neartemsavchenko
139,16384958,DaJimmy,"2026-06-30 20:08:56",1001.7,2,dajimmy
140,16395277,Xunden,"2026-06-30 06:20:56",1001.3,2,xunden
141,16413128,Dicer992,"2026-07-01 05:50:11",1000.8,2,dicer992
142,16374074,"Octavi Grau","2026-07-01 09:45:03",1000.7,2,octaviograu
143,16376297,Rojiomote,"2026-07-02 14:50:42",999.8,2,rojiomote
144,16404314,bonsai,"2026-06-29 21:10:57",998.9,2,aerospacio
145,16376061,Shoto,"2026-07-01 11:28:34",998.1,2,bloodymonday
146,16372986,monsaraida,"2026-07-01 15:26:17",997.9,1,monsaraida
147,16381360,1++++++++,"2026-06-25 23:00:12",997.8,2,datathinker1
148,16411727,TBBJason,"2026-06-24 17:26:57",997.6,1,tbbjason
149,16405152,"Ketchum Alt","2026-07-02 06:35:40",997.1,2,tientrum
150,16379593,"Mathurin Ache","2026-07-02 15:59:33",996.6,2,mathurinache
151,16448124,"Daniel Casellas","2026-07-01 21:36:33",995.9,2,danielcasellas
152,16400220,kurota0612,"2026-06-30 21:42:12",995.3,2,yuichit
153,16386888,"Bektursyn Shaimerden","2026-07-01 03:47:23",995.2,2,bektursyn
154,16399106,ei8171,"2026-06-29 01:48:50",995.0,2,ei8171
155,16419163,Xander,"2026-07-02 09:07:35",994.7,2,canqiang
156,16376869,lingyu07,"2026-06-30 01:57:25",994.4,2,lingyu07
157,16397932,kemurayama,"2026-07-02 15:31:31",994.3,2,yoshiomura
158,16406101,"Ryosei Kojima","2026-06-22 10:23:01",993.4,2,ryoseikojima
159,16420923,lingyundev,"2026-06-28 10:13:27",993.4,2,lingyundev
160,16374194,"GO HIROSHIMA 2","2026-06-29 09:07:56",992.6,2,gohiroshima2
161,16444868,Soma,"2026-07-02 11:11:22",992.2,2,s0umaaa
162,16376649,ysakuragi,"2026-06-23 12:55:06",992.2,2,ysakuragi
163,16421075,teetru,"2026-06-30 16:03:50",992.2,2,teetru
164,16440616,"Ramesh Arvind","2026-06-28 03:26:08",991.3,2,rameshln
165,16391123,Iliamna,"2026-07-02 13:00:49",991.3,2,"decotoj,zack873"
166,16375384,"Alfonso Sánchez","2026-07-02 08:52:53",991.2,2,alfonso1799
167,16389099,puraza,"2026-07-02 15:35:45",991.0,2,puraza
168,16379715,"Ryosei T","2026-07-02 05:54:36",991.0,2,ryoseit
169,16372588,noikaret,"2026-06-26 18:48:23",990.7,2,noikaret
170,16371326,J.Moriuchi,"2026-06-30 05:02:11",990.1,2,hesoponyo
171,16378655,tokawa2997,"2026-06-30 23:19:24",990.0,2,tokawa2997
172,16393651,kyoumonemui,"2026-06-28 03:45:56",990.0,2,kyoumonemui
173,16375800,tetsu2131,"2026-06-30 04:27:53",989.3,2,tetsutani
174,16378076,mogura2.0,"2026-07-01 07:34:38",989.1,2,mogura20
175,16372457,colt,"2026-06-30 00:40:39",988.7,2,xiaomaguo
176,16380615,tellusium,"2026-07-02 08:33:56",988.7,2,tellusium
177,16383673,Banjo,"2026-07-02 06:27:50",988.5,2,banjtheman
178,16398218,"wao zhang","2026-07-01 03:22:56",988.5,2,waozhang
179,16432977,klog,"2026-06-27 13:43:05",988.3,2,mhrzmmhrzm
180,16398539,Hamachi,"2026-07-02 10:55:13",988.2,2,hamatz
181,16385170,SantaClaws,"2026-07-02 10:18:06",988.2,2,vovikdrg
182,16372903,"Emre Cirak","2026-07-01 07:43:35",988.0,2,biohack44
183,16372108,hatakazu93,"2026-06-30 00:42:34",987.8,2,hatakazu93
184,16380589,Pixegami,"2026-07-01 00:18:22",987.8,2,jackpx
185,16383136,mushikera,"2026-07-02 07:46:48",987.5,2,ys1005
186,16437553,YehJames,"2026-07-02 08:48:28",987.0,2,yehjames
187,16381859,kokatsu,"2026-06-28 04:05:53",986.9,2,kokatsu
188,16450813,dreamtear,"2026-06-29 11:22:40",986.9,1,mohanzeng
189,16380936,payanotty,"2026-07-02 15:19:21",985.9,2,"payanotty,tatsuokoshida,tyamujin"
190,16438175,KakuTakagawa,"2026-06-28 15:19:06",985.9,2,kakutakagawa
191,16406031,snowsapphire,"2026-06-29 13:17:41",985.7,2,snowsapphire
192,16382059,Fumi,"2026-06-28 05:03:08",985.6,2,cheersbeer
193,16425040,omoch1...?,"2026-07-02 06:40:55",985.4,2,agecom
194,16387915,tw_shin,"2026-07-02 11:56:33",985.4,2,zfrank7777
195,16431717,wsdsby,"2026-07-01 06:36:31",985.3,2,wsdsby
196,16372132,"Masahiro Nagasawa","2026-07-02 03:29:11",985.3,2,masahironagasawaa
197,16373942,sea8gull,"2026-07-02 13:37:48",985.2,2,sea8gull
198,16431972,ykhnkf,"2026-07-01 07:11:44",985.1,2,ykhnkf
199,16400870,victorvv,"2026-06-30 09:33:01",984.4,2,whs66666666666
200,16399641,進め！きぺお隊長,"2026-07-02 11:33:33",984.3,2,"kawasakiniko,kipeo22,minamimori,souakkk"
201,16428200,tsuvo,"2026-06-29 03:51:04",984.3,2,shotarootsubo
202,16413287,"Biel Escola Rodrigo","2026-06-30 06:51:20",984.1,2,bielescolarodrigo
203,16381422,"Yasuo 0/10/0","2026-06-28 06:37:00",983.9,2,tomoakikamijima
204,16382115,BluezLee,"2026-07-02 15:09:23",983.6,2,bluezlee
205,16392357,HiroyukiSasaki,"2026-07-02 05:06:02",983.0,2,hiroyukisasaki815
206,16374172,"Umair Zia","2026-07-01 16:03:31",982.6,2,stealthtechnologies
207,16391949,ばう,"2026-07-02 15:51:15",982.3,2,zenqkaggle
208,16382867,"Yuto Muroshima","2026-06-23 11:25:27",982.2,2,yutomuroshima
209,16404352,Oshbocker,"2026-07-02 04:48:45",981.7,2,oshbocker
210,16373523,SH11235,"2026-06-28 14:59:43",981.2,2,sh11235
211,16433241,Pikachu,"2026-06-30 18:13:53",981.1,2,anirudhkumaraheer
212,16382995,onechan1,"2026-06-17 15:57:54",980.9,1,onechan1
213,16377702,"Koki Funahashi","2026-07-02 11:18:15",980.7,2,funashi
214,16389796,gurene-do,"2026-07-01 07:02:22",980.6,2,gurenedo
215,16378672,yamamekko,"2026-06-23 05:52:44",980.5,2,yamamekko
216,16382451,Libra,"2026-07-01 13:55:27",980.4,2,libra2924
217,16376334,Janglish,"2026-06-30 03:24:22",980.2,2,janglish
218,16392629,Leundai,"2026-06-23 02:19:33",980.1,2,leundai
219,16376533,Kyo_s_s,"2026-06-17 02:45:37",979.8,1,"kyosss,yomi8802"
220,16459131,Ausrine,"2026-06-30 15:15:17",979.2,2,ausrine
221,16402445,"Soulemane ISSIFOU","2026-07-02 08:03:12",979.1,2,soulemaneisissifou
222,16445965,Hanliu0408,"2026-06-30 21:46:29",978.9,2,hanliu0408
223,16431773,barrybao123,"2026-07-02 11:05:10",978.5,2,barrybao123
224,16371434,Budew,"2026-07-02 15:48:20",978.5,2,nht1990
225,16436573,OOM,"2026-07-02 15:25:30",978.4,2,yigitkayali
226,16400682,Poshiri,"2026-07-01 06:59:51",978.3,2,poshiri
227,16376287,Wasabi,"2026-06-18 22:39:26",977.3,2,kqnadeorwasabi
228,16435269,Blu3s,"2026-06-30 19:18:01",977.2,2,atteincueo
229,16443122,motono0223,"2026-07-02 15:02:35",977.0,2,motono0223
230,16386182,Choruru,"2026-07-02 00:07:12",976.8,2,choruru
231,16439198,"Can Kural","2026-07-01 23:19:15",976.2,2,kamocan
232,16412933,"Hongbin Guokaggle","2026-07-02 09:39:57",976.1,2,hongbinguokaggle
233,16382773,magu,"2026-07-02 14:51:28",976.1,2,magu0914
234,16449423,Jiang,"2026-06-29 06:58:29",975.5,2,jiangh091
235,16374746,Yuzuki,"2026-06-18 15:09:47",975.4,2,yuzukiohya
236,16413672,nakayashiki697,"2026-06-29 01:52:02",975.0,2,nakayashiki697
237,16463095,"Masayuki Ueno","2026-07-02 11:03:22",974.9,2,agoringang
238,16395018,キーウィ,"2026-06-24 10:57:49",974.3,2,specialkiwi
239,16376154,niyo,"2026-07-02 09:28:38",973.6,2,yoshikiban
240,16408973,らすはる,"2026-07-02 07:52:25",973.5,2,yamashita
241,16375320,カントー地方マスター,"2026-07-02 12:49:33",973.3,2,"jjinho,ttyn4519"
242,16451196,"Kasasree Google","2026-07-02 12:21:09",973.1,2,kasasreegoogle
243,16411111,"Gotta catch 'em all","2026-06-23 20:52:40",972.8,2,mannanthakur
244,16378270,"Nithin maktha","2026-07-02 13:58:49",972.7,2,makthanithin
245,16448404,AnSuSu,"2026-07-02 16:01:17",972.3,2,tremorix
246,16380112,kenkoooo,"2026-07-02 04:07:27",971.8,2,kenkoooo
247,16388680,poppy457,"2026-06-20 07:17:50",971.6,2,poppy457
248,16460159,"Лукин Алексей","2026-07-01 14:35:12",971.4,2,lukinalexey
249,16405001,"airMac 778","2026-07-02 12:22:16",971.1,2,airmac778
250,16376982,Praxel,"2026-07-02 04:19:00",970.9,2,praxel
251,16375089,romthpt,"2026-07-02 13:16:42",970.7,2,"romthpt,thomashussenet"
252,16399212,Seiyo,"2026-06-28 19:16:59",970.6,2,seiyoo
253,16430550,Ant,"2026-07-02 15:24:22",970.2,2,anthonytrevino
254,16392389,ShinjiroKuroda,"2026-06-30 02:59:12",969.4,2,shinjirokuroda
255,16388315,如月メノウ,"2026-07-02 04:01:34",969.3,2,menoukisaragi
256,16383433,"Kun Zhang","2026-07-02 03:30:27",969.2,2,beicicc
257,16376337,"Sukjae Cho","2026-07-02 04:52:10",968.5,2,jandjenter
258,16388806,yue13,"2026-06-18 13:13:32",968.0,1,yue813
259,16397322,"Psychic Genesis","2026-07-02 02:34:04",968.0,2,"jefersoncollutte,magnusartero"
260,16393904,InkCartridge,"2026-07-02 09:30:06",967.5,2,inkcartridge
261,16388429,rinov321,"2026-07-01 15:42:44",967.5,2,rinov321
262,16373257,"ЧАРИЗАРД Я ВЫБИРАЮ ТЕБЯ","2026-07-01 12:05:24",967.0,2,"aristophanivan,johnjanson,makarrogovik,naladwepo,romantamrazov"
263,16384794,"suguuuuu & hiehie","2026-07-02 15:13:24",966.5,2,"hiromasadoi,sugupoko"
264,16371328,"Syed Saad Hasan Emad","2026-06-26 15:50:32",966.3,2,syedsaadhasanemad
265,16407812,АНАНАС,"2026-07-01 14:02:43",966.0,2,tickflag
266,16395861,Togo,"2026-06-29 10:04:26",965.9,2,"matsudai,togoiwasaki"
267,16381755,Morim,"2026-06-28 11:44:05",965.3,2,takeshimorimura
268,16375835,yoshimasak,"2026-06-23 13:51:51",965.1,1,yoshimasak
269,16372460,"Samyakraj Bayar","2026-07-01 04:26:01",965.0,2,samyakrajbayar
270,16433950,"Anhad Mahajan","2026-06-30 15:00:19",964.5,2,anhadmahajan06
271,16384871,Plamen,"2026-07-02 14:55:34",964.3,2,plamen06
272,16371945,conan1024hao,"2026-06-26 07:36:33",964.2,2,"conan1024,expertsplasher,wangliangji"
273,16375609,taka,"2026-06-21 22:34:55",963.7,2,takaakiishi
274,16396223,gibbonhugs,"2026-06-25 19:38:06",963.5,2,gibbonhugs
275,16424674,"Timmy Juicehouse","2026-07-02 00:31:43",963.2,2,sweetyheehee
276,16384384,RairoRapha,"2026-07-01 22:17:24",963.0,2,thetraveller
277,16382269,itsuki-data,"2026-07-02 10:13:51",962.3,2,itsuki89
278,16379464,APEC,"2026-06-25 03:00:42",962.3,2,"gonzaresuyamada,hayatomurata,hirotomiyadate,shintamorikawa,vibekaggler"
279,16376775,"TrustHub hiroingk","2026-06-18 08:20:23",961.7,2,hiroingk
280,16405495,DeeSaa,"2026-07-01 22:19:27",961.6,2,deesaa
281,16424875,"Changdao Chen","2026-07-01 07:41:26",961.1,2,ccdepsilon
282,16411102,ACoder,"2026-07-02 13:17:51",961.1,2,july7p
283,16375619,askamijo,"2026-07-02 00:20:26",961.1,2,askamijo
284,16379584,yaruwo,"2026-06-18 00:47:39",959.9,1,yaruwo
285,16375972,koucha,"2026-07-02 04:30:01",959.6,2,momotakaaoki
286,16372167,UBI=ISHI,"2026-07-02 13:53:38",959.3,2,"koseitakaki,tsukasa1111"
287,16394106,"Rajan Nagarajan","2026-07-01 15:25:21",958.8,2,narajan
288,16371678,ktm,"2026-07-02 11:23:15",958.6,2,tmhrkt
289,16380796,GarlicToday,"2026-07-02 14:36:27",958.1,2,garlictoday
290,16447394,GoodSmell,"2026-07-02 14:54:52",958.0,2,goodsmell
291,16387665,"Seikan Suzuki","2026-06-29 02:39:45",957.9,2,seikansuzuki
292,16407283,mgoto51004,"2026-07-02 15:18:29",957.8,2,mgoto51004
293,16386122,cimyzzz,"2026-06-29 01:13:54",957.6,2,cimyzzz
294,16376569,"Shunji Minode","2026-07-02 01:47:05",957.6,2,shunjiminode
295,16373713,Dakuma,"2026-06-19 07:38:54",956.7,2,"daiwakun,kumanotani,tenceiling"
296,16377090,ODers,"2026-06-29 11:14:14",956.6,2,"chengyuliou,jameshunggg,kekevin,tonypai"
297,16382234,"hpp sak","2026-07-01 16:25:28",956.5,2,hppsak
298,16372411,"Yoshimura Soichiro","2026-06-30 07:16:44",956.4,2,yoshimurasoichiro
299,16394732,"Akito Maruo","2026-06-20 04:10:53",956.0,2,akitomaruo
300,16374560,honjousetuna,"2026-07-02 07:42:22",955.7,2,honjousetuna
301,16427321,MaybeIcanShow,"2026-07-02 11:52:40",955.7,2,upczbw
302,16371940,ondy0705,"2026-06-28 15:28:52",955.6,2,"bluenero,metaru0812,ondy0705,romyroming"
303,16382090,tachyon_c2,"2026-07-01 10:08:58",955.3,2,tachyonc2
304,16422241,"Raihan Ramadistra","2026-06-30 13:35:54",954.9,2,raihanramadistra
305,16377588,uninc2000,"2026-06-21 10:04:57",954.4,2,uninc2000
306,16387499,"Sérgio Almeida","2026-06-27 14:38:21",954.1,2,serg1oa
307,16389945,koiwashi,"2026-06-23 07:39:43",954.1,2,koiwashi
308,16371690,osgggg,"2026-06-20 16:10:48",953.8,2,"dagtrionet,osgggg"
309,16380893,"Kimiaki Nakamura","2026-06-25 10:15:29",953.7,2,kimiakinakamura
310,16404397,Dasinu,"2026-07-01 00:24:56",953.5,2,"dasinu,tommywong962"
311,16376033,"Mega Layer eX","2026-07-01 02:53:26",952.9,6,"kuto0633,shimacos,skntbass"
312,16444208,"Akshay Punjabi","2026-07-02 11:09:11",952.8,2,theakshay
313,16431443,tmizm,"2026-06-26 06:25:13",952.5,2,takatsugutamaizumi
314,16451525,knomura03,"2026-07-02 07:24:16",952.4,2,knomura03
315,16385968,"Angus Chang","2026-07-01 04:50:13",952.1,2,andrew60909
316,16377894,Orin,"2026-07-02 13:41:08",951.9,2,neon279
317,16376162,showtree,"2026-07-02 07:54:19",951.6,2,showtree
318,16372647,monst_dama,"2026-06-17 01:15:10",950.9,2,monstdama
319,16384896,"Ryan Offstein","2026-06-28 17:06:22",950.7,2,ryanoffstein
320,16386193,ebisu_ya,"2026-07-02 15:46:45",950.5,2,ebisuya
321,16459757,naranja1223,"2026-06-30 14:18:54",950.4,3,"naoyafujishiro,naranja1223"
322,16377684,"Pilkwang Kim","2026-06-29 06:24:33",949.7,2,pilkwang
323,16448642,"인공저능연구소( Artificial Idiocy Lab )","2026-07-02 07:30:48",948.6,2,megayak
324,16397888,ra5anchor,"2026-06-29 12:29:40",948.4,1,junmitsui
325,16387881,konaito,"2026-07-02 10:38:44",948.3,2,konaito
326,16411944,sasanatu72,"2026-06-30 01:27:54",948.2,2,sasanatu72
327,16376729,"G Pokemon","2026-07-01 03:52:31",948.1,2,gboparai
328,16461923,Chellick,"2026-07-02 14:30:12",947.5,2,matweyisupov
329,16378036,Ingenio,"2026-06-28 11:33:22",946.5,2,ingenio
330,16389841,"iwata hiroki","2026-07-02 14:52:32",945.6,2,iwatahiroki
331,16412477,Yxy2001,"2026-07-01 15:24:16",945.1,2,yxy2001
332,16382190,nsytsqdtn,"2026-07-02 13:20:56",944.9,2,nsytsqdtn
333,16398756,suzume41,"2026-06-21 04:23:25",944.5,2,suzume41
334,16397939,"Joe Chapa","2026-07-02 00:49:03",944.1,2,joechapa
335,16395176,"Zhenyu Zhang","2026-07-02 12:42:03",943.4,2,"horizen12,yaoyuchen0925"
336,16377499,fujiborozoukin,"2026-07-02 13:24:10",943.3,2,fujiborozoukin
337,16419079,DataLover,"2026-07-02 12:27:30",943.1,2,paulknidler
338,16403812,Aditya,"2026-06-22 13:16:44",942.9,2,adphx13
339,16376478,matcha110,"2026-06-29 05:49:29",942.8,2,matcha110
340,16388677,"Mokuren Narisawa","2026-07-02 08:00:37",942.6,2,mokurennarisawa
341,16377801,shige,"2026-06-26 11:18:47",941.1,2,shigechan
342,16404901,codebeforework,"2026-07-02 12:25:52",941.1,2,codebeforework
343,16376118,bengle,"2026-07-02 02:57:45",941.0,2,bengle
344,16405672,D.Minami802,"2026-07-02 06:24:36",940.9,2,daikiminami802
345,16397598,HayatoFujihara,"2026-06-28 15:45:49",940.9,2,hayatofujihara
346,16386344,好吃的台灣拉麵,"2026-06-24 11:01:28",940.8,2,ramensoup5269
347,16390148,kenN2439,"2026-06-18 17:17:20",940.6,1,kenn2439
348,16420762,"Japanese Kaggle Newbie","2026-06-28 08:34:16",940.3,2,japaneseredpanda
349,16383238,disgruntled.coffee,"2026-07-02 09:30:27",940.2,2,dungdosg
350,16394550,TomBombadyl,"2026-06-28 12:13:28",939.8,2,tobin1dr
351,16382104,Robina,"2026-07-01 13:03:19",939.4,2,wyndomr
352,16418589,"tk #2","2026-07-02 09:10:23",939.3,2,tatsuokaniwa
353,16387890,"Masatoshi Henmi","2026-06-27 15:26:02",939.1,2,masatoshihenmi
354,16372449,"Big Deck Energy","2026-07-02 03:02:58",938.4,2,nihilisticneuralnet
355,16372196,PyJa,"2026-06-26 06:09:19",938.3,2,pixiux
356,16392570,sangmin7b,"2026-07-02 15:22:50",938.3,2,sangmin7b
357,16375704,Kazeneko,"2026-07-01 22:36:53",938.0,2,kazeneko77
358,16411029,rick,"2026-07-01 16:57:30",937.7,2,"rick0000,shikitorarr"
359,16381336,adakoda,"2026-06-26 14:11:42",937.7,2,adakoda
360,16386610,joicygiore,"2026-07-01 03:02:12",937.6,2,joicygiore
361,16411172,ML_Bear,"2026-07-02 11:16:11",937.5,2,naotaka1128
362,16382227,takusemba,"2026-06-26 04:26:14",937.4,2,takusembba
363,16386749,史永刚,"2026-06-30 00:26:22",937.2,2,shizehao
364,16382914,vibechu,"2026-07-01 23:16:04",937.1,2,"h4pzzz,santiagojumah"
365,16394658,"Cosmic Birefringence","2026-06-25 06:19:02",937.0,2,yutominami
366,16433332,"Amedeo Biolatti","2026-06-29 19:11:06",936.4,2,abiolatti
367,16381205,"Light Musing","2026-07-02 01:50:23",935.8,2,sunnyk92
368,16385296,"Javier Arturo Gutierrez Sanchez ","2026-06-28 23:14:00",935.7,2,javierarturogs
369,16395386,akiyamage,"2026-06-29 16:14:07",935.5,2,maurice49
370,16395686,"Clark Kitchen","2026-07-02 05:04:31",935.1,2,clarkkitchen
371,16412994,halup,"2026-06-26 10:01:54",934.7,2,tomoyagunji
372,16381007,"TTU Thome","2026-06-19 08:53:43",934.7,2,ttuthome
373,16372846,すーぱーひとで,"2026-07-02 01:54:37",934.5,2,dohidohitode
374,16384611,"Karolina Kafel","2026-06-26 12:41:04",934.3,2,tandaradie
375,16376803,Kelvin,"2026-06-21 03:08:50",934.2,2,xyzdivergence
376,16445366,渡邊征央,"2026-07-02 14:09:04",932.9,2,undertaker3409
377,16441800,astriarty,"2026-07-02 16:03:11",932.7,2,astriarty
378,16376861,keibrown,"2026-07-01 23:27:55",932.6,2,keibrown
379,16421017,skurita,"2026-07-02 05:27:03",932.1,2,skthtu
380,16389169,kuma_jp,"2026-07-02 02:21:33",931.8,2,kumajp
381,16442005,Ty-Yuki,"2026-06-28 12:38:35",931.4,2,tyyuki
382,16388778,"Team kuma","2026-06-24 17:47:04",930.9,2,iwanamishoya
383,16421586,RyuMizu,"2026-07-01 22:34:10",929.8,2,ryumizu
384,16372517,S4nkurero,"2026-07-02 14:50:07",929.8,2,sankurero
385,16373781,Hamu.py,"2026-06-23 07:40:48",929.4,2,hamupy
386,16376001,昊天宗乱披风九九归一,"2026-06-27 02:51:53",929.1,2,kagamikoakatsuki
387,16382849,水間,"2026-07-01 22:57:11",928.8,2,mijuuu
388,16462162,OzanM.,"2026-07-02 08:25:35",928.3,2,analyticaobscura
389,16413818,Team_Rocket,"2026-07-02 01:04:57",928.2,2,labft3231
390,16468088,"Calcite Valentin","2026-07-02 13:53:30",927.8,2,calcitevalentin
391,16386649,Magikarp,"2026-06-26 18:19:46",927.5,2,kulukkuluu
392,16374470,"Victor Gonzalez","2026-06-26 07:40:57",927.3,1,darkbitur
393,16444894,LowEffort,"2026-07-01 13:29:24",926.9,2,loweffort
394,16426843,InformaBook2,"2026-06-29 21:50:50",926.5,2,informabook2
395,16378981,"Atomu Naka","2026-06-28 18:55:02",926.1,2,atomunaka
396,16392412,hhku,"2026-06-19 07:37:19",925.9,2,hhkmcd
397,16417358,NoOne,"2026-07-02 15:50:48",925.6,2,allencaixy
398,16373720,MooDerEchte,"2026-07-02 09:40:46",925.3,2,davidralf
399,16411641,maxwell_ml,"2026-07-02 11:36:26",924.5,2,maxwellml
400,16375666,cam3ronc,"2026-06-28 08:29:28",924.1,2,cam3ronc
401,16374086,taopy2,"2026-06-28 13:59:00",923.6,2,taopy2
402,16439350,"Alexandru Tanasel","2026-06-29 20:06:38",923.0,2,tanasel
403,16440498,XIAODOUZI,"2026-07-01 20:32:37",923.0,2,xiaodouzi666
404,16404581,東京旅行,"2026-06-28 22:11:56",922.5,2,"divabhattacharya,suman2208"
405,16374391,"Brian Yong","2026-06-20 07:02:39",922.1,2,brianyong
406,16376710,"HIROYA KIKUCHI","2026-06-30 13:29:57",921.6,2,hiroyakikuchi
407,16379362,Orion,"2026-07-02 09:09:24",921.3,2,fastthanh78
408,16377362,Penguin,"2026-07-01 10:04:45",921.2,2,penguin069
409,16371723,RtoABC,"2026-07-01 15:47:12",921.1,2,"go5kuramubon,kaidomitsu,nmlibrary"
410,16425631,"qianbao hou","2026-06-29 04:59:37",920.7,2,qianbaohou
411,16389625,kurushun,"2026-07-01 15:27:56",919.9,2,kurushun
412,16393296,SkySell,"2026-06-23 07:36:00",919.8,2,shin1shiba
413,16378990,Bakuney,"2026-06-21 06:06:19",919.7,2,kunipoke
414,16430159,"Dmitry Volovikov","2026-07-01 08:37:59",919.7,2,dmitryvolovikov
415,16441274,Aib4,"2026-06-29 00:11:48",919.5,2,takumaaiba
416,16374400,"Matthew Huang","2026-06-29 02:42:36",918.3,2,matthewwh
417,16380661,MagicTrashBag,"2026-07-02 09:41:45",917.2,2,magictrashbag
418,16371920,today,"2026-07-02 13:07:32",916.9,2,today55
419,16387022,"Asa-sotta ","2026-06-30 20:24:34",916.9,2,asasotta
420,16376057,rotto,"2026-07-01 23:21:43",916.9,2,pirotototo4023
421,16414748,"Ryoga Naito","2026-06-24 13:49:23",916.9,1,ryoganaito
422,16385383,hatata,"2026-07-02 04:22:33",916.7,2,hatata3737
423,16445880,"kose maeno","2026-06-30 04:17:43",916.6,2,kosemaeno
424,16380808,festivallead,"2026-06-18 12:00:00",916.4,2,festivallead
425,16387130,CYLik,"2026-06-22 06:57:10",916.3,2,cylik93
426,16398826,"Kevin Ramirez","2026-06-24 20:49:59",916.1,2,alfarojo
427,16378381,RMatsugen,"2026-06-30 07:48:31",916.1,2,rmatsugen
428,16373448,yomogii,"2026-06-26 10:06:47",915.5,2,yomogii
429,16416886,YangAoTian,"2026-06-30 08:42:43",915.1,2,yangaotian
430,16430749,uesi,"2026-07-01 10:03:04",914.9,2,uemura687
431,16389247,shunkun_san,"2026-06-18 14:08:23",914.9,1,shunkunsan
432,16439716,"Koki _1231","2026-06-29 02:04:47",914.8,2,koki1231
433,16376309,Nomiyama　Yu,"2026-06-20 03:04:30",914.4,2,nomiyamayu
434,16373991,"Kamal Das","2026-07-02 06:21:55",914.0,2,kmldas
435,16380685,ShoDryu,"2026-06-26 20:43:01",913.0,2,shodryu
436,16401597,Benarg,"2026-07-01 09:28:03",912.4,2,benarg
437,16399924,"Empty Hand","2026-06-20 07:20:56",912.3,1,milanpeelman
438,16377830,"Otsuka Naotsugu","2026-07-01 09:40:07",912.3,2,otsukanaotsugu
439,16395606,suis101,"2026-06-19 16:23:36",912.2,1,suis101
440,16397943,AibePC,"2026-07-01 12:51:57",911.6,2,xsmaxpc
441,16386743,pinoko,"2026-06-19 11:53:27",911.6,2,shojimoriya
442,16389941,taka0808,"2026-07-02 02:58:54",911.5,2,taka0808
443,16412064,illunome,"2026-07-02 15:06:43",910.9,2,tergelmunkhbat
444,16398319,trail,"2026-06-24 14:57:10",910.9,2,jinkoga
445,16396009,YuyaSuzuki,"2026-07-02 15:48:18",910.8,2,yututapp
446,16385863,"genki toyama","2026-07-02 15:10:45",910.7,2,genkitoyama14
447,16384920,EF,"2026-06-22 06:01:22",909.8,2,ethanfast
448,16389299,"yomogi mochi","2026-06-28 21:45:00",909.7,2,akihiroshimamori
449,16378944,CoCoSh,"2026-07-02 13:07:35",909.5,2,cocosh
450,16375487,sakimyto,"2026-06-30 08:45:12",909.3,2,sakimyto
451,16376040,GluePickel,"2026-06-24 06:36:45",909.3,2,gluepickel
452,16435847,Yufeng,"2026-07-02 02:41:44",908.6,2,mxtennet
453,16374432,shg195,"2026-07-02 12:08:00",908.1,2,shg195
454,16446905,清水一希,"2026-07-02 05:36:23",908.0,2,kazukishimizu0427
455,16385017,キキ327(トウカ),"2026-06-19 09:05:58",908.0,2,kiki327
456,16408826,nakazu,"2026-07-02 03:17:45",907.9,2,nakazu
457,16380690,Ruko,"2026-07-02 13:41:06",907.8,2,chanholong
458,16402181,Kiratan,"2026-07-01 05:45:11",907.7,2,kirtag
459,16382731,impaja,"2026-06-21 09:40:47",907.5,2,impaja
460,16373951,Canon,"2026-07-02 08:04:03",907.4,2,sotakurihara1
461,16397074,Kujaomega,"2026-06-19 23:02:04",907.2,1,kujaomega
462,16372168,goonew,"2026-07-02 09:41:23",907.2,2,goonew
463,16386877,"[Deleted] b62b5e0a-0771-47bf-93b0-1d6d0c94542f","2026-06-29 02:05:29",906.7,2,del=60666b9afa732c84
464,16399122,habakan,"2026-06-24 09:22:58",906.2,2,kansukehabano
465,16410503,"Fran Milla","2026-06-29 18:08:37",905.7,2,franmillaab
466,16380628,taku_sid,"2026-07-02 09:10:24",905.6,2,takusid
467,16377175,kiyu,"2026-07-02 10:07:01",904.9,2,caimiac
468,16385250,matsurih,"2026-07-02 14:57:30",904.9,2,matsurihime
469,16394589,Pokemon001,"2026-07-02 10:04:22",904.5,2,"brunoescalhao,guilhermepedroso"
470,16378362,Tanupro,"2026-07-02 05:09:11",904.2,2,tanupro
471,16379289,wkonishi,"2026-07-02 03:56:36",903.8,2,wkonishi
472,16389538,(¬‿¬),"2026-07-02 15:48:32",903.2,2,abshafi2021
473,16405143,bgsszsa,"2026-06-23 13:12:42",903.2,2,bgsszsa
474,16466086,spacekkk,"2026-07-02 11:45:43",903.1,2,spacekkk
475,16384883,"Shoya Taguchi","2026-07-02 12:50:10",902.7,2,shoyataguchi
476,16375173,pztriatomic,"2026-07-02 16:01:59",902.6,2,pztriatomic
477,16425598,rmoooi,"2026-06-28 06:39:06",902.3,2,rmoooi
478,16371509,Ayodeji,"2026-07-02 07:16:25",902.2,2,ayodejiibrahimlateef
479,16393005,r0ki3day,"2026-06-19 10:24:47",902.1,2,r0ki3day
480,16461420,"Anvith Pothula","2026-07-02 02:46:10",902.0,2,anvithpothula
481,16377244,"pino 70122","2026-07-02 08:59:57",901.9,2,pino70122
482,16382539,"Katsuhito Muroi","2026-07-01 08:54:07",901.9,2,katsuhitomuroi
483,16391755,Toru59er,"2026-06-25 01:37:24",901.9,2,toru59er
484,16383909,"Alyce Miki","2026-06-23 09:03:50",901.6,2,alycemiki
485,16426716,sam_the_rice_cake,"2026-06-24 17:28:09",901.6,2,wliilamsam
486,16373276,"MS-05 ざこ","2026-06-26 02:18:26",901.4,2,royalacecat
487,16372361,foo_foo,"2026-07-02 15:12:31",901.2,2,kzkt0713
488,16381909,haiy_qq,"2026-07-01 12:23:34",901.0,2,haiyqq
489,16376257,"hiroyuki tahuma","2026-07-02 15:26:18",900.5,2,hiro094
490,16428718,zerotwo002,"2026-06-30 05:17:38",900.5,2,"unicorn526,wangmahua0301"
491,16374525,okg,"2026-06-30 10:45:20",899.9,2,okgggg
492,16375430,nanannan,"2026-07-02 14:10:48",899.8,2,minamiminami
493,16447284,Ye,"2026-06-28 15:57:30",899.7,2,gimgoon
494,16441606,"yq line","2026-07-01 17:38:31",897.7,2,yqline
495,16394373,Kinf11,"2026-06-28 06:17:48",897.7,2,kinf11
496,16371280,lolzpo,"2026-07-02 15:49:54",897.7,2,lolzpo
497,16376159,kotsuton,"2026-07-02 10:53:14",897.2,2,kotsuton
498,16393140,yasu,"2026-06-30 07:40:03",897.2,2,yasutakababa
499,16385034,monaou,"2026-06-30 06:54:06",897.0,1,monaou
500,16376655,"Takuto Nishimine","2026-06-22 14:04:27",896.7,2,takutonishimine
501,16392251,"dev yankawa","2026-06-28 16:51:32",896.6,2,devyankawa
502,16372445,ADS,"2026-07-02 09:40:48",896.4,2,hiro0920
503,16373068,shyGnome3,"2026-06-16 15:39:58",895.9,2,shygnome
504,16374458,"ZZZ gang ML clan team muxomor","2026-07-02 04:40:34",895.8,2,"egoregors,vladmazeev"
505,16411534,TGMATH,"2026-07-01 18:00:06",895.6,2,tgmath
506,16389234,lark1115,"2026-06-27 06:59:08",895.4,2,lark1115
507,16380730,hashimu,"2026-06-28 06:47:20",894.9,2,hashimu
508,16394084,s_a_ai_enginner,"2026-07-02 15:42:43",894.3,2,saaienginner
509,16460715,"Jett Huang","2026-07-02 14:25:25",894.1,2,jetthuang
510,16372267,Kendamarron,"2026-06-21 07:08:11",894.0,2,kazuhirokuriyama
511,16384819,shota,"2026-06-19 21:59:00",893.4,2,shotay
512,16392777,和田竜一,"2026-06-19 07:01:02",893.4,2,atrwada
513,16426854,MartinZiserman,"2026-06-26 00:43:57",893.0,2,zarmii
514,16455191,anngle,"2026-07-01 13:51:47",892.9,2,anngle
515,16380293,FOYSAL,"2026-07-01 05:17:25",892.9,2,foysalemonshanto
516,16380448,fumishiki,"2026-06-17 22:37:25",892.8,2,fumishiki
517,16399484,shu8Cream,"2026-06-28 05:59:23",892.6,2,shu8cream
518,16414130,"Team 阿頼耶識","2026-07-02 10:41:26",892.6,2,"gendaijin,shimky"
519,16376360,Hack2Publish,"2026-06-24 13:59:23",892.5,2,"hosen42,tarekrahman82"
520,16445101,pkchansanai,"2026-07-02 10:45:45",892.5,2,pkchansanai
521,16382170,kaliafluorido,"2026-06-22 17:09:41",892.3,2,kaliafluorido
522,16388754,zoira,"2026-07-02 14:00:50",891.6,2,zoira1513
523,16372553,A.T.,"2026-07-02 02:02:53",891.4,2,t6ccc2
524,16383215,holyholy,"2026-07-01 16:30:18",890.4,2,holy5contents
525,16381447,"Yukari Kotoha","2026-07-02 07:52:30",890.0,2,yukarikotoha
526,16377326,iruka4444,"2026-06-17 05:07:54",889.9,1,iruka4444
527,16408505,JZ,"2026-07-02 14:58:24",889.6,2,zhoujiachen
528,16376037,石sion,"2026-06-30 07:21:03",889.3,2,herat0034
529,16376518,Kyota,"2026-07-02 13:34:29",889.3,2,kyotaroizumi
530,16388060,TakazawaMasato,"2026-06-24 03:13:02",889.3,2,takazawamasato
531,16376876,"Masatoshi Hidaka","2026-07-02 11:19:14",889.0,2,masatoshihidaka
532,16425415,flaty,"2026-07-02 11:44:11",888.6,2,flat831
533,16384877,yuziri,"2026-06-29 00:03:34",888.5,2,yuziri
534,16374827,Kityyomu,"2026-06-24 20:55:36",888.5,2,kityyomu
535,16390096,datnt114,"2026-06-28 14:33:04",887.9,2,kingkong153
536,16388998,fp563yu,"2026-06-20 06:03:36",887.0,2,fp563yu
537,16385084,"Harigane Ippei","2026-06-25 10:12:47",887.0,2,hariganeippei
538,16371935,ZETADIVISION,"2026-07-02 08:58:51",887.0,2,"gya999,yadoyado"
539,16389304,K.Yoshida,"2026-07-01 13:54:02",886.4,2,kyoshida17
540,16375766,"Ten Uchikawa","2026-06-29 11:23:18",886.2,2,tenuchikawa
541,16406277,"Bianco Chiu","2026-06-25 13:35:40",886.0,1,biancochiu
542,16380192,tk,"2026-07-01 14:43:29",885.6,2,tanakar
543,16389093,"Pult Pounders ;)","2026-07-02 13:44:30",885.5,2,"jaredforsberg,williatay"
544,16444000,Sophie,"2026-06-30 11:32:53",885.5,2,morty3500
545,16408980,"Kakimoto Takahiro","2026-06-28 14:23:16",885.3,2,kakimototakahiro
546,16396460,Oniku,"2026-06-30 18:06:38",885.2,2,ryutaroueda
547,16371523,ポケポケマスター,"2026-07-02 10:44:12",885.1,2,isakatsuyoshi
548,16376802,Metamor,"2026-06-27 16:16:36",885.1,2,metamormc
549,16435285,"Benji Bromberg","2026-07-01 22:50:52",885.1,2,benjibromberg
550,16393544,そうめん,"2026-07-02 14:47:24",884.7,2,soumen2026
551,16382980,夯,"2026-06-25 08:30:16",884.7,2,superwmh
552,16371475,sitne,"2026-06-23 13:35:32",884.6,2,sitne40
553,16440497,BackFiring,"2026-06-28 14:55:40",884.4,2,backfiring
554,16374469,西松大祐,"2026-07-02 03:22:31",884.0,2,wep212
555,16389582,AGNT.gg,"2026-06-27 23:53:38",883.8,2,nathanwilbanks1
556,16385204,ひげだるま(inovie株式会社),"2026-07-01 10:02:06",883.7,2,inovie
557,16385268,sekken,"2026-06-22 11:19:31",883.5,1,marksix
558,16377066,俺達何え?チームcudgk,"2026-07-01 11:42:10",883.1,2,nipasama
559,16400977,dungeon-master,"2026-06-28 13:12:56",883.0,2,anonymousgod108
560,16379700,Skyscraver,"2026-06-17 10:52:56",882.5,1,jamesccc
561,16405181,YOKKO,"2026-06-25 11:02:17",882.4,2,yokkomystery
562,16385038,"Misaka Mikoto","2026-06-25 14:46:54",881.4,2,misakamikoto66
563,16401760,shiratama,"2026-07-02 12:41:28",881.4,2,dotshiratama
564,16372793,"Kazuyoshi SUZUKI","2026-06-16 14:29:00",881.0,2,kazuyoshisuzuki
565,16454198,wangyuou,"2026-07-02 11:41:58",881.0,2,wangyuou
566,16373843,okayu777,"2026-06-20 16:29:47",880.5,2,okayu777
567,16452464,失忆的海_,"2026-07-02 13:24:09",880.5,2,shiyidehai
568,16384377,"Benjamin Zhao3927","2026-06-20 12:20:53",880.2,2,benjaminzhao3927
569,16378344,yuki16,"2026-06-20 03:37:12",880.1,2,yuki16
570,16383280,ChillR,"2026-07-02 02:46:49",880.0,2,chillr
571,16373203,copasta,"2026-06-18 03:14:59",879.9,2,copasta
572,16405345,roiall,"2026-06-26 16:07:44",879.8,2,roiall
573,16382045,Mamo,"2026-06-17 14:11:49",879.7,1,oobashuto
574,16372186,ごんさくよねきち,"2026-07-02 14:47:35",879.7,2,gonsakuyonekiti
575,16417305,Teteapod,"2026-07-01 04:55:49",879.6,2,tetrapod
576,16382248,うつせぎ,"2026-06-17 14:52:29",879.6,2,utsusegi
577,16400084,Galza98,"2026-06-21 03:19:40",879.3,2,galza98
578,16405743,PokePoke-777,"2026-07-02 14:11:36",879.1,2,pokepoke777
579,16386204,panda__MB__maximus,"2026-06-19 07:53:11",879.0,1,tanishmohokar09
580,16411638,kosuke-shimizu,"2026-06-22 04:20:34",879.0,2,thimi0412
581,16405671,hamuhei,"2026-07-02 15:00:52",879.0,2,hamuhei4869
582,16375072,"[ODS] waniz","2026-06-25 13:08:14",879.0,2,wanizz
583,16395692,toiru1999,"2026-07-02 07:42:09",878.7,2,toiru1999
584,16380547,"Haramball forever!","2026-06-21 04:58:44",878.6,2,envyy23120093
585,16428379,chamboabi,"2026-07-02 15:46:47",878.2,2,"chamboabi,kevinkrank"
586,16371696,"Mathieu W","2026-06-23 20:25:38",878.0,2,mathieuw
587,16372343,sawasawasawa,"2026-07-01 23:24:38",878.0,2,yukisawamura
588,16395067,kenfuku,"2026-06-24 06:47:24",877.5,2,kenfuku
589,16374350,islet,"2026-06-19 06:59:46",877.3,2,kojimar
590,16394957,hideMonkey,"2026-07-02 09:15:03",877.2,2,hidemonkey
591,16371722,nasuo445,"2026-07-02 08:15:14",876.3,2,nasuo445
592,16393586,starclan,"2026-06-21 01:54:27",876.3,2,starclan
593,16384587,hikimay,"2026-06-29 01:29:17",876.2,2,hikimay
594,16375635,ktr,"2026-07-02 00:31:55",876.1,2,kcotton21
595,16375522,"Toshiki Shinju","2026-06-17 20:42:27",875.9,1,toshikishinju
596,16372971,richwomanbtc,"2026-06-24 00:03:19",875.9,2,richwomanbtc
597,16418623,"Yudai Ueno","2026-07-02 06:25:47",875.7,2,yudaiueno
598,16379108,あぴょぴょ,"2026-06-24 03:24:14",875.7,2,apyopyo
599,16394280,kglctf,"2026-06-26 20:06:13",875.3,2,kglctf
600,16408307,NoOneAhead,"2026-06-21 14:28:41",874.4,2,jerrlu
601,16388902,"Hikaru Umeyama","2026-07-02 15:28:22",873.9,2,umetaiyaki
602,16409476,jrubiosainz,"2026-06-29 07:15:51",873.8,2,jessrubiosainz
603,16385078,H.Ito,"2026-07-01 23:34:29",873.7,2,henriquetakahiroito
604,16377504,Luo,"2026-06-29 18:36:04",873.4,2,chaoqiluo7
605,16400618,"Made a Beautiful Bouquet","2026-06-23 15:38:55",873.2,2,zaiwubian
606,16388551,monicrew,"2026-07-01 11:07:42",873.1,2,"erikatakada,itaosan,kentatakeo"
607,16373379,"Mogja J","2026-07-01 04:39:09",872.5,2,mogjaj
608,16378735,PTCG_CN,"2026-06-22 09:18:57",872.4,2,"gostaryu,kawaiiselphine"
609,16399036,nattomaki,"2026-07-02 11:22:15",872.4,2,"nattomaki,yakiba"
610,16391190,keidroid,"2026-07-01 10:26:38",872.0,2,keidroid
611,16374059,nowan,"2026-06-18 10:55:38",871.6,2,anderswillardleo
612,16382499,sakama,"2026-06-23 09:48:56",870.9,2,sakama45
613,16376489,2-38.com,"2026-06-19 07:27:53",870.9,2,kandotrun
614,16381865,"Kazuhiro Masuyama","2026-07-02 11:03:48",870.9,2,kazuhiromasuyama
615,16382262,"Alessandro Campolo","2026-07-02 13:45:56",870.8,2,alessandrocampolo610
616,16394010,Naoshin,"2026-06-20 13:27:19",870.8,2,naoshin
617,16374742,"Gotta Prompt ’Em All","2026-07-02 13:55:45",870.5,2,mik123456
618,16388413,Fomo,"2026-07-02 13:25:57",870.3,2,ppxiaomo
619,16381864,"Jiachen Li","2026-06-25 09:00:09",870.3,2,llccqq624
620,16382318,junXD5,"2026-07-02 14:29:24",870.1,2,junxd5
621,16376997,denden12,"2026-07-02 14:19:15",869.4,2,denden12
622,16372176,"Quan Nguyen","2026-06-17 12:11:20",869.3,2,quannguyn12
623,16377639,"nick gault","2026-06-20 21:51:44",869.3,2,nicholasgg
624,16392590,"KINOKO MIURA","2026-06-20 02:59:01",869.2,2,kinokomiura
625,16428300,titanascended,"2026-07-01 10:37:38",869.2,2,itsyuvrajsharma
626,16388467,Michey0495,"2026-07-02 05:19:57",869.1,2,michey0495
627,16423927,Pichazu,"2026-06-24 12:56:06",869.0,2,pichazu
628,16432396,Ethereal49,"2026-06-30 16:21:51",868.6,2,ethereal49
629,16387832,salmon2nd,"2026-07-02 15:25:30",868.5,2,salmonjiro
630,16371734,ghostiee11,"2026-06-16 19:57:10",868.4,2,ghostiee11
631,16371465,"Charismatic Pizza Party🍕","2026-07-02 01:34:01",868.1,2,debugendless
632,16397268,"jarrett blumenschein","2026-06-27 16:28:06",867.9,2,jarrettblumenschein
633,16381745,datawizardd,"2026-06-28 06:01:31",867.9,2,jheung
634,16386438,ゆんぼぼ,"2026-06-19 01:48:02",867.8,1,yunboboo
635,16387015,KooDol,"2026-07-02 10:11:34",867.8,2,koodol
636,16397955,"kabu strongest legend","2026-07-01 09:58:15",867.8,2,"naksou,watarukawashima"
637,16392785,"Vishesh Banna","2026-06-30 12:58:12",867.6,2,visheshbanna
638,16406657,"Kana Yamaguchi","2026-06-23 02:46:25",867.2,2,kanayamaguchi
639,16449467,"Kapilraj R","2026-06-29 06:26:39",867.1,1,kapilrajr
640,16372335,"Baidalin Adilzhan [dsml.kz]","2026-07-01 15:13:29",866.6,2,baidalinadilzhan
641,16372036,LosiSt,"2026-06-29 03:53:11",866.4,2,losist
642,16378607,kunihiro,"2026-07-01 07:04:25",866.4,2,kunihiro
643,16420357,"Pratham Jain","2026-06-23 10:42:32",865.7,1,"aadigupta1601,kindasomethin"
644,16382352,FabienDaniel,"2026-06-23 19:34:39",865.6,1,fabiendaniel
645,16424396,PICNIC,"2026-07-02 09:50:48",865.4,2,picnicaday
646,16391624,Kan,"2026-06-21 09:56:31",865.2,2,teppeisakai
647,16372486,OBS$E$SED,"2026-06-25 12:33:50",865.1,2,fanhuaiyuan
648,16411858,"Sirui Zeng","2026-06-23 07:42:16",865.0,2,siruizeng
649,16384858,dolphin,"2026-06-22 04:40:18",865.0,2,jbradburn
650,16403777,shogo1229,"2026-06-24 14:21:05",864.5,2,sheqel
651,16471628,mitomeat823,"2026-07-02 12:32:41",864.3,2,mitomeat823
652,16379316,yumizu,"2026-07-01 13:11:43",864.3,2,yumizzzz
653,16372620,"Ankith Savio","2026-06-20 23:15:01",864.1,1,weedoo
654,16376773,hikarimaru,"2026-07-02 10:53:05",863.9,2,hikarimaru
655,16376937,"Jeki Wan Taufik","2026-06-26 14:04:37",863.6,2,jek1wantaufik
656,16412533,Exodia,"2026-06-30 17:12:49",863.1,2,"epicizy,linhphmgia"
657,16375449,"THE A TEAM","2026-06-18 15:50:37",863.0,2,stevefloresswwwq
658,16380981,IIDA,"2026-07-02 10:27:15",863.0,2,shunyaiida
659,16431061,SCU_12600883,"2026-06-26 08:20:25",862.9,2,mavenyechankim
660,16414549,"Misha Shikhov","2026-06-22 14:13:27",862.9,1,mishashikhov
661,16389997,"Two Stooges","2026-07-01 15:19:44",862.7,2,olivermerkleyking
662,16414753,"Yuya Fujiwara","2026-06-23 12:06:06",862.7,2,yuyafujiwara139
663,16423855,"Marek Nurzynski","2026-06-23 21:00:37",862.1,1,marek3000
664,16391315,"Teddy McBride","2026-06-22 02:00:37",861.8,2,tedcr100
665,16385654,Shachify,"2026-06-21 23:13:18",861.7,2,shachify
666,16374893,"Brian Altan","2026-06-25 07:50:26",861.7,2,brianaltan
667,16406623,keith,"2026-06-24 13:25:56",861.6,2,kamatt
668,16388992,Akamatsu,"2026-06-18 17:25:26",861.5,2,amaou44
669,16377215,Ajay_Rao_43,"2026-07-02 02:40:47",861.3,2,ajayrao43
670,16388849,tonghuicheng,"2026-06-27 04:47:15",861.2,2,tonghuicheng
671,16400551,"Jaisal K Jain","2026-06-22 06:39:48",861.1,2,jaisalkjain
672,16373934,graybackcat,"2026-07-02 11:20:15",861.0,2,graybackcat
673,16419060,ISSEI,"2026-07-01 23:47:45",860.8,2,iiss51keygen
674,16371294,automatylicza,"2026-06-16 12:17:16",860.8,2,automatylicza
675,16379262,"Naoki Osako","2026-06-18 09:43:04",860.7,2,naokiosako
676,16375276,XtraLearning,"2026-06-27 17:57:05",860.4,2,xcessivesmash
677,16387055,kt,"2026-06-19 16:09:58",860.4,2,kolife01
678,16417340,senseiphone,"2026-07-02 13:25:23",860.4,2,nagahamanil
679,16385225,ikeyu,"2026-07-02 06:33:22",860.1,2,yuheikoike
680,16375394,NOISEFALLACY,"2026-06-23 05:22:34",860.1,2,noisefallacy
681,16376245,tokimashita,"2026-07-01 13:54:58",859.9,2,"milkcoffeen,minaminamin,reokambayashi"
682,16443942,balikin,"2026-07-02 15:01:27",859.3,2,balikin
683,16394276,"Kaiya Kawata","2026-06-23 09:55:16",859.2,2,kaiyakawata
684,16381373,Fuzoku,"2026-06-23 02:45:25",859.1,2,"kento28,kobuyaki,musyokutoumei"
685,16378428,uta_ccc,"2026-06-20 20:13:00",859.0,2,utaccc
686,16394931,MichiFuna,"2026-07-02 13:52:21",858.8,2,michifuna
687,16374073,akmr,"2026-07-02 10:25:55",858.1,2,akimaru
688,16377439,pattikamo,"2026-06-23 06:07:20",858.0,2,pattikamo
689,16377655,Soraice,"2026-07-01 06:32:25",857.9,2,fsiceangel
690,16430694,"Reyhan Ksatria","2026-06-25 04:47:11",857.9,2,reyhanksatria
691,16373535,"yuji y","2026-06-20 04:31:50",857.9,2,yujiyyy
692,16441729,NekoChan-NekoChan,"2026-06-27 07:55:40",857.8,1,nekochannekochan
693,16431675,Syuta,"2026-06-29 02:47:00",857.4,2,nakamurasyuta
694,16375517,"Alberto Bonsanto","2026-07-02 04:34:58",857.1,2,bonsanto
695,16428903,Efthimios,"2026-06-29 16:12:10",857.1,2,efthimiosfousekis
696,16373761,mage03,"2026-06-17 23:08:06",856.7,2,mage03
697,16385593,n=1,"2026-06-23 16:13:29",856.6,2,photodoc
698,16382620,"Kazato Takahashi","2026-06-26 12:59:47",856.5,2,kazatotakahashi
699,16386110,"Jonathan Coletti","2026-06-24 03:31:29",856.5,2,jonathanncoletti
700,16372921,machapin,"2026-06-18 13:26:22",856.4,2,machapin
701,16371913,soraemon,"2026-06-28 12:57:37",856.1,2,soraemon
702,16420873,"Evily Evihut","2026-06-27 02:55:07",856.0,2,evilyevihut
703,16392761,kosian8128,"2026-06-24 05:00:26",856.0,2,kosian8128
704,16375987,quwon_000,"2026-06-30 18:31:49",856.0,2,quwon000
705,16377283,fttp,"2026-07-01 22:51:28",855.6,2,fukuitappei
706,16395460,"Ioannis M","2026-06-19 15:35:42",855.3,1,imeintanis
707,16420777,"masuo machidori","2026-06-29 09:46:52",855.1,2,masuomachidori
708,16424788,princehur,"2026-07-02 07:35:48",855.0,2,princehur
709,16402989,Handudu,"2026-06-20 15:31:06",854.8,2,handudu
710,16433879,infamemconculcemus,"2026-06-30 22:05:45",854.7,2,jcgweb
711,16373813,kambarakun,"2026-06-23 17:45:54",854.5,2,kambarakun
712,16383701,Phil_Hellmuth,"2026-07-01 23:42:06",854.3,2,"eliteballer1511,kbmaster1706,riyanpatil"
713,16436117,TOM@love,"2026-06-30 15:21:42",854.1,2,tomlvoe
714,16374516,persn,"2026-07-02 14:57:09",854.0,2,joeykerp
715,16380989,"Prema Ananda","2026-06-21 07:23:50",853.8,2,premaananda108
716,16377729,jeruman,"2026-07-02 11:13:34",853.7,2,jeruman
717,16388587,mouriman,"2026-07-02 06:36:44",853.6,2,mouriman
718,16398204,"Kaung Htet San","2026-06-24 05:38:29",853.5,2,kaunghtetsan275
719,16371898,platypus2000jp,"2026-06-18 03:02:44",853.4,2,platypus2000jp
720,16381213,Mojumbo,"2026-06-24 09:35:52",853.3,2,mojumbo
721,16373890,"sou yamaguchi","2026-07-02 08:29:26",852.9,2,souyamaguchi
722,16445578,tks,"2026-07-02 04:15:43",852.8,2,etks3141
723,16399437,"Masatoshi Taniguchi","2026-07-02 14:34:55",852.7,2,masatoshitaniguchi
724,16401215,mattsu2020,"2026-06-22 10:08:27",852.7,2,mattsu2020
725,16422410,"Vamshi Krishna Emmadi","2026-06-23 19:40:16",852.4,2,vamshikrishnaemmadi
726,16372554,"[RU] Nikita Kuznetsov","2026-06-19 15:06:15",851.9,2,nikitakuznetsof
727,16386872,titako0000,"2026-07-01 07:25:28",851.4,2,titako0000
728,16376345,"Xiaolei Lian","2026-06-30 06:16:09",851.3,2,xiaoleilian
729,16394697,Magikarp0916,"2026-06-20 11:10:18",851.3,2,magikarp0916
730,16377577,ryuki1101,"2026-07-02 10:05:00",851.1,2,ryuki1101
731,16437937,tenajima,"2026-07-02 13:14:50",851.1,2,tenajima
732,16372329,"Team D","2026-06-30 16:25:17",850.9,2,"ikedatsutom,kmy327"
733,16372062,Hiro0811,"2026-06-21 20:55:14",850.3,2,hiro0811
734,16445454,secchanu,"2026-07-02 11:59:53",850.3,2,secchanu
735,16426076,Alghital,"2026-06-25 07:50:37",850.2,2,alghital
736,16377116,"Team HAL","2026-06-25 00:42:23",850.0,2,familyhattori
737,16376743,Xstella,"2026-06-18 06:09:57",850.0,1,xstella
738,16389109,マクリル（マクリル）,"2026-06-18 15:58:08",849.9,2,mark0124
739,16382338,"Kers Aoyagi","2026-07-02 10:50:12",849.8,2,kersaoyagi
740,16378819,molmot,"2026-06-20 07:58:51",848.8,2,harukatoyoda
741,16405998,香村貴之,"2026-06-21 07:38:46",848.8,2,k19920120
742,16392333,ichigotosakura,"2026-06-19 10:33:02",848.7,2,ichigotosakura
743,16379941,"R. Yamada","2026-06-29 08:14:50",848.7,2,reijiyamada
744,16373415,"Pikachu, I choose you!","2026-07-02 06:47:23",848.4,2,"shoheiyoshimoto,shunsukesumi"
745,16470978,SK,"2026-07-02 07:57:30",848.1,2,rapisu0
746,16371979,"Natalia Jaśkowska","2026-06-25 13:38:45",848.1,2,nataliajakowska
747,16373571,"Starmie is all you need","2026-07-02 11:21:54",848.0,2,"kitano0104,kvinjp,ryyymy,soutacobura,yaarrow"
748,16413990,"Poké Bowl","2026-07-02 15:03:50",847.9,2,"harrishayy21,thomasmoody1"
749,16382833,Anemone,"2026-06-20 11:13:40",847.8,2,maple0u0
750,16373681,"Shota Hirao","2026-07-02 09:37:14",847.7,2,shotahirao
751,16379119,tantk7,"2026-07-02 08:01:26",847.2,2,tantk7
752,16390710,"Alberto Mocchi","2026-07-02 07:53:10",847.2,2,albertomocchi99
753,16390165,"LIn Lin","2026-06-25 09:26:36",847.1,2,"andyyou,linbao2001"
754,16379599,v0m0v,"2026-07-02 13:47:21",847.0,2,"maguchiya,rabbyrinth"
755,16382751,kutty1119,"2026-06-23 03:52:17",846.6,2,kutty1119
756,16381949,MakotoInomoto,"2026-07-02 15:19:26",846.5,2,makotoinomoto
757,16384331,sury,"2026-06-30 00:06:17",846.4,2,suryii
758,16436127,Pocha_chachacha,"2026-06-28 16:27:54",846.3,2,pocha0818
759,16397244,jskymfe,"2026-06-22 13:43:51",846.3,2,jskymfe
760,16382067,ベイズVMAX,"2026-07-02 05:50:10",846.3,2,syaron10
761,16375080,"Adrian Dubois","2026-06-16 21:58:44",846.1,1,adriandubois
762,16399701,Noir,"2026-07-02 13:18:29",845.9,2,nuitnoir
763,16386095,ryusei,"2026-07-02 14:21:25",845.7,2,bakugaryusei
764,16371758,"Abdul Wahab Khan","2026-07-02 04:54:17",845.5,2,abdulwahab2321
765,16404230,"Akhil Chinta","2026-07-02 14:33:48",845.4,2,akhilchinta1505
766,16371320,"(ノ◡ <)","2026-06-20 08:31:31",845.3,2,nawfeelrahman1124444
767,16392674,"Keita Yanome","2026-06-25 02:42:10",844.9,2,yanomekeita
768,16400562,Imamu,"2026-06-21 16:43:47",844.9,2,chizzm
769,16383503,Arceus,"2026-06-20 18:21:07",844.8,2,"dibyaprakash058,parimalkorada,uselessbruh"
770,16375424,Miguel-jp,"2026-07-02 00:19:22",844.6,2,migueljp
771,16394348,"Shirag Maharaj","2026-07-02 12:42:00",844.5,2,chaksquieto
772,16380444,menace369,"2026-06-30 00:58:13",844.1,2,menace369
773,16382426,shu,"2026-06-27 10:04:19",844.1,2,shumpeace
774,16385373,"Yuta Watanabe","2026-07-01 04:48:16",843.7,2,nkbkyumaru2303
775,16376384,YOYOPIpo,"2026-06-29 06:05:21",843.2,2,yoyopipo
776,16396406,"Yuki Suwa","2026-06-19 20:08:01",842.5,1,yukisuwa
777,16381114,松原柚月,"2026-06-21 02:37:11",842.4,2,diayudu26
778,16372782,"Jihua Ye","2026-07-02 09:24:06",842.4,2,"jihuaye,lucasliu06,ruoyihanwang,toolazyhhh123"
779,16377471,shiiin9,"2026-06-29 07:07:42",842.1,2,shiiin9
780,16380517,fufufufufuko,"2026-06-26 14:21:39",841.8,2,iiimas00
781,16378613,"pankit kumar","2026-06-22 08:42:34",841.8,2,pankitkumar
782,16394799,tetsuro731,"2026-06-28 09:48:58",841.8,2,tetsuro731
783,16376032,"win a real gold medal","2026-06-27 16:36:33",841.6,2,aizealotwu
784,16373867,tomoki225255,"2026-06-19 07:20:31",841.6,2,tomoki225255
785,16372435,"Uta U","2026-06-27 15:13:02",841.5,2,uta6692
786,16379818,TMMT,"2026-07-02 05:44:31",841.5,2,yukimatsumori
787,16442375,kkanayj,"2026-06-27 13:47:33",841.4,1,kkanayj
788,16375329,"Takuya Ando","2026-07-02 06:42:55",841.4,2,takuyaando11
789,16456332,"Juan Lavieri Goiri","2026-07-01 17:16:09",841.4,2,juanlavierigoiri
790,16374884,Funky,"2026-06-28 18:23:41",841.3,2,super13579
791,16393859,"Jesús Martín Fernández","2026-06-19 10:58:03",841.0,1,jessmartnfernndez
792,16392835,TeamSCSQ(チームスクスク),"2026-07-02 14:16:04",841.0,2,"hiroyukifuse,komage,kosukehibino,yobinoritakumi"
793,16377039,"Ricky Yuen","2026-06-30 19:22:59",840.8,2,yuenricky
794,16382518,Team,"2026-07-01 13:05:37",840.6,2,"conormacamhlaoibh,kenyeungtech"
795,16388923,y.shimada,"2026-06-18 23:15:06",840.6,2,shimaday
796,16382865,"Kazuki Shiraishi","2026-07-02 14:46:25",840.5,2,shirapon24
797,16393739,"Nguyễn Giáp","2026-06-20 09:37:09",840.1,2,nguyngip
798,16373348,dmiyabe,"2026-07-01 09:17:23",839.9,2,dmiyabe
799,16380442,"Tomonobu Niwa","2026-06-18 05:41:49",839.8,2,tomono
800,16373858,strayuru,"2026-06-18 12:23:02",839.5,2,strayuru
801,16473556,keiichi11,"2026-07-02 14:54:11",839.5,2,keiichi11
802,16381027,Yusukey12,"2026-06-25 18:48:08",839.4,2,yusukey12
803,16380465,tomworks,"2026-06-18 06:36:29",839.2,2,tomworks
804,16378268,atayanZ123,"2026-06-21 08:03:10",839.0,2,atayanz123
805,16372582,"Nur Srijan","2026-06-21 18:49:53",839.0,2,nursrijan
806,16376964,taiyoooo,"2026-06-23 03:21:45",838.8,2,"nezumil,taiyoooo"
807,16373351,"Andrew Harlen","2026-06-30 16:46:06",838.6,2,harlenka
808,16411695,xsong2020,"2026-06-22 03:45:09",838.4,1,xstargate
809,16424835,"Ming Fong","2026-06-24 03:02:33",838.3,1,evilpegasus
810,16459903,"Bisa 1","2026-06-30 19:19:59",838.1,2,carolinheidt
811,16429192,Reki,"2026-07-02 13:41:42",838.1,2,ruichardliu
812,16371937,"Ryuto Yoda","2026-06-24 04:15:12",837.9,2,ryutoyoda
813,16440629,"Albert Wang","2026-06-26 22:50:51",837.9,1,mianwang1024
814,16381250,masat,"2026-06-23 15:02:52",837.8,2,masatttt
815,16420157,"Yuu K","2026-07-02 11:31:16",837.6,2,yuuk9090
816,16385539,MoMy,"2026-06-20 15:42:55",837.6,2,ysasaki
817,16391426,suraki0120,"2026-07-02 14:58:41",837.3,2,suraki0120
818,16449303,stars_w,"2026-06-30 10:55:25",837.3,1,starsw
819,16403874,"Deeptanush Kapaka","2026-06-20 19:05:54",837.3,2,deeptanushk
820,16401999,kuritamar,"2026-07-02 15:23:03",837.2,2,kuritamar
821,16396501,"Fahim Faisal","2026-06-20 19:46:31",837.2,2,fah1mfa1sal
822,16375115,KenLatte,"2026-06-20 20:39:25",837.0,2,kenkudo
823,16373435,"Ben Desprets","2026-06-18 00:17:36",836.9,2,benjamindesprets
824,16379206,"qiao jinxia07","2026-07-01 22:09:14",836.8,2,qiaojinxia07
825,16377725,"Komil Parmar","2026-06-25 14:58:56",836.6,2,komilparmar
826,16395000,"tomo48""","2026-06-29 13:11:01",836.5,2,tomo48
827,16413536,BOOM,"2026-07-02 01:11:27",836.5,2,boomchenxy
828,16397524,jiatu.l,"2026-07-02 14:56:57",836.4,2,jiatul
829,16388156,We1chnon,"2026-06-23 13:00:15",836.4,2,we1chnon
830,16400727,mmwstudy,"2026-07-01 07:59:32",836.4,2,mmwstudy
831,16373470,charu,"2026-06-16 15:43:28",836.1,1,osamuikeda
832,16445124,"iwawawawa iwawa","2026-07-01 21:16:41",835.6,2,iwawawawaiwawa
833,16402482,"professor oak","2026-06-28 17:17:48",835.3,2,"rister101,stharundhatri"
834,16376002,suk1yak1,"2026-07-01 08:14:42",835.3,2,suk1yak1
835,16375790,"Matthew Potteiger","2026-06-17 00:55:21",835.3,1,matthewpotteiger
836,16380136,jongyoon,"2026-06-26 09:36:50",835.2,2,codebricks
837,16373297,"Ars Noveau","2026-07-02 13:15:02",835.1,2,"belati,nicholasarditirta,philbertmayer,vanitasss,winotohasyim"
838,16381024,kosumo77,"2026-06-18 05:20:37",835.1,1,kosumo77
839,16377120,"Boiled Nail","2026-07-02 12:06:34",834.9,2,"boilednail,toroihamokuba"
840,16377835,"Seok, Jeongeum","2026-07-02 11:00:20",834.8,2,seokjeongeum
841,16394818,Arrtaa,"2026-06-30 15:03:03",834.7,2,arrtaa
842,16378895,sieru-copan,"2026-06-23 02:02:50",834.5,2,sierucopan
843,16382098,TooaimiKa,"2026-06-17 13:49:41",834.3,1,tooaimika
844,16417391,"Alex G","2026-06-23 01:50:20",834.2,2,alexlozadag
845,16371755,yuki,"2026-07-02 08:34:36",834.2,2,yururoi
846,16376499,MPGaming,"2026-07-02 06:43:46",833.9,2,"mptjmm,okadahiroshi"
847,16381303,koki334,"2026-07-02 16:06:22",833.7,2,koki334
848,16436124,yimin0130O_O,"2026-06-29 17:42:47",833.7,2,yimin0130oo
849,16418232,"Masataka Sato","2026-06-24 03:02:09",833.6,2,masatakasato
850,16385287,"Junichi Saigou","2026-06-18 01:43:23",833.6,1,junichisaigou
851,16387714,mizu.ii,"2026-06-18 09:45:40",833.5,1,mizuii
852,16404193,"Shubham Choudhary","2026-06-21 09:31:16",833.0,2,shubhch32
853,16373049,tanako-,"2026-06-24 08:57:12",832.9,2,tanako
854,16375854,神～卍ぴくるすうどん卍～最強「ミラティブ配信中」,"2026-06-18 21:23:47",832.8,2,kominamiyoutube
855,16372994,Marron22246,"2026-06-19 09:40:19",832.8,2,marron22246
856,16376939,Unicorn,"2026-06-27 08:48:08",832.6,2,scutxuanyu
857,16410898,Humbletofu,"2026-06-27 00:46:15",832.6,2,humbletofu
858,16402915,leocrivels,"2026-06-26 12:56:30",832.4,2,leocrivels
859,16389250,Kurokawa,"2026-06-24 21:10:36",832.3,2,hiroshikurokawa
860,16413249,cherry_luvly,"2026-07-02 11:38:47",832.3,2,cherryluvly
861,16371963,Zejun_,"2026-06-28 16:59:33",832.2,1,zejunfool
862,16385007,otani_ai_memo,"2026-06-20 08:21:49",831.9,2,otaniaimemo
863,16372123,Takusato,"2026-06-19 17:47:11",831.8,2,shogoyamamoto16
864,16448987,"Yaoying Cai","2026-07-02 08:49:06",831.7,2,yaoyingcai
865,16391481,"Blake Mosley","2026-06-30 04:58:46",831.6,2,blakemosley
866,16393415,rsuet61,"2026-06-27 14:42:45",831.5,2,rsuet61
867,16374581,AM,"2026-06-17 21:03:00",831.2,2,adammekky
868,16385323,Y2Dex,"2026-06-29 09:24:19",831.0,2,christopherlortiz
869,16428079,MysMon,"2026-07-01 08:30:14",830.9,2,mysmon
870,16395810,Oddball45000,"2026-06-25 07:58:21",830.9,2,oddball45000
871,16372033,"Kazuhiro O","2026-06-19 12:41:53",830.9,1,kazuhiroo
872,16372521,john,"2026-06-30 08:29:04",830.9,2,jaejohn
873,16395897,YanXiaohan666,"2026-06-22 16:40:59",830.8,2,yanxiaohan666
874,16382937,難波彰史,"2026-06-18 14:03:47",830.5,2,s1300061
875,16386861,ayato_suzuki10,"2026-06-23 22:59:29",830.0,2,ayatosuzuki10
876,16390262,osugi-1,"2026-06-22 02:08:28",829.5,2,osugi1
877,16377415,"Sugano Yuta","2026-06-20 10:46:04",829.4,2,itokichi2000
878,16376576,"Manan Gupta","2026-07-02 14:06:00",829.1,2,obirdy
879,16376300,"Parth Raj Purohit","2026-06-21 08:35:37",829.1,2,parthrajpurohit
880,16430499,"Pokemon Catchers","2026-07-02 06:35:09",829.0,2,"hanifnoerrofiq,orkhansuleymanov11"
881,16380102,まーやん,"2026-06-19 12:37:10",828.6,2,m3588naa
882,16378118,WEcoS,"2026-07-02 15:45:04",828.5,2,aungkhainghtun
883,16388699,oct_path,"2026-06-22 20:31:14",828.1,2,octpath0302
884,16375493,"Roman Rozen","2026-06-28 19:52:41",827.5,2,romanrozen
885,16388260,"Sakito Horie","2026-07-02 15:14:20",827.4,2,sakitohorie
886,16375885,nishikawa,"2026-07-02 11:30:32",827.3,2,akiranishikawa0621
887,16402542,Ryos8515,"2026-06-29 13:08:22",827.2,2,ryos8515
888,16378249,GENGARDEV,"2026-06-22 00:52:52",827.0,2,gengardev
889,16393064,"Editor Jugnu AI","2026-07-02 06:55:51",827.0,2,editorjugnuai
890,16386761,kamonabe,"2026-06-22 17:37:38",826.9,1,kamonabeyy
891,16379106,COLD,"2026-06-20 05:33:42",826.7,2,maulikgajera
892,16426585,Genki,"2026-07-01 02:29:29",826.7,2,genkiwatanabe
893,16376395,"Alan Scott Encinas","2026-06-20 03:04:36",826.6,2,encinas88
894,16449156,"S RＴmeg7","2026-07-02 12:30:21",826.5,2,srmeg7
895,16389508,gagacrow,"2026-06-29 14:50:11",826.4,2,gagacrow
896,16375028,"Zero Mexico","2026-06-21 22:06:26",826.1,2,"shootzjmr,zeromexico,ztichna"
897,16381884,"Kazuya Hirose","2026-06-20 16:51:01",826.0,2,kazuyahirose
898,16372426,auaua159,"2026-07-02 15:41:11",825.9,2,auaua159
899,16460694,"Achal Jain","2026-07-01 19:05:22",825.9,1,achaljain232
900,16376866,Tang,"2026-06-28 01:45:10",825.8,2,hirotetsu
901,16383061,塩尻祐大,"2026-06-20 18:29:43",825.8,2,yudaivstar
902,16382710,魔法少女ノ魔女裁判,"2026-06-19 07:59:52",825.8,2,hayaseneruvt
903,16377610,prime,"2026-06-26 05:11:17",825.8,2,masaakitakane
904,16376500,eierapfelxx,"2026-06-20 10:14:43",825.7,2,eierapfelxx
905,16411175,たいたん,"2026-07-02 04:44:29",825.7,2,"foxtorch,peten234,titandayo,zenorhye"
906,16394705,AmiciDelPo,"2026-06-21 16:21:14",825.5,2,gabrielebeltramo
907,16378742,rian55,"2026-07-02 11:49:41",825.4,2,rian55
908,16388604,"Luck is not a strategy","2026-07-02 09:50:39",825.1,2,"austinhoasianboy,zxlai77"
909,16378091,prod1gy,"2026-06-22 05:12:39",825.0,2,"alexliang817,borealis27"
910,16384856,"illness fubuki","2026-07-02 03:02:58",825.0,2,morimorifubuki
911,16372595,"Yousef Turk","2026-06-21 13:04:49",824.8,2,yousefturk
912,16371792,"Shunsuke Kurita","2026-06-17 05:26:19",824.6,2,shunsukekurita
913,16392076,EmperorGodking,"2026-07-02 14:02:25",824.6,2,emperorgodking
914,16399359,kotakota1234,"2026-06-30 06:59:06",824.4,2,kotakota1234
915,16377757,kq5y,"2026-07-02 13:39:23",824.3,2,kq5yyy
916,16401576,t.eno,"2026-06-28 06:56:33",824.0,2,iinotomoki
917,16416672,SkiChu,"2026-07-02 01:58:23",823.9,2,richardmccrae
918,16417006,tennogh,"2026-06-22 22:40:38",823.7,1,tennogh
919,16393029,"Tzuchuan Yang","2026-06-19 13:00:24",823.3,1,tzuchuanyang
920,16387408,ko_kuramoto6,"2026-06-30 14:44:00",823.2,2,kokuramoto6
921,16375930,くりたんとたけちゃん,"2026-07-02 04:59:43",822.6,2,"highbrid,shaka21,takechang"
922,16382408,YusukeKatoPremium,"2026-06-22 13:03:39",821.9,1,yusukekatopremium
923,16384179,"shinichiro uno3","2026-06-19 00:15:46",821.8,2,shinichirouno3
924,16436580,IntelligentApe,"2026-07-02 08:50:24",821.8,2,"hazmannaim,mira97ge,yungsin"
925,16397394,Noppo,"2026-06-20 11:07:42",821.7,2,noppok
926,16383407,yoshi,"2026-06-27 20:27:37",821.7,2,yoshikisatoh
927,16380205,Bugis,"2026-06-20 16:20:28",821.5,2,haoyu36220
928,16374614,"Jose Coronel","2026-07-02 13:19:41",821.5,2,"carlosrodrguezparada,josecoronel"
929,16403359,"SK Arin","2026-06-22 03:14:28",821.4,2,skarin
930,16424532,zamami,"2026-06-30 07:51:39",821.3,2,zamami
931,16404846,Dmitriy,"2026-06-21 11:34:38",821.2,2,dmitriybty
932,16380114,RyuseiHiko,"2026-06-22 13:51:10",821.2,2,ryuseihiko
933,16377599,BRIJITH,"2026-06-19 13:57:27",821.1,2,bmp300706
934,16404909,"Edward Lue Chee Lip","2026-06-29 06:01:39",821.1,2,edwardluecheelip
935,16385615,sukesuke012,"2026-07-02 03:16:47",820.9,2,sukesuke012
936,16442679,"Lam Mo Kit ","2026-07-01 11:43:01",820.6,2,lammokit
937,16382643,"haruki nishio","2026-07-01 23:22:41",820.6,2,"harukinishio,kimihina666"
938,16372211,nigenight,"2026-07-02 15:48:32",820.5,2,nigenight
939,16375749,SO0529,"2026-07-01 12:00:25",820.5,2,sevenocean0208
940,16397070,can_cam,"2026-07-02 13:01:03",820.3,2,nougatatam
941,16395219,"takahiro k0bayashi","2026-06-21 06:51:23",820.2,2,takahirok0bayashi
942,16377790,NSK,"2026-06-25 03:59:31",820.1,2,nasuka
943,16404502,Davide,"2026-07-02 13:51:08",819.6,2,dcallega
944,16427363,"shunsuke,nashiki","2026-07-02 15:00:03",819.5,2,shunsukenashiki
945,16376943,seiya.n21,"2026-06-18 15:07:16",819.4,2,seiyan21
946,16401241,chy345,"2026-07-01 10:59:44",819.4,2,chy345
947,16391352,Shiva,"2026-06-18 22:07:55",819.3,1,shivasai77
948,16395265,"Mibbles' Lab","2026-07-02 04:17:18",819.1,2,mibbles
949,16397644,"Mao Nishino (mao1756)","2026-06-21 23:33:39",819.0,2,maonishinomao1756
950,16407647,VK,"2026-06-23 08:25:59",818.6,1,venkatkumar001
951,16447576,Yohanchen,"2026-06-30 02:35:18",818.5,2,yohanchen
952,16440525,"hamza khokhar890","2026-07-02 13:59:46",818.5,2,hamzakhokhar890
953,16464168,"Marko Rupnik","2026-07-02 11:12:27",818.0,2,markorupnik
954,16400126,kouki__k_4869,"2026-06-23 11:36:32",817.9,2,koukik4869
955,16379915,"SHUBHOJIT NASKAR","2026-06-17 09:27:15",817.9,2,shubhojitnaskar
956,16404956,msas111,"2026-06-21 13:09:42",817.9,2,msas111
957,16425970,"Nicolai Karcher","2026-06-26 20:42:21",817.7,2,pejophylo
958,16377948,"Naoki Maeda","2026-06-26 21:47:41",817.7,2,naokimaeda
959,16449837,ShadowCoder,"2026-06-29 07:41:16",817.5,1,fondrose
960,16401381,nkenji,"2026-06-20 11:19:32",817.5,2,kenjinakayamankenji
961,16391515,"Collin Christensen","2026-06-19 05:38:09",817.3,1,cchristens
962,16395945,suzuna0831,"2026-07-02 12:22:05",817.2,2,naohs01
963,16411511,hyonu0620,"2026-07-02 06:38:15",817.2,2,hyonu0620
964,16377088,syuuuuu,"2026-07-02 02:52:17",817.0,2,"qshiki,syuuuuukun"
965,16413375,"Shanmoshibo Heng","2026-06-25 01:22:16",816.7,2,shanmoshiboheng
966,16373856,shun_otoko,"2026-06-23 07:14:19",816.6,2,shunotoko
967,16405068,PNGN,"2026-06-21 02:35:17",816.5,2,milipngn
968,16473278,"Lior Toledano","2026-07-02 12:49:03",816.3,2,liortoledano
969,16427821,@🤞@,"2026-06-24 13:52:33",816.2,1,anglolodorf
970,16419757,"sidney niu","2026-06-25 08:28:19",816.2,2,sidneyniu
971,16449149,hoshippi,"2026-07-02 11:57:06",816.1,2,hoshippi
972,16375942,perrodawn,"2026-07-01 13:24:01",816.1,2,"perrodawn,rb25det,toranosukenoda"
973,16451511,濱津祐貴,"2026-06-30 13:06:58",815.6,1,hosikusa
974,16470093,One,"2026-07-02 11:34:28",815.4,2,moderantnoukoussi
975,16389168,bakata,"2026-06-19 16:34:15",815.3,2,bakata
976,16389980,yawara,"2026-06-19 02:23:23",815.0,2,yawara
977,16381754,M093.jp,"2026-06-19 15:17:53",814.7,2,m093jp
978,16373157,"Yuma Takeuchi","2026-06-21 17:35:44",814.4,2,yumatakeuchi
979,16419434,一石三頭,"2026-07-01 15:26:45",814.1,2,"ayumuuu,chomutraps,triceps"
980,16402154,"lxh unbound","2026-06-29 04:04:19",813.8,2,lxhunbound
981,16400159,RyoK,"2026-07-02 01:42:37",813.8,2,ryosukekurakami
982,16422356,y_nakai390,"2026-07-02 09:36:34",813.7,2,afmanyu
983,16374579,uuji-qvp,"2026-06-30 06:39:27",813.3,2,uujiqvp
984,16430210,IamDiganta.7,"2026-06-30 17:57:06",813.3,2,iamdiganta7
985,16417740,chuchumon0411,"2026-06-25 01:15:21",813.3,2,chuchumon0411
986,16436632,"wen murohy","2026-06-26 07:20:08",813.2,1,wenmurohy
987,16373187,"Hritik Arasu","2026-06-21 21:37:39",813.1,2,arashri20
988,16381477,"Shawn Sullen","2026-07-02 13:05:18",813.0,2,shawnsullen
989,16378975,"Jhu, Jhe-Yi","2026-06-17 08:17:05",812.8,1,jhujheyi
990,16373275,TY0912,"2026-07-02 11:21:19",812.7,2,samejimatink0
991,16447469,"Andrey Kulakov","2026-06-28 16:04:54",812.6,1,jex398
992,16390808,"THE TORQUE WRENCHES","2026-07-02 08:00:59",812.6,2,"akicolor,lutramasaki,mameta"
993,16403468,鈴木裕登,"2026-06-28 09:30:26",812.5,2,yuto0731
994,16382888,"Joey Mckee","2026-06-23 18:31:54",812.3,2,joeymckee
995,16403794,Larps,"2026-07-02 05:24:52",812.1,2,"nitinvijayapandi,safm1rza"
996,16376652,樹神,"2026-07-02 12:29:10",812.0,2,takanorikotama
997,16376157,nishiki,"2026-06-30 12:01:19",812.0,2,mnishiki
998,16394796,pp25,"2026-06-25 13:57:57",811.8,2,personal
999,16377385,kmizunoster,"2026-06-28 19:50:16",811.8,2,kmizunoster
1000,16384859,"japan nobu","2026-07-01 03:42:36",811.8,2,japannobu
1001,16400698,MarineYY,"2026-06-27 10:17:25",811.5,2,marineyy
1002,16392042,Ville,"2026-06-26 14:46:23",811.3,2,"kmp355,rayanshrestha"
1003,16375729,NangJP,"2026-06-30 16:27:01",810.9,2,nangjp
1004,16385515,"Shiro Sugawa","2026-06-18 05:55:24",810.8,1,shirosugawa
1005,16372325,Pokésonic,"2026-07-01 12:37:43",810.7,2,"kkalcove0511,sotakasai,sumo888,uentsz,yuyutech"
1006,16382138,"eiji noguchi","2026-06-23 05:58:02",810.3,2,eijinoguchi
1007,16428601,Birusupi,"2026-07-02 12:21:55",810.2,2,s3tnnyvpgr
1008,16397773,SuicuneGS,"2026-06-30 09:26:09",810.0,2,suicunegs
1009,16443591,TTKeHH,"2026-06-28 05:20:01",809.9,2,ttkehh
1010,16422428,Денис,"2026-06-27 06:11:54",809.7,2,dambek
1011,16372963,"Eruto Kondo","2026-07-02 03:15:45",809.6,2,erutokondo
1012,16442526,tai,"2026-06-27 10:19:30",809.5,1,nemutai64
1013,16415235,surugawannoebi,"2026-07-01 15:51:08",808.8,2,surugawannoebi
1014,16384608,XP3RiX,"2026-07-02 14:58:27",808.7,2,xp3rix
1015,16375535,Ryon,"2026-06-27 23:02:02",808.5,2,ryonzhang36
1016,16443367,URAD,"2026-07-01 16:39:34",808.5,2,uradkr
1017,16374302,Will,"2026-06-27 07:25:49",808.4,2,wguesdon
1018,16425934,theredbluepill,"2026-07-02 08:00:00",808.4,2,poonszesen
1019,16417811,小松崎　大世,"2026-07-01 08:17:20",808.1,2,shintaisei
1020,16373158,akr2428,"2026-07-01 07:32:07",807.9,2,akr2428
1021,16454463,"Jack Yeung","2026-06-29 01:45:32",807.9,2,"redoctopusk,youngjack123"
1022,16432932,"Haruto Koizumi","2026-06-30 06:47:24",807.5,2,harutok
1023,16382628,hiro_fumiko,"2026-06-18 08:33:36",807.4,2,tushiro
1024,16411998,"MIRAI LAB","2026-07-02 15:49:47",807.4,2,mirailab
1025,16411657,Borrun,"2026-06-22 03:36:58",807.3,1,borrun
1026,16412698,たけまる,"2026-07-02 04:37:34",807.3,2,otake1006
1027,16462384,"CHAEHYUN LIM2","2026-07-02 07:23:44",807.2,2,chaehyunlim2
1028,16376016,"Parker Morgan","2026-06-19 04:28:34",807.0,2,parkermorgan123
1029,16373836,Kuriboh,"2026-07-02 15:46:22",806.9,2,cauchyeix
1030,16413074,Poemcourt,"2026-06-22 08:40:31",806.8,1,poemcourt
1031,16385941,nakanoData,"2026-06-22 22:04:05",806.5,2,nakanodata
1032,16377358,yomi,"2026-06-30 23:29:40",806.5,2,ymiura
1033,16376420,MakiMakiAi,"2026-07-01 18:40:00",806.5,2,makimakiai
1034,16433927,Bennett_Y,"2026-06-30 04:24:03",806.2,2,bennetty
1035,16449291,四月一日,"2026-06-29 06:07:07",806.1,1,watanukiforkaggle
1036,16429512,"Cerys Jones","2026-06-25 05:18:19",806.1,2,cerysjonestcg
1037,16374973,"lopunny's lovers","2026-06-21 23:55:23",806.0,2,mob404
1038,16395468,nyanlinnmya,"2026-07-02 11:43:34",805.8,2,nyanlinnmya
1039,16463890,fanmili,"2026-07-02 07:46:20",805.8,2,fanmili
1040,16383513,cmoney,"2026-06-24 04:32:28",805.5,2,chrisspears
1041,16372988,ken4500,"2026-07-02 01:38:56",805.4,2,ken4500
1042,16382442,trickstar,"2026-07-01 03:35:38",805.3,2,trickstar
1043,16376293,"The Rocket Science","2026-07-01 15:16:50",805.0,2,"caryan,minnymouse,yutotkg"
1044,16411992,"Yiding Cui","2026-07-02 12:49:45",804.9,2,yidingcui
1045,16412229,Ni123456&,"2026-06-22 08:38:17",804.8,2,bingdongni
1046,16381506,tototo,"2026-07-01 12:08:39",804.0,2,t0tot0
1047,16443722,kkj333,"2026-07-02 05:55:39",804.0,2,kkj333
1048,16424365,easonyanyan,"2026-07-01 04:40:57",803.9,2,easonyanyan
1049,16385277,AEONcorridor,"2026-06-27 01:27:04",803.8,2,aeoncorridor
1050,16373114,"Junichiro Morita","2026-07-02 15:28:30",803.7,2,junichiromorita
1051,16378235,SuperNorman,"2026-06-25 02:46:34",803.2,2,supernorman
1052,16381577,suzutanuki,"2026-06-21 05:34:27",803.1,2,suzutanuki
1053,16393207,tf,"2026-06-26 15:07:18",803.1,2,tfukuhara
1054,16372261,rikakei_no_otaku,"2026-07-01 10:53:37",803.0,2,whitelily
1055,16385358,kura54,"2026-06-19 10:08:38",803.0,1,kurapuchi
1056,16375843,"Ben Malaga","2026-06-17 14:54:00",802.8,2,benmalaga
1057,16379897,Nouzen,"2026-07-02 01:18:52",802.7,2,shunya1135
1058,16380738,jalp,"2026-06-29 11:22:41",802.6,2,jpanvel
1059,16371976,"Been Seo","2026-06-17 23:14:56",802.6,2,beenseo
1060,16430457,kokomi,"2026-06-29 09:19:28",802.1,2,koukoumi
1061,16401848,Daksh_Malhotra_Kaggle,"2026-06-20 14:43:31",801.9,2,dakshmalhotrakaggle
1062,16386171,MEP,"2026-06-19 14:51:44",801.8,2,reishmnia
1063,16403589,blackseashark@gcvt,"2026-06-25 09:33:35",801.4,2,"aryansomanna,blackseasharkgcvt,trushti"
1064,16462677,"Nicola Li","2026-07-02 00:29:23",801.3,2,yuhaoli95
1065,16375780,CurveCowboy,"2026-06-22 10:19:56",801.1,2,curvecowboy
1066,16375377,Mymonaka,"2026-06-19 19:12:09",801.1,2,icemonaka
1067,16441162,"Iadh Jarray","2026-07-02 13:32:46",800.9,2,iadhjarray
1068,16372698,"Samuel Verneri Ojala","2026-06-16 18:40:33",800.7,2,samuelverneriojala
1069,16384218,AlphaMon,"2026-06-29 00:57:38",800.3,2,hobbisttech
1070,16379100,"So Mukaichi","2026-06-29 09:51:39",800.2,2,somukaichi
1071,16388753,"門司 匡広","2026-06-20 14:42:44",800.2,2,monjofight
1072,16394764,"Mountain peak","2026-06-30 14:08:47",800.1,2,moumouaa
1073,16372422,ei1333,"2026-07-02 11:31:04",799.9,2,"ei1333,gzlkg0,unosss"
1074,16388614,安藤駿介,"2026-07-02 06:07:00",799.8,2,andoshunsuke
1075,16375769,没落者,"2026-06-25 23:28:52",799.6,2,needless090
1076,16385646,BlueBuild4,"2026-07-01 13:13:14",799.6,2,bluebuild4
1077,16402080,Jules,"2026-07-01 11:48:47",799.5,2,julesvanligtenberg
1078,16431283,"Sergei Fironov","2026-07-02 14:07:36",799.4,2,sergeifironov
1079,16373583,"Pokemon Garı Gacıyo","2026-06-20 16:31:22",799.3,2,"ahmedberatozer,alperen5252525,baranakyldz,seyitkaangunes"
1080,16394395,l2658183739,"2026-07-01 00:17:29",799.1,2,l2658183739
1081,16435830,"Ra'uf Fauzan Rambe","2026-07-01 07:51:27",799.1,2,rauffauzanrambe
1082,16410794,szyulian,"2026-06-26 04:35:08",798.8,1,szyulian
1083,16421245,"Hiroshi U","2026-07-02 15:54:48",798.8,2,hiro0921
1084,16399116,"Brendan Gho","2026-07-02 15:39:34",798.7,2,brendangho
1085,16375546,\bleel00,"2026-07-01 14:35:57",798.7,2,bleel00
1086,16448569,Bowowen,"2026-07-02 05:15:24",798.7,2,bowowen
1087,16373541,실험용생쥐,"2026-07-02 05:15:52",798.4,2,picapicafe
1088,16408071,"Ricardo Nakadomari","2026-07-02 05:44:19",798.4,2,ricardonakadomari
1089,16469075,"Filip Strzałka","2026-07-02 15:59:02",798.3,2,snufkin77
1090,16392968,Syhhhhhhhhhhhh,"2026-06-25 11:22:46",798.2,2,syhhhhhhhhhhhh
1091,16371604,pham,"2026-06-19 08:07:24",798.1,2,phamworks
1092,16383440,primal,"2026-06-20 00:17:04",798.1,2,primalhost
1093,16394135,Abhi,"2026-06-23 10:37:47",798.1,2,zeroday19
1094,16395622,Shibungi,"2026-06-22 04:23:49",798.1,2,shibungi
1095,16387018,"Артём Свинобоев","2026-06-21 03:17:29",797.7,2,ssstelmah
1096,16386173,Hiroyasu123,"2026-06-28 23:59:41",797.4,2,hiroyasu123
1097,16385029,Help-Computa,"2026-07-01 23:03:16",797.3,2,"bstagner,ryanrude33"
1098,16392353,"Ryusei Nishide","2026-07-02 09:32:46",797.2,2,nishidedev
1099,16404743,tahi,"2026-06-26 10:33:28",797.0,2,tahisan
1100,16400975,Kristian,"2026-06-28 14:36:04",796.4,2,aldisued
1101,16409101,bokukaraijo,"2026-06-21 16:09:10",796.2,1,bokukaraijo
1102,16373284,ktyoku,"2026-06-17 18:47:50",796.2,2,ktyoku
1103,16382892,なるなる,"2026-06-18 16:49:53",796.0,2,suzunaru
1104,16393158,Takupon,"2026-06-20 14:36:32",795.9,2,takubro
1105,16375681,dnish,"2026-06-18 17:16:44",795.8,2,dnishio
1106,16373912,Shun,"2026-07-02 10:30:00",795.8,2,shunchan0677
1107,16380824,orikage,"2026-07-02 14:25:26",795.7,2,orikage
1108,16375519,"Klein Houmani","2026-07-02 06:14:35",795.5,2,kleinhoumani
1109,16434592,"Collatz conjecture","2026-07-02 15:17:20",795.5,2,testloc
1110,16385144,POPCORN,"2026-07-02 09:53:26",795.4,2,tkyysm
1111,16395832,"Beginner's luck","2026-06-19 16:44:36",795.3,2,"ruinnnnnn,sakurabamomiji"
1112,16404994,Shigeki,"2026-06-27 10:59:03",795.0,2,shigeki0920
1113,16373908,"Rin'z Uznir","2026-07-02 05:27:48",794.9,2,rinzuznir
1114,16401205,kmiya61212,"2026-06-21 11:23:26",794.7,2,kmiya61212
1115,16388144,"TAKUTO INOUE","2026-07-02 13:05:26",794.6,2,takutoinoue
1116,16382745,立て板に水,"2026-06-30 03:22:00",794.6,2,tateitamizu
1117,16424648,Dauthui,"2026-06-30 05:06:51",794.2,2,dauthui
1118,16374395,Majkel1337,"2026-06-29 14:17:18",794.1,2,majkel1337
1119,16384229,"Mitudru Dutta","2026-06-22 16:28:16",794.0,2,mitudru
1120,16432072,YuhiVT,"2026-06-27 13:27:44",794.0,1,yuhivt
1121,16380316,Konichiwa,"2026-07-02 13:41:10",793.9,2,"hamadataigen,yoshitakakumagae"
1122,16419093,ApoloVTGC,"2026-07-01 14:52:07",793.9,2,apolovtgc
1123,16391723,Satoluca,"2026-06-21 07:37:28",793.7,2,satoluca
1124,16373491,"hiroki ogata","2026-06-18 15:03:34",793.6,1,hirokiogata0825
1125,16372157,"mackerel is all you need","2026-06-30 17:56:40",793.6,2,"mackerel38,nikoro256"
1126,16389573,"Shu Kato","2026-06-18 17:21:00",793.4,2,"kamasho,shukato"
1127,16372743,tamakiken_OB,"2026-07-01 12:18:32",793.4,2,"fukuzawatakumi,shimonhori,versavice"
1128,16387084,Takuma_Tsuji,"2026-07-01 07:28:29",793.2,1,takumatsujigatai
1129,16378278,keitaro_nakashima,"2026-06-23 08:58:25",793.0,2,keitaronakashima
1130,16376488,Danny,"2026-07-02 04:09:59",792.9,2,dannybc
1131,16454909,RicardoLópez,"2026-07-02 13:24:54",792.6,2,richi2489
1132,16403668,Substitute99,"2026-07-02 12:41:22",792.4,2,"siontama,substitute99"
1133,16388524,あじゃる,"2026-07-02 03:26:25",792.2,2,ajaljal
1134,16371746,HIrora10,"2026-06-30 23:15:40",792.1,2,hirora10
1135,16387790,foooota,"2026-07-01 22:59:05",792.1,2,toshizodev
1136,16372243,3as6Bl,"2026-06-24 04:24:52",791.9,2,segusegu
1137,16387453,naoido,"2026-07-02 04:26:01",791.9,2,naoido
1138,16373012,Voyager,"2026-06-19 00:51:01",791.9,2,"dongukjung,kozistr"
1139,16434408,"Vavilkin Alexander","2026-06-30 20:05:24",791.9,1,vavalex
1140,16404687,FirstSS-Sub,"2026-07-02 15:57:50",791.6,2,firstsssub
1141,16376672,"Yuto Umehara","2026-06-24 02:48:58",791.3,2,yutoumehara
1142,16385904,"Kenst Ligu","2026-06-23 11:11:45",791.2,2,liguria228
1143,16435980,"Kanata Iriyama","2026-06-26 04:05:24",791.1,1,kanatairiyama
1144,16392356,shintaro2026,"2026-06-21 07:47:45",791.1,2,shintaro2026
1145,16386680,"Ilham Sadewa","2026-06-25 02:45:30",790.9,2,ilhamsadewa
1146,16403330,Hiyato,"2026-06-20 16:13:59",790.9,2,hiyato
1147,16388811,monisoi,"2026-06-18 14:30:51",790.6,2,monisoi
1148,16397254,"Jake Palanca","2026-06-28 02:32:13",790.5,2,jakepalanca1
1149,16371601,"Hayato AIDA","2026-06-22 15:23:18",790.5,2,h4eida
1150,16460855,"Philipp Thoss","2026-07-02 15:11:19",790.4,2,pjt222
1151,16408448,h_noson,"2026-07-01 13:28:58",790.2,2,hnoson
1152,16398805,macaron,"2026-06-26 09:33:56",790.2,2,hayatotech
1153,16391756,"MAKOTO MATUDA","2026-07-01 07:11:41",790.1,2,makotomatuda
1154,16414079,"Aman Sharma","2026-06-24 15:02:51",789.9,2,aman5153684
1155,16379345,0xWhalet,"2026-06-18 09:00:39",789.8,2,whalet
1156,16405045,"half pizza","2026-06-23 13:15:29",789.8,2,halfpizza
1157,16380828,フクフク,"2026-06-30 09:54:43",789.7,2,hukuhukuchandayo
1158,16381425,"Eli C. Lowry","2026-07-01 14:59:59",789.6,2,eliclowry
1159,16377518,"Jagannath Athmaraman","2026-06-18 00:59:17",789.3,2,jagannathathmaraman
1160,16377183,Codyzzzz,"2026-06-20 06:54:03",789.3,2,codyzzzz
1161,16425800,mk_,"2026-07-01 05:22:37",789.3,2,mk0414
1162,16376903,ImANoob1122,"2026-07-02 07:38:24",789.1,2,imanoob1122
1163,16389781,"TLM13 LABS","2026-06-22 20:52:25",789.1,2,accuratetlm13
1164,16454068,"Where is my orbit","2026-07-01 21:04:18",789.1,2,mikaelkerimov
1165,16417302,hbchao,"2026-06-23 00:48:14",789.1,1,hbchao
1166,16440711,Satokenize,"2026-07-02 04:28:54",789.1,2,satokenize
1167,16446266,"Ali Haydar Özdağ","2026-06-28 16:12:09",789.0,1,ahoirg
1168,16381869,"Xiangjiang Zhou","2026-06-19 09:06:31",788.9,2,xiangjiangzhou
1169,16380956,"taiga honda","2026-07-02 09:49:43",788.8,2,hondataiga
1170,16414196,Yam,"2026-06-23 06:15:20",788.7,1,minyam
1171,16388309,kokinnwakashuu,"2026-06-29 08:33:05",788.7,2,kokinnwakashuu
1172,16433861,deepika.ss,"2026-06-25 15:42:24",788.4,1,deepikass011
1173,16378484,"AKIYA NAKASATO","2026-06-17 22:09:53",788.0,2,akiyanakasato
1174,16397006,"Tys TANA","2026-06-27 12:10:45",787.7,2,tystana
1175,16414066,Guenoir,"2026-07-02 14:51:47",787.6,2,joshuamichael15
1176,16414174,tarako,"2026-06-23 09:19:48",787.4,2,haruto2001
1177,16376936,"Tak Jim","2026-06-17 13:07:21",787.3,2,tak3jim
1178,16388193,"Astandri K","2026-06-18 10:47:45",786.5,1,astandrik
1179,16377292,nogu,"2026-07-02 15:18:45",786.4,2,yutanoguchi
1180,16445005,"Sou Hano","2026-06-30 04:45:18",786.3,2,souhano
1181,16383777,maniginam,"2026-07-01 02:30:08",786.3,2,maniginam
1182,16372692,ojicat,"2026-07-02 11:26:59",786.0,2,"karacoro,ojisann,satoshiojs"
1183,16375434,OKDI,"2026-06-22 02:47:26",786.0,2,"kemo16858,ssk1217,toratako,yutoochi"
1184,16388334,nekokaeru,"2026-07-02 03:15:02",785.9,2,nekokaeru
1185,16375648,"Natsuki Kasubata","2026-06-23 00:00:51",785.5,2,natsukikasubata
1186,16418791,"kenta matsumoto","2026-06-30 04:20:13",785.5,2,genryu0210
1187,16381040,thunder_ftg,"2026-06-27 03:19:54",785.4,2,thunderftg
1188,16398334,pupipupi5,"2026-06-20 08:11:53",785.3,2,"asakatsutsui,tominarit"
1189,16375404,tktkyamyam,"2026-07-02 09:58:19",785.1,2,tktkyamyam
1190,16378873,Miniac,"2026-07-02 13:01:12",785.1,2,henrycai12
1191,16389040,Athar,"2026-06-21 06:28:22",784.8,2,kruuze
1192,16385790,Leocthl,"2026-06-20 15:27:21",784.8,2,"leocthl,marcus999"
1193,16384194,"Yohei Nakajima","2026-06-27 14:20:18",784.8,2,theyohei
1194,16379776,tochiri,"2026-06-18 14:32:17",784.7,1,tochiri
1195,16376129,田原,"2026-07-02 04:31:22",784.6,2,taharashouki
1196,16403464,Ontamasan85,"2026-06-20 16:46:49",784.5,1,ontamasan85
1197,16372551,テライFACC,"2026-07-02 13:15:29",784.4,2,keyholderterai
1198,16383501,"Tokiya Osuka","2026-07-02 15:08:07",784.4,2,tttocklll
1199,16373222,monzblog,"2026-07-02 14:30:29",784.1,2,monzblog
1200,16445642,momoon,"2026-06-30 15:22:17",783.8,2,nomuraryota
1201,16405739,Moricha27,"2026-07-02 04:49:29",783.3,2,moricha27
1202,16378188,midnq,"2026-06-20 18:39:56",783.3,2,midnqly
1203,16381261,hayle60,"2026-06-27 07:10:40",782.9,2,hayle60
1204,16386998,"Clawdia Sakamoto","2026-06-25 11:11:58",782.9,2,clawdiasakamoto
1205,16382678,"Felipe Garcia","2026-07-01 02:57:34",782.4,2,felipegarciaw
1206,16387153,Hahnter,"2026-07-02 10:37:19",782.3,2,zachhahn
1207,16385218,terassyi,"2026-07-02 03:58:37",782.2,2,terassyi
1208,16385242,Kana,"2026-06-24 03:22:54",782.2,2,kanarusugimoto
1209,16384916,"Du Dinh","2026-06-26 07:43:41",782.1,2,dudinh
1210,16381522,waticson,"2026-06-27 14:59:42",781.9,2,yutodennou
1211,16416135,"Aditya Sharma","2026-06-26 06:16:26",781.9,2,adityasharma01
1212,16371442,"Egor Tkachenko","2026-07-01 05:03:58",781.9,2,egortkachenko
1213,16378788,Ksterx,"2026-07-02 05:19:45",781.8,2,ksterx
1214,16380100,Bancho,"2026-06-17 09:46:29",781.7,1,harunaf
1215,16373161,"Night March","2026-06-22 10:26:15",781.6,2,"kkuroda2606,pachuru"
1216,16376347,shushu3,"2026-07-02 05:31:11",781.3,2,shushu3
1217,16385517,"Takamasa Muto","2026-06-18 06:57:19",781.3,2,takamasamuto
1218,16452699,Huangxiayiluo,"2026-07-02 07:09:19",781.1,2,huangxiayiluo
1219,16383163,yamato498,"2026-06-17 16:05:52",780.9,1,yamato498
1220,16387788,sukeke,"2026-07-02 15:56:01",780.8,2,sukeke
1221,16374710,Hiryu,"2026-06-27 12:55:39",780.8,2,kusurizuke
1222,16372664,S.Aoki,"2026-06-28 02:27:09",780.6,1,soyaoki
1223,16376419,VAAAANG,"2026-06-19 16:57:42",780.5,2,vaaaang
1224,16377544,srikalyan,"2026-07-02 15:54:17",780.3,2,srikalyan
1225,16375653,nobker,"2026-06-23 11:10:46",780.0,2,nobker
1226,16374441,"Finlay Anderson","2026-06-17 01:00:15",780.0,2,finlayanderson
1227,16389186,Ry_Sa,"2026-06-21 11:30:53",780.0,2,ryqsaq
1228,16375468,m333studio,"2026-06-30 06:38:09",780.0,2,kengomukai
1229,16388379,EPHEMORIA,"2026-06-19 17:56:12",779.8,2,ephemoria
1230,16373205,YAKIIMO3,"2026-06-29 09:30:27",779.7,2,yakiimo3
1231,16402947,"Thomas Cook","2026-07-02 12:35:52",779.5,2,curiouskoala
1232,16383204,StephenNedumpally,"2026-06-20 14:51:23",779.5,2,stephennedumpally
1233,16420919,"Masahiko Matsui","2026-07-02 09:51:12",779.5,2,mmatsui0515
1234,16411931,"Amon Suzuki","2026-06-22 08:02:11",779.5,2,amonsuxuki
1235,16380545,aki,"2026-07-02 15:27:09",779.1,2,akihiroogaya
1236,16396019,wmore8,"2026-07-01 10:28:01",779.1,2,wmore8
1237,16388607,"Rivals Duo","2026-07-01 16:41:39",779.0,2,"ccafioncool,jashsurendra"
1238,16399878,sol12378,"2026-07-02 00:16:15",778.9,2,sol12378
1239,16432704,永谷宏介,"2026-06-25 11:58:14",778.8,1,nkohsuke
1240,16380528,DeeperNet,"2026-06-18 13:47:45",778.8,2,deepernet
1241,16372987,fie_plachta,"2026-06-25 21:59:09",778.6,2,fieplachta
1242,16422267,"Stef Limited","2026-07-01 23:43:26",778.4,2,steflimited
1243,16377979,チーム魔剤,"2026-07-02 12:38:44",778.4,2,"kkubokawa,masugonn,momonaka"
1244,16424749,Saikawa_Yui,"2026-06-29 00:45:01",778.3,2,saikawayui
1245,16383912,Aphrodite,"2026-06-19 06:55:06",778.1,1,aphrodite874
1246,16379073,"Wisdom Dogah","2026-06-22 05:33:41",777.9,2,wisdomdogah
1247,16376735,"Riku Suzuki","2026-06-24 14:25:25",777.8,2,r1cky7
1248,16381675,"Amon Kizawa","2026-06-26 06:39:46",777.8,2,amonkizawa
1249,16383019,f,"2026-07-02 15:13:50",777.7,2,"dicenull,misakima,reu1011,sausukei,sirn913"
1250,16382526,高山龍馬,"2026-06-26 16:11:37",777.7,2,ryomaryoma777
1251,16377992,Tsukuru,"2026-06-29 08:08:03",777.7,2,tsukurukomai
1252,16388442,sugayuki_993,"2026-06-19 14:37:24",777.5,1,sugayuki993
1253,16373221,Ohnishiiii,"2026-06-26 07:54:32",777.5,2,keisukeonishi
1254,16416332,Ohashi,"2026-07-01 15:02:52",777.2,2,jumpeiohashi
1255,16379784,ima_AI123,"2026-07-02 12:49:32",777.0,2,imaai123
1256,16395413,cocosu3434,"2026-07-02 09:06:29",777.0,2,cocosu3434
1257,16438654,mayuki,"2026-07-01 13:07:15",776.8,2,mayukiokunomayuki
1258,16375502,Robotron,"2026-07-02 14:47:43",776.6,2,wyattmchalffey
1259,16421007,yshinok,"2026-07-02 11:33:00",776.5,2,yukishinohara0114
1260,16376107,Zscorpio,"2026-07-01 09:34:03",776.4,2,seayoung1112
1261,16372359,Star-mine,"2026-07-02 00:29:38",776.3,2,"jinkai01,peppernxt"
1262,16373375,denden,"2026-07-02 09:02:31",775.9,2,norichtorich
1263,16382055,kajitake,"2026-07-02 12:19:49",775.9,2,watarukajihara
1264,16472098,"Haixiang Xu","2026-07-02 09:57:27",775.6,1,haixiangalex
1265,16389103,"Neko #2","2026-07-02 13:45:02",775.3,2,ootake
1266,16473179,heliosli,"2026-07-02 12:45:49",775.0,1,heliosli
1267,16372899,"Lurk Shade","2026-07-02 14:04:51",775.0,2,lurkshade
1268,16401588,"zhang et al.","2026-06-29 22:02:17",774.9,2,"alancai27,mger10,stepheneshundanquah,thtennant,tomiwaakingbade"
1269,16385975,Dapp,"2026-07-01 11:29:27",774.9,2,lgloria
1270,16410496,r1ck.sync,"2026-06-21 20:08:14",774.6,1,r1cksync
1271,16452877,SaiDuttaAbhishekDash,"2026-07-01 13:47:13",774.6,2,saiduttaabhishekdash
1272,16382497,Fayche,"2026-07-01 00:08:30",774.3,2,fayche
1273,16378176,"hosaka kodai","2026-07-02 03:23:03",774.2,2,hosakakodai
1274,16410464,TG_Aetheryx,"2026-07-02 12:36:17",774.2,2,"ririan,subzerin"
1275,16441087,asahi,"2026-06-28 01:31:02",773.9,1,asahikgl
1276,16380639,Indianelephant,"2026-06-17 21:20:30",773.8,2,indianelephant
1277,16394479,"Jason Anderson","2026-07-02 13:04:04",773.7,2,jander6364
1278,16375478,Herrmannw,"2026-06-17 19:54:35",773.7,2,herrmannw
1279,16373344,mimi,"2026-07-02 15:38:30",773.6,2,minakikirato
1280,16382683,katsuya-pokeca,"2026-06-27 14:20:54",773.5,2,katsuyapokeca
1281,16371821,Hawk,"2026-07-02 12:33:43",773.5,2,"mashuk98,pokeca723,reo358,shoiizuka,vividrabbit0317"
1282,16385748,"Yichen Ao","2026-06-25 07:39:10",773.5,2,ragnarosfirelord
1283,16384139,"keito k4","2026-06-18 14:09:26",773.4,2,keitok4
1284,16400063,"Robo Games","2026-06-21 20:43:30",773.3,2,robogames
1285,16389755,Ryota1216,"2026-07-02 10:13:08",773.1,2,riyouta1216
1286,16381426,suruli,"2026-06-30 22:37:53",772.7,2,suruli0202
1287,16386820,tellurium_rrr,"2026-07-02 06:26:43",772.6,2,telluriumrrr
1288,16384882,"Cowboy P","2026-06-25 03:13:18",772.3,2,philipwallis
1289,16373076,gemelom,"2026-06-24 05:47:37",772.2,2,gemelom
1290,16417494,"Tommy Mancino","2026-07-02 13:05:57",772.0,2,tommymancino
1291,16373095,"Toshiki Tsuchiya","2026-06-22 16:25:34",771.8,2,toshikitsuchiya
1292,16373952,"Sol Rogers","2026-06-28 02:05:22",771.7,2,solrogers
1293,16379865,Abhyuday,"2026-07-02 10:17:15",771.6,2,abhyuday10
1294,16402617,bohemian3657,"2026-06-28 02:15:49",771.6,2,bohemian3657
1295,16392402,FJMT,"2026-06-29 00:19:33",771.2,2,masatoshifujimoto
1296,16400904,yuyutech(Genuine),"2026-06-29 17:12:55",771.0,2,yuyutechgenuine
1297,16421599,"Marshall Maximizer","2026-06-30 17:08:12",771.0,2,linkinpony
1298,16374211,"Ikki Katsuyama","2026-06-18 11:03:24",770.8,2,kacchanwriting
1299,16378759,Matsuda040708,"2026-06-17 07:19:38",770.7,1,matsuda040708
1300,16379668,"Hirotaka Sugawara","2026-06-30 14:32:47",770.5,2,hirotakasugawara
1301,16382516,"Eamonn Kashyap","2026-07-02 01:06:37",770.1,2,eamonnkashyap
1302,16433595,shadoxi,"2026-06-28 12:08:17",770.0,2,"hohohozzz,xhbsx24"
1303,16395911,sashimi0402,"2026-06-23 11:41:06",770.0,2,sashimi0402
1304,16442457,shu-piplup,"2026-06-30 04:21:32",769.9,2,shupiplup
1305,16376831,harappa,"2026-07-01 00:59:13",769.9,2,kazuki80
1306,16380918,tadashikato,"2026-06-26 00:26:03",769.8,2,tadashikato
1307,16382021,yamamon,"2026-06-25 23:57:38",769.7,2,yamamon
1308,16408188,Shuzo,"2026-06-22 23:42:59",769.7,2,shuzo66
1309,16380895,"Sota Uchiyama","2026-07-01 14:14:57",769.7,2,sotauchiyama
1310,16381188,SUN,"2026-06-23 17:20:57",769.6,2,taiyohosokawa
1311,16376111,venom,"2026-07-01 08:44:01",769.5,2,venomcreations
1312,16384833,dkyk,"2026-07-02 16:00:56",769.5,2,dannybk
1313,16395478,Gappy,"2026-07-02 15:12:42",769.3,2,takahirohigasa
1314,16384286,"S. B.","2026-06-21 06:18:30",769.2,2,aughra
1315,16388382,aigood,"2026-06-18 11:36:50",769.2,2,aigood
1316,16372740,SunaD0630,"2026-07-02 15:33:45",769.1,2,sunad0630
1317,16380990,"YUTO KOJIMA","2026-07-01 07:24:42",769.1,2,kojimatech
1318,16393925,shimejimeshi,"2026-07-02 11:48:35",768.6,2,shimejimeshi
1319,16425903,"Rintaro Moriwaki","2026-07-02 06:25:40",768.5,2,rintaromoriwaki
1320,16376085,y.saito,"2026-06-20 03:29:04",768.5,2,johntronik
1321,16376133,viss,"2026-06-27 03:49:46",768.2,2,vissdonn
1322,16374021,（かえる）,"2026-06-27 05:09:06",768.2,2,kaeru039
1323,16373683,ini,"2026-07-01 22:42:21",768.0,2,inui0702
1324,16414646,X.X,"2026-07-02 01:46:47",767.7,2,mikeintokyo
1325,16380674,Latte,"2026-07-02 12:50:11",767.7,2,taichiiiii
1326,16419887,shikibu9419,"2026-06-29 13:02:56",767.5,2,shikibu9419
1327,16381625,podenco,"2026-06-17 15:08:18",767.3,2,podenco
1328,16373896,SpeedSci,"2026-06-19 07:28:18",767.1,2,caoyupeng
1329,16372893,"Marcus Vinicius","2026-07-02 07:32:25",766.9,2,marcux777
1330,16418422,guohaowen,"2026-06-23 16:43:33",766.9,2,guohaowen1910
1331,16378696,Soshosai-Live!,"2026-07-01 10:08:19",766.5,2,"novice1248,sshow14,usami0611,yamazakiharuto"
1332,16386043,skorry,"2026-06-21 08:52:44",766.3,2,skorry
1333,16379314,"David Tan","2026-07-02 09:58:19",766.1,2,davidtangoogle
1334,16373910,nakashima723,"2026-06-21 06:39:31",766.1,2,nakashima723
1335,16406902,NeckBeard,"2026-06-28 01:20:05",766.1,2,akihiroorita
1336,16439860,やまちー,"2026-06-28 10:37:20",766.1,2,"kawaiiyamatyann,lmeet619"
1337,16408249,"Ryosuke SHIMIZU","2026-06-30 10:58:52",766.0,2,tttgazerttt
1338,16393945,razona,"2026-07-01 16:01:25",765.7,2,razonadesign
1339,16374974,Shiri,"2026-06-25 10:57:44",765.7,2,kennethbryan13
1340,16406338,amamori-041226,"2026-07-01 16:38:14",765.5,2,amamori041226
1341,16414465,pingtian,"2026-07-02 09:21:31",765.3,2,pingtianth
1342,16436284,mochikiichigo,"2026-06-30 16:07:46",765.1,2,mochikiichigo
1343,16373290,r_4vk,"2026-07-02 12:01:12",765.1,2,r4vk11235
1344,16385371,"Shoya Kurokawa","2026-06-19 22:17:31",765.0,2,shoyakurokawa
1345,16377739,"Anna Wood","2026-06-19 01:53:23",765.0,2,annawood1
1346,16376662,Ai_1asy0525,"2026-06-22 11:33:49",764.9,2,ai1asy0525
1347,16392278,nisimu197,"2026-06-19 16:07:15",764.8,2,nisimu197
1348,16372916,Ichigo_E,"2026-07-02 10:28:54",764.6,2,ichigoe
1349,16405091,"Jake L and Kevin L","2026-06-22 06:20:39",764.3,2,kevinleenyc
1350,16388670,kakuteki,"2026-06-21 15:22:48",764.1,2,kakuteki
1351,16389466,DevAIL,"2026-06-30 19:46:57",764.0,2,"omarpanda,oxigengames"
1352,16474082,ShoSugise,"2026-07-02 13:44:54",764.0,2,shosugise
1353,16377557,ポケカ前線,"2026-07-02 15:45:07",763.8,2,"keitookamoto,lemoninthelemonade,yuubinnkyoku"
1354,16388897,antimaterial,"2026-06-28 13:36:36",763.6,2,"antimaterial,taiya702"
1355,16374538,"Aaron Fletcher","2026-07-01 06:43:40",763.4,2,aaronfletcher
1356,16385200,"Sam Branham","2026-07-02 12:56:37",763.0,2,sambranham
1357,16447449,vkhydras,"2026-07-02 11:17:07",762.3,2,vickimar
1358,16371393,"Tahsin Arafat","2026-06-22 03:51:09",762.3,2,tahsinarafat
1359,16404091,OSZ8,"2026-06-22 03:28:52",762.3,2,oscarz8
1360,16430278,miyakokonbu,"2026-07-02 11:30:29",762.2,2,miyakokonbu
1361,16380888,"yato higa","2026-07-02 04:54:14",762.0,2,yatohiga
1362,16400854,"zumi zumi","2026-07-02 04:36:00",762.0,2,zumillion
1363,16387162,radozaprazny,"2026-07-01 06:36:59",761.9,2,radozaprazny
1364,16385763,moe,"2026-06-23 22:25:06",761.7,2,caramoe
1365,16402701,PandaBananas,"2026-07-02 15:51:42",761.5,2,kurtmooney
1366,16377675,"Darren Koh","2026-06-21 06:15:01",761.4,2,darrenkoh
1367,16402199,himatani,"2026-07-01 17:57:18",761.4,2,himatani
1368,16406057,"Amane Suzuki","2026-07-01 10:21:16",761.0,2,amaotone
1369,16381308,KollekTCG,"2026-06-23 12:27:00",760.4,2,"franckattaix,grssystems,nathangaltie"
1370,16405194,Kaileh57,"2026-07-02 06:52:48",760.4,2,kaileh57
1371,16399636,"Bozo Boys","2026-07-02 05:07:21",760.3,2,"gunnermartineau,habibmatar2"
1372,16410955,protoAgent,"2026-07-02 07:51:20",760.1,2,protolabsstudio
1373,16383299,Twil3akine,"2026-06-21 01:55:16",760.0,2,twileakine
1374,16389772,Capitaalgain,"2026-07-02 13:19:37",759.9,2,capitaalgain
1375,16388864,テツノバスタ,"2026-06-18 14:43:45",759.9,1,"ayaponzu2525,calcifer2525,himachine"
1376,16381488,sh1nduu,"2026-07-01 09:20:58",759.8,2,sh1nduu
1377,16385538,CyberGhost2077,"2026-07-01 19:59:22",759.7,2,cyberghost2077
1378,16381982,HOMEWORK_L,"2026-06-22 11:07:11",759.7,2,homeworkl
1379,16375312,"Anthony Ellis ","2026-06-19 00:42:51",759.6,2,chinoki346
1380,16395904,ruce015555,"2026-06-24 18:33:35",759.6,2,ruce015555
1381,16389883,srm463,"2026-07-01 13:01:08",759.0,2,srm463
1382,16465965,khj1222,"2026-07-02 05:21:27",759.0,2,khj1222
1383,16378002,"Battle Data Base","2026-07-02 15:32:12",759.0,2,battledatabase
1384,16388299,CodeAmansa,"2026-06-29 12:27:12",758.6,2,bcollazo
1385,16387582,majigori,"2026-07-02 02:30:14",758.6,2,majigori
1386,16381280,nao_370,"2026-06-21 06:16:02",758.4,2,nao370
1387,16382034,"Chua Zheng Wei Brian","2026-07-02 13:02:08",758.2,2,chuazhengweibrian
1388,16375840,わかくさコーン,"2026-06-21 01:13:47",758.2,2,kumakuratomoya
1389,16385629,taka548,"2026-06-18 02:41:06",758.2,1,taka548
1390,16416507,"Huttonion Inc","2026-06-23 18:30:24",758.2,2,huttonioninc
1391,16376460,"Takeshi Tanno","2026-06-27 16:41:05",758.1,2,takeshitanno
1392,16387389,DaiPh,"2026-07-02 09:22:07",757.9,2,"jumpingdaidai,phoebe0511"
1393,16377307,"Akifumi Okubo","2026-06-30 23:46:26",757.8,2,paracanthurus
1394,16372541,"Evex Developers","2026-07-01 07:14:04",757.8,2,"del=5942c8061baf72a5,edamamex"
1395,16375793,nyoomp,"2026-06-18 03:37:04",757.5,2,paul374
1396,16382341,E_96tree,"2026-07-01 04:54:49",757.1,2,e96tree
1397,16372378,Kuroneko,"2026-06-22 05:04:18",756.9,2,kuronekoryu
1398,16389803,nakkan_AI,"2026-07-02 12:52:39",756.8,2,nakkanai
1399,16419260,hoodrichpirobo,"2026-07-02 06:44:00",756.7,2,hoodrichpirobo
1400,16388862,"fabio rovai","2026-06-21 19:13:50",756.7,2,fabiorovai
1401,16374286,Shanghai,"2026-06-17 14:21:36",756.6,2,kaiyamurakami
1402,16386655,"One Turn Off Lethal","2026-07-01 10:21:20",756.5,1,jordanu107
1403,16391383,"Raymond Brunell","2026-06-28 20:17:03",756.4,2,raymondbrunell
1404,16381980,Shizk2205,"2026-06-20 10:09:21",756.4,2,shizk2205
1405,16383317,どんぐりん,"2026-07-02 13:56:59",756.3,2,"dongurin,soh2626"
1406,16380518,reika555,"2026-07-02 15:56:09",756.0,2,reika555
1407,16380018,"Sohshi Nakamura","2026-07-01 09:48:48",755.9,2,sohshinakamura
1408,16374334,"Kenshin Kikuchi","2026-06-29 10:49:11",755.8,2,kenshinkikuchi
1409,16393388,sk1012,"2026-06-24 14:26:53",755.8,2,kaitoterasaki
1410,16430712,"MD. Nazmus Sakib Anik","2026-07-02 03:22:57",755.7,2,beyondlogic
1411,16372540,A.Ishibashi,"2026-06-21 10:36:32",755.6,2,akihiroishibashi
1412,16436249,tamref,"2026-07-02 11:19:47",755.4,2,tamreff3290
1413,16424506,Wawa_shizuka,"2026-06-27 09:34:26",755.3,1,wawashizuka
1414,16381378,SUGI,"2026-06-25 18:27:25",755.2,2,sugi777
1415,16380510,kazu107,"2026-06-28 04:09:00",755.2,2,kazu107
1416,16406979,Ebi,"2026-07-01 19:19:48",755.0,2,ebinan92
1417,16386266,"Ryosuke Aihara","2026-06-18 05:57:09",755.0,2,ryosuke804
1418,16403475,"Evan Liu","2026-06-21 09:38:13",754.9,1,eevvan7
1419,16385500,"Takao Mizuno","2026-06-23 13:38:34",754.9,2,mzntaka0
1420,16422470,Bensonli7777,"2026-07-01 19:25:16",754.8,2,"bensonli7777,sengami"
1421,16377411,yakiniku.nagoya,"2026-07-02 08:18:59",754.6,2,mshdhy1010
1422,16385586,"Ehimen Nathaniel","2026-06-18 02:34:23",754.4,1,ehimennathan
1423,16433114,TakamaruEX,"2026-07-02 14:33:04",754.1,2,takamaruex
1424,16420862,ikaikasama,"2026-07-02 14:12:02",754.0,2,ikaikasama
1425,16377470,"Pranesh Jayasundar","2026-06-18 03:50:29",753.7,2,praneshjayasundar
1426,16407946,Jotaro,"2026-06-29 16:45:56",753.6,2,jotaro
1427,16372636,いせえび,"2026-06-23 06:37:16",753.5,2,iseeebi
1428,16421191,"JJ Bean","2026-07-02 14:45:30",753.5,2,"billtennant,jjt0716"
1429,16385009,soju,"2026-06-25 19:55:10",753.3,2,rwqiowro
1430,16401552,むにちゃちゃ,"2026-06-28 15:19:27",753.3,2,munichacha
1431,16443042,Ken_Ken_Pa,"2026-07-02 14:00:23",753.2,2,kenkenpa
1432,16379775,"Ryutaro Murayama","2026-06-27 02:29:35",753.2,2,ryutaromurayama
1433,16381852,lollipop947,"2026-07-01 15:22:44",753.0,2,lollipop947
1434,16382738,joshuachoo,"2026-06-30 13:56:57",752.7,2,joshuaachoo
1435,16377539,mands,"2026-06-18 09:09:21",752.6,2,masudashun
1436,16428726,"For Good Measure","2026-07-02 02:11:49",752.6,2,plsfix
1437,16386006,Xxbozohead,"2026-07-02 12:56:59",752.1,2,ryanongwx
1438,16381624,LumenLiquidity,"2026-07-02 15:47:57",751.3,2,"giovannibaldon,pasqualemadd4loni"
1439,16378502,Kohta.F,"2026-06-19 09:33:44",751.3,2,kohtaf
1440,16379522,hibi,"2026-06-17 18:31:41",751.1,2,hibi2571
1441,16407444,MamiMamiko,"2026-06-21 15:17:05",750.8,2,"mamimamiko,sakaguchidai,zerosniper"
1442,16373352,kenn,"2026-07-02 15:55:44",750.5,2,ikasumi
1443,16382600,"Emanuel Perez","2026-06-27 04:25:25",750.5,2,emanperez28
1444,16382842,ABfry0620,"2026-07-02 15:29:05",750.3,2,abfry0620
1445,16373900,Tyrker,"2026-06-21 21:05:51",750.3,2,polregyborja
1446,16451588,チャーハン,"2026-07-01 15:44:42",750.2,2,almach76
1447,16388521,cha7ura,"2026-06-27 18:11:17",750.0,2,cha7ura
1448,16417271,"Vicky Maan","2026-06-27 19:30:23",749.9,2,vickymaan
1449,16411951,Ryutogrrr,"2026-06-30 04:10:01",749.9,2,ryutogrrr
1450,16372154,"Wilson Mugabo","2026-06-28 16:09:27",749.9,2,wmugabo
1451,16451563,"Shawya Saito","2026-06-30 09:47:07",749.8,1,shawyasaito
1452,16431830,"kaneko takafumi","2026-07-02 01:54:03",749.6,2,kanekotakafumi
1453,16440747,"Ghulam Ahmad","2026-06-28 00:00:44",749.2,2,ghulamjs
1454,16382491,piyomaru,"2026-06-21 02:20:19",749.2,2,pyoyusiko
1455,16379435,chenyZan,"2026-06-17 13:00:19",749.0,2,chenyzan
1456,16384280,"Cem Orhan","2026-07-01 19:21:09",749.0,2,orhancem
1457,16371479,ヌメルゴンex,"2026-07-02 12:13:58",748.8,2,"dehokanta,zakopur0"
1458,16376346,yuu2704,"2026-07-02 06:46:21",748.6,2,yuu2704
1459,16376721,今井大登,"2026-07-02 11:20:31",748.6,2,naru041104
1460,16434090,Steven66886688,"2026-07-01 04:52:49",748.4,2,steven66886688
1461,16399480,"zhan renyi","2026-07-01 12:53:09",748.3,2,zhanrenyi
1462,16377233,Tommy,"2026-06-28 05:03:21",748.1,2,yusuketominaga
1463,16378645,小山佳祐,"2026-06-17 08:34:14",748.1,2,keisukefbr
1464,16406002,河村直樹,"2026-06-25 00:46:33",747.8,2,yuzsoda
1465,16432459,"Nozomi Maki","2026-06-30 19:01:45",747.8,2,millak
1466,16378303,suh-sunaneko,"2026-06-17 08:01:21",747.6,2,suhsunaneko
1467,16380526,minasehiro,"2026-07-01 23:34:16",747.5,2,minasehiro
1468,16387852,Fri314,"2026-06-18 10:08:41",747.5,1,fri314
1469,16395443,minfaox3,"2026-06-21 14:54:27",747.4,2,minfaox3
1470,16373931,"Yaroslav kholmirzayev","2026-06-30 09:04:24",747.3,2,yaroslavkholmirzayev
1471,16373763,Tensa.bit,"2026-06-21 18:59:50",746.8,2,tensabit
1472,16380385,"Yoshinari Fujinuma","2026-06-24 18:43:59",746.4,2,yoshinarifujinuma
1473,16464688,soranaki0404,"2026-07-01 14:35:16",746.3,2,naki0404
1474,16426948,"Mayu Takagi","2026-06-29 04:22:21",745.8,2,mayutakagi
1475,16373707,VMelville,"2026-06-21 17:34:31",745.8,2,vmelville
1476,16376339,kazusw,"2026-06-30 12:28:01",745.6,2,kazusw
1477,16394562,"Wataya Iga","2026-07-01 14:08:27",745.4,2,watayaiga
1478,16374024,ipruning,"2026-06-18 10:58:49",745.2,2,ipruning
1479,16372591,Boseiju,"2026-06-18 13:09:42",745.1,2,brechtf
1480,16383888,"Sebastian Lashmet","2026-06-28 20:40:21",744.9,2,sebastianlashmet
1481,16375221,PokeBotty,"2026-06-17 20:53:54",744.8,2,pokebotty
1482,16441675,于笑非lilishyxf,"2026-07-01 11:12:31",744.7,2,lilishyxf
1483,16373672,Yamadai,"2026-06-18 06:02:36",744.5,2,yamamotodaiki00
1484,16392439,xo_oblz,"2026-06-24 00:08:35",744.3,2,xooblz
1485,16373218,Enoki,"2026-07-01 05:20:07",744.3,2,tsubakinatsu
1486,16385145,"Yaro Perventsev","2026-06-24 23:45:00",744.3,2,yaroslavperventsev
1487,16374256,Hayauchiwasabi,"2026-06-18 00:17:05",744.3,2,kaiikeda
1488,16388107,pipi14ramu,"2026-07-02 15:36:33",744.2,2,pipi14ramu
1489,16412662,HughTCG,"2026-06-30 15:58:16",744.0,2,hughtcg
1490,16416010,Aikimi,"2026-06-27 05:23:07",744.0,2,aikimi
1491,16381335,hannahepta,"2026-07-02 11:41:05",743.9,2,hannaheptapodt
1492,16376736,redm,"2026-06-23 02:34:40",743.9,2,michaelmilstead
1493,16373998,yusuke0723,"2026-06-18 09:02:09",743.8,2,yusuke0723
1494,16408013,Hayhay2323,"2026-07-02 09:17:51",743.8,2,hayhay2323
1495,16386079,roroppu,"2026-06-18 14:42:45",743.8,1,roroppu
1496,16392427,"Gengar Gangsters","2026-06-29 22:43:07",743.7,2,tafhimchowdhury
1497,16373432,torusuke,"2026-06-28 23:18:15",743.6,2,torusuke
1498,16373818,SoraTakanashi,"2026-06-30 10:18:20",743.5,2,soratakanashi
1499,16382493,RyotaNakajima,"2026-06-17 16:11:13",743.4,1,ryotanakajimazzz
1500,16380964,supermelon,"2026-07-02 14:18:37",743.4,2,supermelon
1501,16472651,aym283,"2026-07-02 08:30:12",743.2,1,aym283
1502,16425536,"Tsuyoshi Chiba","2026-06-25 00:39:00",743.1,1,tsuyoshichiba
1503,16372696,senkin13,"2026-07-02 13:38:17",743.0,2,senkin13
1504,16380063,"Leopard Jaguar","2026-06-18 03:19:54",742.7,2,hirotototo
1505,16408628,DiuDiu,"2026-07-01 09:42:56",742.0,2,chrouos
1506,16372522,PRMNC,"2026-07-02 09:46:32",741.7,2,"ichi2804,nanameru,yoheifutamura"
1507,16455575,TaiNingLiao,"2026-07-01 11:31:43",741.7,2,tainingliao
1508,16382841,pepe,"2026-07-02 04:58:43",741.5,2,pep299
1509,16403838,kabukicho,"2026-06-22 22:03:53",741.4,2,kabukicho
1510,16408528,MtN,"2026-07-02 11:42:26",741.4,2,mariotrsn
1511,16384528,"Rafael Montañez","2026-06-19 15:30:46",741.2,2,rafaelmontaez
1512,16414053,Tanishi＆haru,"2026-07-02 12:21:52",741.1,2,tanishiharu
1513,16376592,"Koki Kawamura","2026-06-23 15:14:40",741.1,2,kiuko22
1514,16376326,Pacomin,"2026-06-17 05:43:38",741.0,2,pcmn1000
1515,16455555,"Ryuuji Yoshinaga","2026-07-02 11:23:44",740.8,1,ryuujiyoshinaga
1516,16396755,GGMaster,"2026-07-02 12:46:37",740.7,2,dojapan
1517,16382300,"Paras Sharma","2026-06-26 01:01:21",740.7,2,blazeofchi
1518,16385817,"M Sato","2026-06-20 09:27:21",740.3,1,masasato1999
1519,16395576,KellersInColorado,"2026-07-02 11:59:23",739.7,2,kellersincolorado
1520,16393006,kuromoka,"2026-07-02 15:54:29",739.5,2,kuromoka
1521,16372161,SmithyAlan,"2026-06-19 16:39:38",739.2,2,smithyalan
1522,16426834,"Masahiro Tanaka","2026-06-25 11:44:32",739.1,2,ninben5361
1523,16371611,gosu.Kouts,"2026-06-24 00:14:52",739.1,2,gosukouts
1524,16371435,"Suzuki Mari","2026-06-27 11:27:24",739.1,2,suzukimari
1525,16442976,betmobeton,"2026-07-02 09:35:36",738.7,2,betmobeton
1526,16372843,trisector,"2026-06-17 02:06:41",738.7,2,trisector
1527,16381571,SamuelSanolume,"2026-07-02 07:00:01",738.5,2,samuelsanolume
1528,16382215,"Tatsuya Goto","2026-07-02 13:18:31",738.5,2,tatsuyagoto
1529,16473275,Chrismaghuhn,"2026-07-02 12:46:35",738.4,2,chrismaghuhn
1530,16404421,Pascal,"2026-06-20 21:22:20",738.3,1,pascalledesma
1531,16372145,ゆとり,"2026-07-02 12:58:40",738.2,2,yutori3
1532,16438524,4san,"2026-06-27 11:51:47",738.2,2,soreiru
1533,16408470,RiJ,"2026-07-01 18:13:28",738.2,2,junichirokawano
1534,16378569,YT,"2026-07-01 11:45:26",738.1,2,yutatkd
1535,16425929,sqdhnt,"2026-06-24 08:00:20",737.8,2,sqdhnt
1536,16377819,oisho,"2026-06-20 12:41:33",737.7,2,oishoes
1537,16372307,Swampert,"2026-06-28 14:06:47",737.4,2,"akinoo,kentatata,shoegusa,tomokihirose,yamadatoshiya"
1538,16411665,morux2,"2026-07-02 12:28:31",736.9,2,morux2
1539,16460352,shallowfieldagon,"2026-07-02 15:41:08",736.8,2,shallowfieldagon
1540,16378050,TAKESHI7676,"2026-07-02 13:50:29",736.6,2,takeshi7676
1541,16380692,ささきん,"2026-06-26 22:34:06",736.4,2,sasakin
1542,16376267,sakupoyoooon,"2026-06-17 07:15:19",736.3,1,sakupoyoooon
1543,16388406,K3nsho,"2026-06-21 17:18:57",735.7,2,kenshomiyasaka
1544,16417069,TimmyX,"2026-07-02 04:53:00",735.6,2,timmyx
1545,16427793,nnc,"2026-06-27 06:57:31",735.5,2,daimarusui3
1546,16382778,"Ken Page","2026-06-27 05:58:38",735.4,2,kenpage
1547,16402072,長野秀俊,"2026-06-25 02:35:52",735.3,2,hidetoshi602
1548,16375552,yousan,"2026-06-18 04:16:40",735.1,2,ayousanz
1549,16383381,Mereci,"2026-06-26 17:49:44",735.0,2,mereci
1550,16472643,"Siqi Jia","2026-07-02 15:16:56",734.7,2,miasisi
1551,16385247,h_jun,"2026-06-24 02:54:29",734.5,2,lhjoon77
1552,16431074,iketatsu,"2026-06-25 06:35:48",734.5,1,iketatsu
1553,16385873,HaogeBob,"2026-06-22 03:37:26",734.5,1,haogebob
1554,16383648,idk,"2026-06-26 07:21:28",734.4,2,erraticum
1555,16378614,souyakuchan,"2026-06-22 06:43:32",734.3,2,souyakuchan
1556,16383304,BuffaloMike,"2026-06-19 15:34:46",734.2,2,buffalomike
1557,16390204,1000PARTY,"2026-07-02 13:32:23",734.1,2,"osadayuiki,sisfelia"
1558,16399502,KuboiYusuke,"2026-06-30 22:58:38",734.0,2,kuboiyusuke
1559,16376176,Kakeru,"2026-06-29 08:01:19",734.0,2,kakeruyoshinaga
1560,16380120,yu24march,"2026-06-20 10:18:57",733.9,2,yu2403
1561,16382592,humita,"2026-07-02 12:45:24",733.8,2,hum1ta
1562,16403736,keta39,"2026-07-01 03:08:11",733.8,2,keta39
1563,16392823,Saikattyo,"2026-06-28 05:19:06",733.7,2,katsuyasaito
1564,16384544,"Phu Hung Dang","2026-07-01 11:27:39",733.3,2,phuhungdang
1565,16382375,"Takumi Hino","2026-06-25 18:38:52",733.3,2,na2mkn
1566,16387127,mori0520mori,"2026-06-22 02:21:32",733.3,1,mori0520mori
1567,16402264,xue1213,"2026-06-23 16:32:56",733.2,2,xue1213
1568,16375931,"Kaito Fukami","2026-06-19 14:08:45",733.1,2,kaitofukami
1569,16375591,dafujii,"2026-06-19 07:58:45",733.0,2,daikifujii
1570,16371923,seven,"2026-07-01 10:19:50",732.9,2,morikawatakeshi
1571,16406814,溶岩,"2026-06-23 13:02:12",732.3,2,yoganmagin
1572,16467439,"Luca Torre","2026-07-02 13:19:37",732.0,2,lucatorre
1573,16373829,knshnb,"2026-06-22 15:23:06",732.0,2,knshnb
1574,16382471,"Murat Kolic","2026-07-01 19:49:02",731.6,2,muratkolic
1575,16398199,"Alex Boyd","2026-06-26 09:49:55",731.5,2,alexrayboyd
1576,16417863,jp_nerdery,"2026-07-02 07:47:14",731.5,2,ytochii
1577,16386538,mtskggle,"2026-06-24 16:06:10",731.4,2,matsusakaggle
1578,16382928,kuu🍣,"2026-06-28 16:55:16",731.4,2,fumiyakume
1579,16392523,sea_mountain,"2026-06-21 14:31:49",731.4,2,seamountain
1580,16391455,rode,"2026-06-29 01:36:53",731.1,2,rode1234
1581,16400218,radian0523,"2026-06-25 02:24:59",731.1,2,oonishidaichi
1582,16387935,Kento_1938,"2026-06-29 03:35:43",730.9,2,kento1938
1583,16371893,fredpk,"2026-07-01 16:03:02",730.2,2,fredpk
1584,16411108,Neubor,"2026-06-28 18:30:46",730.1,2,neubor
1585,16389156,koga_poke,"2026-06-29 12:37:32",730.1,2,kogapoke
1586,16399469,zunzun_ikouze,"2026-07-01 02:04:20",729.8,2,zunzunikouze
1587,16375721,natsu,"2026-06-18 09:17:31",729.7,1,okamotonatsuo
1588,16387314,"Rojiura Studio","2026-06-20 06:19:55",729.6,2,yusukenamai
1589,16380700,KK_1999,"2026-06-17 11:31:32",729.3,2,thebigfundamental
1590,16372632,YukihiroMaeda,"2026-06-27 07:18:56",729.2,2,yukihiromaeda
1591,16394599,clora,"2026-07-02 11:19:53",729.1,2,clora16
1592,16375482,takerusQ,"2026-06-18 15:05:44",729.0,2,takerusq
1593,16411168,Botamochi,"2026-07-01 01:42:44",728.9,2,amanokawa
1594,16386056,iwatsushi,"2026-07-02 03:02:00",728.5,2,iwatsushi
1595,16373242,"GIVE ME A JOB","2026-06-19 02:31:04",728.4,2,tarokogawa
1596,16375767,Dracufeuer,"2026-06-29 06:40:18",728.3,2,"behrouzbarati,hollenfoc"
1597,16388823,Danielvo59,"2026-07-02 11:53:29",728.3,2,danielvo59
1598,16442780,mikke9747,"2026-06-27 11:55:05",728.2,1,mikke9747
1599,16462485,"Matthew Y","2026-07-02 15:54:25",728.2,2,"cidkardi,davidned"
1600,16411045,askBillyWhatMamaDid,"2026-06-22 00:54:55",728.2,1,askbillywhatmamadid
1601,16462138,Testete,"2026-07-02 14:55:53",728.1,2,testeteteste
1602,16431917,kyuuuuro,"2026-07-02 15:58:27",728.1,2,"haru426,kotakota914,kuromaru4869,yamajin,yu834194"
1603,16411115,G_nuoh,"2026-06-23 06:15:39",727.9,2,gi02coffee
1604,16376399,kashort,"2026-07-02 08:03:45",727.9,2,kashort
1605,16382642,pokecard_kaggle,"2026-07-01 17:10:46",727.7,2,pokecardkaggle
1606,16380164,nikechan,"2026-07-02 07:01:01",727.6,2,nikehasegawa
1607,16385285,Nora,"2026-07-01 08:18:42",727.5,2,toshiharuyabe
1608,16377432,kapenon,"2026-06-19 14:36:25",727.5,1,kapenon
1609,16397283,"Yuto Uesugi","2026-06-22 15:57:07",727.4,2,yutouesugi
1610,16375124,openrasmus,"2026-06-19 18:04:54",727.2,2,openrasmus
1611,16423313,balake235,"2026-06-29 17:03:18",727.1,2,balake235
1612,16415173,Solid_Sea,"2026-06-29 16:13:37",727.0,2,solidsea
1613,16379177,Aevion-Labs,"2026-06-18 17:41:13",727.0,2,aevionlabs
1614,16388938,osam,"2026-06-23 14:44:21",726.7,2,mitsuya2635
1615,16384845,L1LI4N,"2026-06-18 15:21:08",726.6,1,l1li4n
1616,16375864,Kyohei,"2026-07-02 13:00:06",726.5,2,kyohei3
1617,16374940,"20070521 assassin","2026-06-27 01:04:08",726.0,2,assassin20070521
1618,16393396,nifuramu,"2026-06-27 09:09:29",725.9,1,nifuramu
1619,16391961,"Haruya Tanaka","2026-06-29 04:19:34",725.9,2,haruyatanaka
1620,16377595,Mark`n,"2026-06-17 06:06:14",725.8,2,masarusanada
1621,16387416,ryopulse,"2026-06-23 09:12:53",725.8,2,ryopulse
1622,16381779,"Sugiyama Tomoki","2026-07-02 09:20:24",725.8,2,tomoki114
1623,16371791,MeMu,"2026-07-02 05:44:04",725.6,2,memutsuki
1624,16376124,"Hale Obernolte","2026-06-18 15:33:00",725.6,2,hobernolte
1625,16391863,cannotflypig,"2026-06-24 04:34:02",725.6,2,cannotflypig
1626,16383098,"YU YAUCHI","2026-06-26 03:21:26",725.4,2,yuyauchi
1627,16385391,ぽいぽいスプラッシュ,"2026-06-21 07:16:31",725.3,1,"bamutaro,sayu1201"
1628,16387463,"Kazuhiro Sato","2026-06-19 14:19:33",725.2,2,polarcoder
1629,16418151,"peeta pit","2026-07-02 12:49:37",725.2,2,peetapit
1630,16375544,YukiMaitani,"2026-06-17 23:58:19",725.2,1,yukimaitani
1631,16383357,"Sholtis Labs","2026-07-02 13:54:32",725.1,2,sholtislabs
1632,16393418,"Takahide Seki","2026-06-29 07:18:53",724.7,2,takahideseki
1633,16377606,"Takuro Abe","2026-06-18 05:48:04",724.6,2,takuroabe
1634,16375817,MizoTake,"2026-07-02 13:40:16",724.6,2,mizotake
1635,16373956,tsumuit,"2026-06-17 01:09:44",724.6,2,tsumuit
1636,16388571,Mikio,"2026-07-01 11:05:29",724.6,2,mikiokobayashi
1637,16375779,"Topdecking is All You Need","2026-07-02 06:17:03",724.3,2,"iryuki,kojimen"
1638,16391619,"Edwin Ho","2026-06-19 04:29:10",724.0,1,edwinho555
1639,16372608,cm391,"2026-07-02 08:28:52",723.9,1,mccocoful
1640,16373644,yankoGPT,"2026-06-26 03:12:30",723.8,2,"machi70,sota365,yamamoto908"
1641,16402290,tamanegi1111,"2026-06-22 13:08:04",723.7,1,tamanegi1111
1642,16375954,yu_gotou,"2026-06-29 00:58:51",723.6,2,yugotou
1643,16393604,yoiki,"2026-06-26 04:29:38",723.6,2,yoshiakiishihara
1644,16376152,hookbook,"2026-07-01 02:57:19",723.6,2,hookbook
1645,16386310,sakaitt,"2026-06-20 21:47:20",723.5,2,sakaitt
1646,16392711,"Tomohiro Kawamoto","2026-06-22 10:56:57",723.4,2,tomohirokawamoto
1647,16376196,mocky700,"2026-07-02 07:24:59",723.4,2,"mocky700,suzukihinatadev"
1648,16392857,PALTCG,"2026-07-01 00:12:53",723.4,2,"aligox,d3ndr0bium,kzwnjp,merlyna"
1649,16376532,"Ryosuke Takeda","2026-06-25 01:00:42",723.2,2,ryosuketakeda
1650,16372832,"Dian Deng","2026-06-27 05:34:58",723.0,2,diandeng
1651,16425613,ozdogant,"2026-06-29 14:58:43",722.7,2,ozdogant
1652,16384013,mi22mi,"2026-06-25 21:42:49",722.6,2,mi22mi
1653,16374644,"David Selin","2026-06-26 02:19:52",722.6,2,qwertyd93
1654,16402239,hinata1119,"2026-06-20 13:37:02",722.5,1,hinatafukasaku
1655,16401132,kanadomekei,"2026-06-27 03:31:31",722.2,2,kanadomekei
1656,16425135,Rmy,"2026-06-26 04:25:31",721.9,2,mekory
1657,16376598,Kohecchi,"2026-07-02 05:54:06",721.7,2,kohecchi
1658,16424512,Arbidos,"2026-06-24 00:40:57",721.4,1,arabidopsisthalian
1659,16412000,shosemaru,"2026-07-02 04:00:16",721.1,2,shoseiyamaguchi
1660,16373461,Aslan168,"2026-06-19 17:39:56",720.9,2,aslan168
1661,16379626,TomTom,"2026-07-02 11:39:12",720.7,2,"emuasg,supermame"
1662,16381633,Tardigrades,"2026-06-30 23:03:00",720.6,2,rxd1218
1663,16382331,"Yunus Emre Sarıduman","2026-06-29 01:40:21",720.4,2,emresariduman
1664,16405170,stale2000,"2026-06-24 19:45:27",720.3,2,bryanwade
1665,16386632,情理とこうせい,"2026-07-01 17:14:35",720.3,2,"joya0214,ryotarokonishi,yuyafujiwara0123"
1666,16406858,BinomialSheep,"2026-06-27 20:28:55",720.2,2,binomialsheep
1667,16385162,STR-PAPA,"2026-06-22 10:15:07",720.0,2,daikikanematsu
1668,16382606,kabik,"2026-06-18 00:35:35",720.0,1,kabikk
1669,16412446,Jack12xl,"2026-06-26 11:24:58",719.5,2,jack12xl
1670,16385289,"yuichiro miyamae","2026-06-18 02:27:32",719.5,2,yuichiromiyamae
1671,16438909,TaSuy,"2026-07-01 08:47:13",719.4,2,taikiyoneyama
1672,16380867,ろう39,"2026-07-02 06:58:36",719.2,2,kuronekorou39
1673,16403218,"Chong Xuan Ng","2026-06-28 14:29:30",719.2,2,chongxuanng
1674,16375728,TmT,"2026-06-23 06:58:14",719.1,2,tamotamo
1675,16441111,TrevorSheehan,"2026-06-29 20:31:03",719.1,2,trevorsheehan
1676,16470813,Banger_,"2026-07-02 12:39:26",719.0,2,banger93
1677,16420976,"Semih Işık","2026-06-25 14:46:31",718.9,2,semihik
1678,16393709,AyFukushima,"2026-06-29 05:33:14",718.8,2,nantohock
1679,16376487,CoreyJamesLevinson,"2026-06-25 15:20:57",718.4,2,returnofsputnik
1680,16388358,yskt_min,"2026-06-19 11:44:00",718.4,1,ysktmin
1681,16382528,あれすくん,"2026-06-26 01:29:43",718.4,2,areskunsan
1682,16395174,kaerururu,"2026-06-28 09:02:23",718.3,2,kaerunantoka
1683,16371460,てうぽけ,"2026-06-25 06:07:36",718.1,2,"c0a24013,siitake667"
1684,16383855,"Zer0 Karat","2026-06-17 18:15:34",718.0,1,zer0karat
1685,16378264,saxsir,"2026-07-02 12:05:20",718.0,2,saxsir
1686,16378130,kinakomochi,"2026-06-18 06:03:37",718.0,2,kinakomochi
1687,16399970,"Tomohide N","2026-06-20 07:56:49",717.6,1,tomohiden
1688,16379805,keisuketsukagoshi,"2026-06-21 11:55:35",717.5,2,ktsukago
1689,16385046,blue0620,"2026-07-02 15:04:54",717.3,2,blue0620
1690,16377587,ゼミ費ください。,"2026-06-29 04:32:37",717.3,2,"daisukehori,k4ntaf,nekocat256,tomisasha"
1691,16379613,Yotsuba_4848,"2026-06-21 16:00:03",717.0,2,yotsuba4848
1692,16387847,harmo-miu,"2026-06-30 02:33:08",716.8,2,harmomiu
1693,16408317,"Altar Buyukdogan","2026-06-27 14:57:32",716.8,2,altarbuyukdogan
1694,16372849,Pech1,"2026-06-23 14:38:20",716.7,2,pechi998244353
1695,16391764,DenisEdwards,"2026-07-02 15:04:30",716.3,2,denisedwards
1696,16378321,"Arda Karakaş","2026-06-18 12:00:08",716.2,2,ardakarakas
1697,16375476,YATAShotaro,"2026-06-17 15:23:49",716.0,1,yatashotaro
1698,16407833,ArthurDa,"2026-06-26 17:42:48",715.8,2,arthurda
1699,16386071,R.Kaikura,"2026-06-18 09:05:07",715.6,1,higodm2
1700,16394353,KojiKRSE,"2026-06-28 00:00:52",715.5,2,kojikrse
1701,16423969,"Marius K","2026-07-02 14:13:02",715.5,2,abujaman
1702,16376818,StockMagikarp,"2026-07-02 12:35:42",715.4,2,"rareone0602,tommytang0122,yawei1234"
1703,16372841,Leona_Giga,"2026-06-20 12:31:54",715.4,2,leonagiga
1704,16377993,William_Rod,"2026-06-30 18:56:16",715.4,2,williamrod
1705,16418613,"Taito Yoshimura","2026-06-23 12:46:33",715.3,1,taitoyoshimura
1706,16448353,HaruFu,"2026-06-29 12:47:04",715.0,1,harufu
1707,16395433,DeMoN_2202,"2026-06-22 06:16:23",714.8,2,harshit22020
1708,16391718,東　勇介,"2026-06-22 15:12:18",714.7,1,yusuke0111
1709,16419890,"Super Mippo","2026-07-02 10:35:06",714.7,2,supermippo
1710,16452856,"Tyler H","2026-07-02 00:53:08",714.5,2,tylerhoong
1711,16401557,YusukeSai0407,"2026-07-01 15:30:17",714.5,2,yusuketto
1712,16380576,takanori-suzuki-desu,"2026-06-21 12:12:54",714.5,2,takanorisuzukidesu
1713,16427728,Yz,"2026-06-28 15:26:38",714.4,2,koutaabe
1714,16376434,StackKnight,"2026-07-02 15:57:47",714.0,2,stackknight
1715,16441646,大久保寿人,"2026-06-28 06:32:02",713.9,1,hisa0353
1716,16376790,"Hiểu Vy","2026-06-24 18:24:40",713.7,2,thangnm1
1717,16376836,皮卡丘战队,"2026-07-02 02:04:55",713.6,2,batchevall
1718,16373075,"Naoki Okuda","2026-06-17 16:29:21",713.5,1,"ak33ss,kazumintya,naokiokuda"
1719,16385573,"Kasra Rahjerdi","2026-06-20 22:36:15",713.5,2,krahjerdi
1720,16382149,moisutsu,"2026-06-20 08:20:23",713.4,1,"ayako0,moisutsu,obara128,yano00"
1721,16394860,YugoHamada,"2026-06-19 13:56:07",713.2,1,yugohamada
1722,16382455,"jin hiratsuka","2026-07-02 10:11:02",713.1,2,jinhiratsuka
1723,16398189,GS,"2026-06-21 06:29:18",712.7,2,gaisuzuki
1724,16442141,KouFu,"2026-06-30 12:51:14",712.6,2,kouheif
1725,16382393,Tia_Stella,"2026-06-27 11:03:18",712.5,2,tiastella
1726,16372263,"André Fernandes","2026-07-02 09:04:58",712.5,2,zerocool21
1727,16404856,chiri.,"2026-06-27 16:10:46",712.4,2,so10436
1728,16374503,"Bright O.H.","2026-06-17 14:55:58",712.3,1,brightoh
1729,16388592,Articuno0144,"2026-07-01 12:51:56",712.3,2,articuno0144
1730,16374279,"Aman Atar","2026-07-02 11:29:29",712.2,2,amanatar
1731,16380153,gonbe,"2026-06-25 21:51:30",712.1,2,"gonbe99,tacpcg"
1732,16432931,warabiimu,"2026-06-28 12:47:01",712.0,2,"harunnwaaaa,warabiimu"
1733,16385575,Charon,"2026-07-02 00:06:14",712.0,2,charon9
1734,16392085,ElephtAI,"2026-07-01 03:00:40",711.9,2,yuchengj
1735,16407703,"Cybolt Solutions","2026-06-28 03:00:37",711.9,2,troycallahan
1736,16375409,nimous,"2026-06-21 06:59:41",711.7,2,nimous
1737,16382438,ayaya09,"2026-06-22 09:06:30",711.6,2,ayaya09
1738,16428287,"Arkat Khassanov","2026-06-24 15:13:09",711.5,1,arkatkhasanov
1739,16435770,suirindo,"2026-06-30 07:23:28",711.4,2,suirindo
1740,16376364,TK-1120,"2026-06-21 23:49:37",711.4,2,tk1120
1741,16392175,fishymints,"2026-06-20 02:22:35",711.4,1,ayinfly
1742,16377906,aramaa_game,"2026-07-02 11:04:22",711.3,2,aramaagame
1743,16377852,nakano?neru?maru?ruru,"2026-06-18 04:00:38",711.3,2,nuru2zm
1744,16389425,"Aisen Lopez-Ramos","2026-06-30 16:10:36",711.2,2,adl5423
1745,16372466,akzw,"2026-06-28 19:40:03",711.2,2,akzw4649
1746,16381527,masaxsuzu,"2026-06-17 13:27:25",711.1,1,masaxsuzu
1747,16376925,czechmix,"2026-07-02 07:05:41",710.8,2,czechmix
1748,16375634,shuheitagawa,"2026-07-02 06:18:56",710.7,2,shuheitagawa
1749,16390913,"Subhan Hussain","2026-07-01 19:36:07",710.5,2,subhanhussain0205
1750,16400433,hoshimori,"2026-06-24 15:00:56",710.3,2,hoshimori
1751,16374972,hirune924,"2026-07-02 13:02:45",710.3,2,hirune924
1752,16426753,"Michał Łapiński","2026-06-28 21:04:28",710.1,1,michaapiski
1753,16398135,"Haruto_Beginner Data Scientist","2026-06-21 07:53:28",710.1,2,masaakioba
1754,16371829,kurupical,"2026-07-01 12:50:37",710.0,2,kurupical
1755,16381017,stevenleehans,"2026-06-23 17:53:19",709.8,2,stevenleehans
1756,16391117,moeuuu,"2026-06-26 23:33:10",709.8,2,moeuuu
1757,16400050,pocky34,"2026-06-24 12:55:55",709.7,2,pocky34
1758,16381878,DaisukeFukuda6636,"2026-06-18 13:00:52",709.7,2,daisukefukuda6636
1759,16397215,SKMAAX,"2026-06-30 17:08:47",709.6,2,s06120takuma
1760,16406178,inbalkiv,"2026-06-29 19:54:56",709.4,2,inbalkiv
1761,16377187,"Horikita Saku","2026-07-01 08:56:02",709.0,2,horikitasaku
1762,16395227,Fitzounet,"2026-07-01 14:29:57",708.9,2,fitzounet
1763,16395661,yuhei,"2026-07-02 08:08:13",708.7,2,yugrayu
1764,16375757,gtansu,"2026-07-02 13:22:26",708.6,2,gtansu
1765,16440704,"Fidèle José kOUAGOU","2026-06-26 23:54:49",708.5,1,fidlejoskouagou
1766,16386593,inarikujirawanko,"2026-06-30 00:56:31",708.3,2,"k2wanko,kujirachan,kukoinari"
1767,16375467,sunako24d,"2026-07-02 14:03:37",708.2,2,sunako24d
1768,16391763,"Saito kazuki","2026-06-28 16:08:53",708.2,2,saitooookazzooo
1769,16382159,reitan4742,"2026-06-28 12:39:58",708.2,2,reitan4742
1770,16387028,daiki_pyonkichi,"2026-07-02 08:12:57",707.6,2,himejipyonkichi
1771,16374634,yukinoka,"2026-06-27 18:44:42",707.5,2,yukiinokaa
1772,16385824,"[Deleted] 0e0ece22-59bf-4783-a38a-548ae01e7bea","2026-06-18 21:44:00",707.4,2,del=11a4fcd604048af3
1773,16389408,PokeMoE,"2026-06-23 16:46:17",706.8,2,"oimotmg,shikachii"
1774,16373070,Kaleidoooooo,"2026-06-18 03:58:24",706.5,2,"calvinshi,renjiewei"
1775,16386294,"SOUTA Sakurai","2026-07-02 09:49:07",706.2,2,soutasakurai
1776,16384059,ankounabe114,"2026-06-21 23:16:42",706.2,2,ankounabe114
1777,16379996,nya000000n,"2026-06-17 17:21:26",706.1,1,nya000000n
1778,16394296,Kasuga,"2026-06-22 06:45:21",706.1,2,kasugasparky
1779,16387950,"KAI JP","2026-06-30 08:47:44",706.1,2,trikai
1780,16396272,"Terminal 7","2026-07-02 15:55:57",705.9,2,mry539
1781,16391516,warabimochi-king,"2026-07-02 11:42:54",705.9,2,"mutomizuki,nkotatsu,nsawada0911,shkawai"
1782,16373017,EL,"2026-06-28 02:02:16",705.8,2,raphaelgusmao
1783,16377392,"JOTARO WASA","2026-06-19 08:02:15",705.7,1,jotarowasa
1784,16380566,hiroyuki-sh,"2026-06-28 00:39:26",705.6,2,hiroyukish
1785,16377042,nao2002_,"2026-06-29 08:21:24",705.6,1,naonano
1786,16392754,Tom,"2026-06-30 03:42:05",705.6,2,"russcore,tom99763"
1787,16399990,MMA,"2026-06-29 13:42:13",705.3,1,"cotora2121,hiroto0715,jittaboys,katosh,temmawatanabe"
1788,16450711,"Shivam Gupta","2026-06-29 11:38:17",705.2,1,pg541425
1789,16431659,jannchie,"2026-07-02 06:05:01",705.2,2,jannchie
1790,16378737,"yusuke emoto","2026-07-02 10:19:37",705.0,2,yusukeemoto
1791,16395891,"yugen louis","2026-07-01 09:21:10",705.0,2,yugenlouis
1792,16467431,"zhuo wamg","2026-07-01 15:13:40",704.6,1,zhuowamg
1793,16377314,D_en3120,"2026-07-01 20:09:42",704.6,2,den3120
1794,16387005,東京みらいテック行政書士事務所,"2026-06-24 11:01:40",704.5,2,pocoken99
1795,16415198,原田純平,"2026-06-23 15:45:36",704.4,2,jumpei0618
1796,16393033,nakonisu,"2026-06-19 15:06:07",704.3,1,weaqy6yjvjxzu
1797,16371981,shikisoukan,"2026-06-28 10:59:24",704.1,2,shikisoukan
1798,16379968,"Kotaro OKUYAMA","2026-06-18 00:03:16",704.0,2,kokotatan
1799,16393228,sryo,"2026-06-24 13:55:43",703.5,2,sryo188558
1800,16378682,"Shih Hua Chou","2026-06-28 06:50:47",703.5,2,shihhuachou
1801,16382322,yanakatsu,"2026-06-26 15:42:19",703.4,2,yanakatsu
1802,16456438,Honty01,"2026-06-30 05:09:15",703.4,1,honty01
1803,16383220,"Roma Tikhonov","2026-06-21 21:36:35",703.3,2,tikhonovroma
1804,16419421,williamm,"2026-07-02 05:44:47",703.3,2,williamm7
1805,16410656,"Dustin L","2026-06-29 20:59:20",703.0,2,lidstone
1806,16372215,Toboggan,"2026-06-20 19:59:05",702.8,1,shimaw28
1807,16385092,"AI Agent By TYMU","2026-06-18 00:47:01",702.7,2,aiagentbytymu
1808,16380504,"Tsubasa Kanno","2026-07-02 04:50:38",702.7,2,tsubasatech
1809,16441777,"Jingyuan Huang","2026-06-30 04:44:41",702.5,2,henrytb
1810,16372299,YYma1201,"2026-06-18 00:57:21",702.4,2,yyma1201
1811,16403572,Takuya0911,"2026-07-01 01:36:31",702.4,2,takuya0911
1812,16375662,akamiko,"2026-06-30 10:39:29",702.3,2,akamiko
1813,16381835,plume013,"2026-06-23 09:09:03",702.1,2,plume013
1814,16383532,kibake,"2026-06-22 12:31:44",702.0,2,kibake
1815,16375082,CaRuff,"2026-06-18 19:54:34",701.9,2,caruff
1816,16372371,takuyay,"2026-06-23 07:40:41",701.7,2,dashimaki360
1817,16377537,Neko,"2026-06-27 02:22:40",701.6,2,neko7sora
1818,16371969,Latitu,"2026-06-18 00:39:32",701.5,2,latitu
1819,16388099,tomokawa,"2026-06-22 22:32:40",701.5,2,tomokawa
1820,16395520,oldoty,"2026-06-28 09:11:48",701.3,2,oldoty
1821,16407696,"Yusuf Murtaza","2026-06-24 07:55:29",701.1,2,yusufmurtaza01
1822,16395851,ningeeen,"2026-06-24 12:53:24",701.0,1,"kurogoma999,ningeeen"
1823,16414284,bit_shinon,"2026-06-23 18:56:30",700.8,2,shinn05uke
1824,16377792,ASAGAO,"2026-06-30 00:29:27",700.7,2,shunsukenaito
1825,16442032,熊本啓汰,"2026-06-27 15:03:59",700.7,2,kuma0707
1826,16430069,"Antonino Zumbo","2026-07-02 15:52:55",700.7,2,olliz92
1827,16380242,Nullx2,"2026-06-25 12:31:46",700.6,2,jack3low
1828,16426172,EasonLee0917,"2026-07-02 07:27:45",700.5,2,easonlee0917
1829,16444456,"Joshua Davidov","2026-06-29 16:09:30",700.3,2,joshuadavidov
1830,16403408,meteoru,"2026-06-20 17:40:03",700.0,1,meteoru
1831,16376430,Garchomp,"2026-07-02 07:51:35",699.9,2,ryotaeki
1832,16429048,"Sean Jones","2026-07-02 03:17:22",699.9,2,seanjones444
1833,16426945,ayasse,"2026-06-24 13:06:43",699.6,1,ayasse
1834,16371575,"Kentaro Hirose","2026-06-21 13:54:49",699.4,2,kentarohirose
1835,16381254,"Shingo Kotake","2026-06-22 02:20:20",699.1,2,shingokotake
1836,16404939,GeniusYY,"2026-07-02 09:50:49",699.0,2,alexyy
1837,16380890,akahane,"2026-07-02 14:22:10",698.5,2,shuheiakahane
1838,16441104,HCRL,"2026-07-02 14:33:43",698.5,2,"mrooto,rahaia"
1839,16377705,Aidle,"2026-07-02 11:16:20",698.5,2,shunta0225
1840,16403422,"Isabella Wu","2026-06-20 20:44:05",698.4,1,isabellawoo01
1841,16373031,takataok_42,"2026-07-02 15:30:03",698.3,2,takataok42
1842,16384030,ZephyrRising,"2026-06-22 21:09:07",698.2,2,zephyrrising
1843,16396132,MachinaExMachina,"2026-06-30 10:18:20",698.0,2,sethkarten
1844,16376968,banana,"2026-07-01 20:21:57",698.0,2,cellphonebanana
1845,16414523,"Qin Wen","2026-07-02 06:50:23",697.9,2,qinwen
1846,16445223,prophecy,"2026-06-29 17:00:10",697.9,2,prophecy
1847,16389742,"Nicholas Low","2026-06-21 07:39:53",697.8,2,lowhorngjiun
1848,16445985,AgoniE,"2026-06-28 12:40:21",697.8,1,agnoie
1849,16405524,kmn,"2026-07-02 14:22:15",697.8,2,kmatsu01
1850,16375373,owaowata,"2026-06-22 15:00:21",697.5,2,owaowata
1851,16377053,Ushimaru,"2026-07-02 08:46:07",696.9,2,behindkun
1852,16382768,tanitou,"2026-06-23 03:02:15",696.9,2,tanitou
1853,16401054,"Aki Ogawa","2026-07-02 13:40:31",696.9,2,akiogawa
1854,16420836,b13902103_yuhung94,"2026-07-02 04:06:20",696.9,2,yuhung94
1855,16394351,"Momotaro YAMADA","2026-06-24 16:35:59",696.8,2,"momotaroyamada,tsudowatanabe"
1856,16385158,Kaiyu28,"2026-06-19 01:35:07",696.6,1,kaiyu28
1857,16381197,SoPro,"2026-06-19 00:44:34",696.6,2,"ddrtraveler,fuzorizumu,meshigakari"
1858,16388824,norizuca,"2026-06-20 15:16:23",696.4,1,norizuca
1859,16375808,ITK8191,"2026-06-19 19:21:19",696.4,1,itsuki9180
1860,16405002,satofi,"2026-07-02 11:41:51",696.3,2,satofi
1861,16395684,"MTL Agent","2026-07-01 01:58:31",696.1,2,mko93420
1862,16372727,怒破餓鬼,"2026-07-02 13:41:54",695.4,2,"alcoholcat,ryutokeshi,yuinokogawa"
1863,16376912,Gyoukou,"2026-07-02 14:35:11",695.3,2,"hiroyashimono,itsukudayoooo,noriyukimori,wagasode,yufuin"
1864,16435763,kinotako,"2026-07-02 10:00:40",695.3,2,kinotako
1865,16394302,nugui-nugui,"2026-06-19 12:28:53",695.2,1,nuguinugui
1866,16373109,michaeloblak,"2026-06-29 08:53:41",695.1,2,michaeloblak
1867,16386416,"YOSHI SHIRA","2026-06-18 05:30:16",694.7,1,yoshishira
1868,16385877,SebaMG,"2026-07-02 04:31:00",694.4,2,sebastianmenesesg
1869,16381200,JackChenghao,"2026-06-18 05:29:51",694.3,2,jackchenghao
1870,16412598,"Nobu Hirai","2026-06-22 07:18:55",693.9,1,nobuyukihira
1871,16399700,JmpM,"2026-07-02 15:37:00",693.6,2,jmaru0707
1872,16380825,baudo828,"2026-06-18 14:54:09",693.6,2,baudo828
1873,16392430,HoooosE,"2026-06-19 05:39:53",693.6,1,hoooose
1874,16387688,"Yusuke #2","2026-06-18 09:17:07",693.1,1,warriashishuer
1875,16380522,ToMo,"2026-06-18 14:08:53",693.0,2,tomohiroh
1876,16379777,KiChang.Kim,"2026-07-01 04:59:17",693.0,2,kichangkim
1877,16371677,TMiki,"2026-06-27 10:59:41",692.7,2,tomohiromiki
1878,16376675,Nikukyu,"2026-06-23 09:43:48",692.5,2,tryuno
1879,16428020,Zak88511,"2026-07-02 12:11:55",692.3,2,zak88511
1880,16383547,joecorder,"2026-06-20 18:49:41",692.3,2,joecorder
1881,16425099,"Kenji Ishibashi","2026-07-02 12:26:57",692.1,1,ipl2026kenji
1882,16385310,yayoi111,"2026-07-02 14:09:38",692.1,2,tomoyakusama
1883,16388956,micchy,"2026-07-02 12:57:07",692.0,2,micchy326
1884,16402994,"SHOICHIRO NISHIDA","2026-06-26 00:23:05",691.9,2,shoichironishida
1885,16377605,makimakiver,"2026-06-27 09:04:32",691.9,2,yutakashibata
1886,16379028,NIT_PokemonS,"2026-06-30 06:34:17",691.8,2,"nitpokemons,rinsei33110,unknownkt"
1887,16383118,pokemob,"2026-06-22 11:55:23",691.8,2,pokemob
1888,16376497,RED,"2026-06-22 03:59:10",691.6,1,keijitakeshita
1889,16379802,Kiyo-Dai,"2026-06-23 10:55:08",691.4,1,k1yoda1
1890,16393213,Lonnie,"2026-06-22 06:08:36",691.4,1,lonnieqin
1891,16385235,datascientists,"2026-07-02 15:36:11",691.2,2,"aoao0314,eidaisakakibara,yuta0108"
1892,16417933,Denki39,"2026-06-24 01:53:03",691.1,2,noctsyndrome
1893,16384249,"Stanislaus Dusek","2026-06-18 11:35:55",690.9,2,stanislausdusek
1894,16388685,SatOmOri,"2026-06-18 12:49:43",690.9,1,satomori
1895,16376582,"Arthurs Torres24","2026-07-02 15:03:06",690.7,2,arthurstorres24
1896,16378846,"Prify Philip","2026-06-20 12:54:40",690.7,2,amchuz
1897,16385666,Toshiko1031,"2026-06-18 03:15:01",690.7,1,toshiko1031
1898,16392910,kami,"2026-07-02 16:02:13",690.7,2,"darrrma,hamham1234,kami634,takahashikeiji"
1899,16393428,bambi_create,"2026-06-26 03:31:43",690.4,2,bambicreate
1900,16386178,"Shaun Leong","2026-06-25 05:29:42",690.3,2,shaunleong
1901,16387818,"Hi Im Ryo","2026-06-28 00:46:08",690.3,2,loto610
1902,16382001,NecromanAlbert,"2026-07-02 15:41:15",690.3,2,necromanalbert
1903,16375816,shibachan,"2026-06-19 14:15:59",690.2,2,shibachan
1904,16385213,mizoi,"2026-06-22 22:52:58",690.0,2,mizoijin
1905,16392308,"yosuke kurosu","2026-06-19 03:08:07",690.0,1,noblacknolife
1906,16405191,"Pure Spirit","2026-06-27 12:49:05",689.9,2,"yoshihirosuzuki0804,yukiikami"
1907,16414073,DittleDev,"2026-07-02 09:05:32",689.8,2,"iker7027,kdarron94,ramendice"
1908,16414343,"Kazuya Shiroshita","2026-06-29 13:13:23",689.6,2,kazuyashiroshita
1909,16378629,M2AI,"2026-06-27 06:10:53",689.5,2,matsunai
1910,16380459,ytkaggleSyan,"2026-06-24 10:50:33",689.3,1,"shilatch,ytkagglesyan"
1911,16384779,LLLJ,"2026-06-26 07:24:52",689.3,2,tli004
1912,16383933,namachiya,"2026-06-17 19:35:16",689.2,1,namachiya
1913,16381237,TakosukeAI,"2026-07-01 14:10:30",689.1,2,takosukeai
1914,16376229,eryu1225,"2026-06-21 04:52:04",689.1,2,eryu1225
1915,16433050,"Haruki Miura","2026-06-25 12:38:24",689.0,1,hatomaru
1916,16381495,shanpu,"2026-06-18 23:35:31",688.9,2,shanpu
1917,16379631,mhiro2,"2026-07-02 13:51:48",688.8,2,mhiro2
1918,16382053,yoshi2no,"2026-06-17 13:47:34",688.6,1,yoshi2no
1919,16377404,Kokoro0711,"2026-06-18 13:14:46",688.3,2,kokoro0711
1920,16372539,Takibi,"2026-06-24 23:57:19",688.3,2,takibi
1921,16397495,"MiTo Barchetta","2026-06-20 01:42:38",688.2,1,mitobarchetta
1922,16376531,miruto,"2026-06-24 01:05:05",688.2,2,toshiyukiotake
1923,16398986,"Hammad Zahid","2026-06-22 06:02:06",687.9,1,hammadansari7
1924,16389547,SAKU,"2026-06-23 04:20:25",687.9,2,yuutasakurada
1925,16381567,peacemonkey,"2026-06-17 18:35:52",687.9,2,peacemonkey
1926,16408770,"Nori Miya","2026-06-28 01:56:28",687.6,2,norimiya
1927,16381491,"Yuh Kim","2026-06-17 12:55:04",687.6,1,yuhkim
1928,16378242,つるかす,"2026-06-17 07:00:50",687.4,1,lkryyoo
1929,16447433,SORA,"2026-07-01 03:47:42",687.4,2,sorareita
1930,16433330,capella,"2026-07-02 10:28:44",687.0,2,capella007
1931,16385656,MichaelJKnowles,"2026-06-28 01:23:21",687.0,1,mjknowles
1932,16421289,flatton,"2026-06-30 15:34:12",687.0,2,tomokifujihara
1933,16420021,田中紘章,"2026-06-24 06:41:31",686.9,1,hiroakitanakaaaa
1934,16405655,saeNeko,"2026-07-02 02:00:43",686.7,2,sae20gorilla
1935,16381310,"fuga doggo","2026-06-30 07:05:31",686.7,2,fugadoggo
1936,16381805,"Iwakiri Takuya","2026-06-18 13:15:04",686.5,1,iwaktaku
1937,16408418,"Niko Kristanto","2026-07-01 16:58:51",686.4,2,nikok6
1938,16400190,"yuki jyono","2026-06-22 18:05:37",686.3,2,yukijyono
1939,16435850,soramame0311,"2026-06-26 03:00:59",686.3,1,ano12pmo
1940,16380903,nekobo,"2026-06-29 15:20:32",686.3,1,nekobo
1941,16416889,nescence,"2026-06-24 05:24:58",686.2,1,nescence0
1942,16389916,"Hiroshi Ikeda","2026-06-18 17:38:05",686.1,1,hiroshiikeda314
1943,16386085,KodaiKatayama,"2026-06-18 05:34:57",685.7,1,kodaikatayama
1944,16379071,haru0707,"2026-06-18 10:04:24",685.6,2,haru0707
1945,16377821,長谷川太一,"2026-06-23 07:19:29",685.5,2,taichihasegawa1122
1946,16409208,"Sky kun","2026-07-01 12:44:30",685.5,2,skykun
1947,16422207,MEROBO,"2026-06-30 16:55:04",685.4,2,m3robo
1948,16372041,Takutsu,"2026-06-21 14:02:53",685.2,2,"keitanakamura50,komeshun,nocchan"
1949,16371417,yyou97,"2026-07-02 08:28:14",685.1,2,yyou97
1950,16381292,makosukepapa,"2026-06-25 05:15:32",684.6,2,makosukepapa
1951,16380166,"satoshi rizard","2026-06-22 16:04:12",684.6,2,satoshirizard
1952,16382750,"Ats Kubo","2026-06-21 01:17:14",684.5,2,atskubo
1953,16394523,TwinTV,"2026-06-20 17:47:47",684.4,2,"tinautran,yelloweevee"
1954,16400770,LeonArdoV.,"2026-06-29 20:56:26",684.4,2,lzsecurity
1955,16383961,Paramita,"2026-06-19 15:54:36",684.3,2,paramita82
1956,16376352,"Blair Dupre","2026-06-27 22:06:32",684.2,2,blairdupre
1957,16373303,"anthony mbadiwe ikeme","2026-06-28 08:05:42",684.1,2,anthonymbadiweikeme
1958,16377429,askbox,"2026-07-02 15:56:37",684.1,2,askboxnet
1959,16390991,Samsay24,"2026-07-02 07:39:09",684.0,2,samsay23
1960,16395327,Lemming,"2026-06-19 15:23:02",683.9,1,lemmingy
1961,16379819,"hardik rathod","2026-06-22 06:05:21",683.9,2,hardikrathod001
1962,16388412,toshizo,"2026-06-22 11:55:31",683.8,2,toshizo
1963,16398621,yottan0304,"2026-07-02 06:39:31",683.6,2,yottan0304
1964,16379911,KanngaiAgriculture,"2026-06-21 15:42:58",683.5,2,kanngaiagriculture
1965,16389043,Pushu?,"2026-07-01 10:11:15",683.4,2,"atshimamura,galois1123"
1966,16399780,Mokuron01,"2026-06-20 08:21:38",683.3,1,ao072101
1967,16381201,しゃけた,"2026-06-21 22:53:51",683.3,1,syaketa
1968,16471601,N.Takut,"2026-07-02 14:15:14",683.2,2,ntakut
1969,16371474,"Shardul Gharat","2026-07-01 17:24:06",683.1,2,shardulgharat
1970,16374199,psyrax012,"2026-07-02 15:50:53",682.9,2,psyrax012
1971,16375680,pensukesan,"2026-06-19 09:17:00",682.8,2,pensukesan
1972,16377843,Mindnightdestroy,"2026-06-29 07:00:27",682.6,2,mindnightdestroy
1973,16435396,RMensinck,"2026-07-02 14:13:21",682.5,2,rmensinck
1974,16421789,Ryan,"2026-06-23 15:25:07",682.0,1,ryanet
1975,16382415,"Kawee Lekmuenwai","2026-06-28 23:33:42",681.8,2,kaweelekmuenwai
1976,16377377,コモルー,"2026-06-28 09:56:36",681.7,2,"bbrage,fest4816,musososo"
1977,16388802,uhyoppo,"2026-07-02 00:26:26",681.5,2,"kitiban,kona571,uhyoppo,zagazaga"
1978,16389973,HirotaSaurus,"2026-06-25 05:41:50",681.3,2,hirotasaurus
1979,16411779,"Kawamura Shoma","2026-06-22 04:19:21",680.8,1,kawamurashoma
1980,16372207,"Xuan Zhang","2026-06-17 15:10:42",680.8,1,xuanzhang001
1981,16382484,DaifukuMochi,"2026-06-19 04:43:31",680.7,2,"ayane0111,yukimee"
1982,16402531,"Tsubasa Hirose","2026-06-20 14:47:55",680.6,2,tsubasahirose
1983,16427756,solle,"2026-06-24 13:40:00",680.6,1,solle458
1984,16404077,"Michael Pershin","2026-07-02 15:16:30",680.5,2,michaelpershin
1985,16414861,Wellch,"2026-06-22 14:21:46",680.3,1,wellch
1986,16372043,tarou_imokenpi,"2026-06-24 11:36:12",680.2,2,tarousanimo
1987,16394075,PLAYERshi,"2026-06-28 16:40:55",680.0,2,playershi
1988,16406182,FabrizioFedericoni,"2026-06-25 11:17:19",679.9,2,ffedericoni
1989,16419994,尾崎裕基,"2026-06-24 02:41:24",679.8,1,yukio511
1990,16376168,ぶれめか,"2026-07-01 04:40:57",679.8,2,blaymaker
1991,16372980,"Yuminosuke Sato","2026-07-01 04:03:10",679.8,2,yuminosukesato
1992,16381480,naoto714,"2026-07-02 13:33:18",679.7,2,naoto714
1993,16393588,saku_tohoku,"2026-06-19 09:24:06",679.4,1,sakutohoku
1994,16373881,Chunibyo,"2026-06-25 06:14:59",679.3,2,chunibyo
1995,16389409,andmohiko,"2026-06-20 02:06:58",679.2,2,andmohiko
1996,16385999,umsyspokeka,"2026-07-02 09:18:28",679.1,2,umsyspokeka
1997,16381981,patamaru,"2026-06-17 14:13:24",679.1,1,patamaru
1998,16408194,irontomato,"2026-06-21 13:57:25",679.0,1,irontomato
1999,16420176,chaojiwudiwujie,"2026-06-23 10:06:36",678.9,1,chaojiwudiwujie
2000,16392238,Jouta_123,"2026-06-19 02:38:12",678.9,2,jouta123
2001,16381435,N,"2026-07-01 12:03:29",678.9,2,"masakiaota,norikmb,occccn,shichi,sidett"
2002,16401278,ba,"2026-06-21 14:34:15",678.7,1,yusukebaba
2003,16378360,"ABC Leokin-TV","2026-07-01 01:13:57",678.6,2,abcleokintv
2004,16377403,"Sumant V J","2026-06-28 04:03:30",678.6,2,sumantvj
2005,16382068,lucasta1,"2026-06-30 17:44:14",678.6,2,lucasta1
2006,16390101,Pokopia,"2026-07-02 14:34:05",678.5,2,"timothyzhang123,yilinge,yuyizhu"
2007,16402563,"Mayuko Tatsuki","2026-07-01 05:55:54",678.1,2,mayukotatsuki
2008,16412653,ホテルくましい,"2026-06-22 07:19:21",678.0,1,kumasshii
2009,16392620,ZealChou,"2026-06-30 16:10:07",678.0,2,zealchou
2010,16386264,みちみちすたーきんぴか,"2026-06-20 05:39:37",677.7,1,"mtmt777,nekinova"
2011,16409242,nasubii,"2026-07-01 16:33:41",677.6,2,nasubii1109
2012,16392551,takentake,"2026-06-26 01:33:55",677.4,2,takentake
2013,16395207,"Abeeb Adesina","2026-06-25 19:15:44",677.3,2,adesinaabeeb
2014,16460538,ElliotC,"2026-07-02 15:26:48",677.2,2,elliotcmh
2015,16381274,MCH,"2026-07-02 05:59:27",677.2,2,"gamesenmu,henonun,tarumikei"
2016,16377242,domkade,"2026-06-19 12:03:38",677.0,1,domkade
2017,16378332,"Sweta Jain","2026-06-21 06:22:24",676.9,2,swetajain04
2018,16374904,CPAO,"2026-06-26 20:12:47",676.9,2,"jgrimesey,sirfelyne"
2019,16446448,"Diogo Sena","2026-07-02 03:07:27",676.8,2,diogodmsena
2020,16379894,"MORIOKA Tsuoi","2026-07-02 14:43:05",676.7,2,"iiinada,koshin953,moriokatsuoi,shogonagashima"
2021,16464458,"Ishizue Lab","2026-07-02 06:56:20",676.6,2,ishizuelab
2022,16379869,kekekk,"2026-06-17 09:52:56",676.2,2,kekekk
2023,16376682,larry54321zhao,"2026-07-01 23:09:15",676.2,2,larry54321zhao
2024,16436336,Foxyone,"2026-06-26 05:56:48",676.0,1,foxyone
2025,16373654,"カツラギ シン","2026-06-18 08:43:54",676.0,2,nqxw1kqw
2026,16375898,yanto,"2026-06-21 01:32:03",675.9,2,yanto7369
2027,16397498,Pumpkin@Pokeca,"2026-06-29 06:02:17",675.8,1,pumpkinpokeca
2028,16375381,"Team Rockets MAGIKARP","2026-06-25 19:34:39",675.8,2,"opulentisaeon,ren2140"
2029,16378351,ララ！ラボ,"2026-06-17 15:56:30",675.7,2,"akaaku,jokato"
2030,16427514,"Nene Gotanda","2026-06-25 11:38:29",675.7,2,nenegotanda
2031,16376003,"Ryoma Terazawa","2026-06-26 14:48:52",675.6,2,ryomaterazawa
2032,16381161,naokichi4869,"2026-06-17 16:13:19",675.5,2,naokichi4869
2033,16372468,k3nt,"2026-06-22 13:13:16",675.3,1,kent34
2034,16377823,おやつパンダ,"2026-06-26 15:41:32",675.2,2,yoichi0839
2035,16424883,"salty bear","2026-06-24 05:07:44",675.1,1,shiomunny
2036,16384334,"William Humphrey","2026-06-23 02:40:31",675.0,2,williamhumphreyyy
2037,16378099,AlphaPoké,"2026-07-02 09:42:26",674.7,2,mmummmm
2038,16383858,"Cheshire Cat","2026-06-18 18:55:53",674.6,2,ytaka23
2039,16389795,"Naziba Tasnim","2026-06-18 16:15:33",674.5,1,nazcet
2040,16380542,NuuNohjo,"2026-07-01 15:36:12",674.3,2,nuunoh
2041,16375036,"Viturv Pathak","2026-06-29 19:21:47",674.2,2,"meckarohan,viturvpathak"
2042,16397760,YamamotoKazuya,"2026-06-20 07:01:14",674.1,2,yamamotokazuya
2043,16403723,"Djenk Ivanov","2026-06-24 17:30:22",674.0,1,djenkivanov
2044,16389944,"Brian Chuan","2026-06-23 14:09:48",673.8,2,brianchuan
2045,16392290,"alonso bardales","2026-06-26 14:25:36",673.5,2,alonsobardales
2046,16401131,hiroshun,"2026-06-21 10:24:49",673.2,2,hiroshun
2047,16383862,zzz_nya,"2026-06-18 22:06:21",673.2,2,zzznya
2048,16393284,kawauso,"2026-07-02 09:35:10",673.1,2,kawausoo
2049,16382502,yuta_muds,"2026-06-17 15:58:55",673.1,2,yutamuds
2050,16398692,dhue123,"2026-06-28 11:36:48",673.1,2,dhue123
2051,16388132,"Mrutyunjay Joshi","2026-06-18 10:34:25",673.0,1,mrutyunjayjoshi
2052,16376174,seigou,"2026-07-02 06:36:04",672.9,2,arimitsuseigou
2053,16372118,"Nao Komura","2026-06-30 00:37:27",672.9,2,naokomura
2054,16381504,かすみさんち,"2026-07-02 00:04:24",672.7,2,fummaeda
2055,16388914,"Yamada Iwao","2026-06-28 12:02:41",672.7,2,order0
2056,16456469,KE1TA0144,"2026-06-30 05:11:44",672.6,1,ke1ta0144
2057,16371414,"PRANAY MANE ","2026-06-27 02:53:20",672.6,2,mpranay53
2058,16375387,"Kingsley Compton","2026-06-24 02:58:58",672.5,2,kingsleycompton
2059,16401519,Gachimoto,"2026-06-25 13:04:42",672.5,2,fujimotec
2060,16375541,"Tomo & K","2026-07-02 01:42:57",672.5,2,tomonariokubo
2061,16388797,heren-27,"2026-06-20 00:43:57",672.4,2,heren27
2062,16381228,"Yuki Yanagi","2026-06-20 04:21:39",672.2,2,yyanagiras
2063,16427548,ttmn,"2026-06-27 06:57:21",672.1,2,koheitsutsumi
2064,16412815,"Prashant Kikani","2026-06-22 07:36:52",672.1,1,prashantkikani
2065,16390807,"Luca Guerra","2026-06-24 19:02:27",672.0,2,lucague
2066,16404677,S3R3Bii,"2026-06-30 18:28:46",672.0,2,jamesjeaniv
2067,16418125,ky_penyo,"2026-07-02 01:51:05",672.0,2,kypenyo
2068,16374915,kevin28gou,"2026-07-02 08:06:18",671.6,2,kevineen
2069,16472206,yk-3141,"2026-07-02 08:21:24",671.5,2,yk3141
2070,16391939,PP.TAKEHIRO_KAWADA,"2026-07-02 14:36:41",671.4,2,pptakehirokawada
2071,16408856,"Rebis Global","2026-07-02 14:21:20",671.3,2,chrisgendryx
2072,16386210,DoAI,"2026-07-02 14:55:14",671.0,2,kyoheid
2073,16445054,"Naoki Susami","2026-07-02 14:48:30",670.9,2,naokisusami
2074,16374407,kakenn,"2026-06-18 09:11:11",670.9,2,kakenn
2075,16388648,arutoria,"2026-06-30 14:28:36",670.8,2,arutori0ebi
2076,16394646,"What’s Next 4","2026-06-28 06:08:38",670.4,1,"legnograph,tazawa2002,ytajima"
2077,16415106,中村円威,"2026-06-22 18:36:22",670.3,1,kz0000001
2078,16419675,waiwai0121,"2026-06-28 14:22:16",670.2,2,waiwai0121
2079,16384416,ohnuma,"2026-06-17 20:20:05",670.0,1,ohnuma00
2080,16411390,リュミオーネTom,"2026-06-22 05:54:52",669.9,1,tomlyumione
2081,16403381,"HIDEYO CHIBA","2026-07-02 02:17:01",669.8,2,hideyochiba
2082,16379713,palsanp,"2026-06-17 09:05:39",669.7,1,palsanp
2083,16432669,Haiku,"2026-06-27 05:31:49",669.6,1,takeyt
2084,16393970,"Kai Buchmueller","2026-06-19 21:36:26",669.4,1,kaibuchmueller
2085,16377030,oggata,"2026-06-17 04:19:31",669.4,1,fumitoshiogataoggata
2086,16379518,nishiyamadaiki,"2026-06-22 11:34:23",669.3,1,nishiyamadaiki
2087,16438242,FinlaMor,"2026-07-02 11:16:06",669.2,2,finlamor
2088,16375340,x-team,"2026-06-18 17:21:20",669.1,2,"kentokodama,xhiroron"
2089,16382154,宮原景信,"2026-06-19 05:01:45",669.0,2,kagenobu
2090,16430143,KAgent71,"2026-06-30 20:50:54",668.9,2,Rlax71
2091,16384892,digimagi,"2026-07-02 00:09:23",668.8,2,digimagi
2092,16377781,Takasawy,"2026-06-25 19:28:02",668.3,2,takasawy
2093,16382187,"philip next","2026-06-24 14:43:45",668.3,2,"auhulu,philipnext"
2094,16414814,"Kan #2","2026-07-01 07:56:12",668.2,1,kantamotohashi
2095,16450857,Par_Kahe,"2026-06-29 11:32:10",667.8,1,parkahe
2096,16406168,abidencewww,"2026-06-28 18:21:56",667.7,2,abidencewww
2097,16400889,cAco3,"2026-06-24 16:42:35",667.5,2,caco3r
2098,16379315,"Ryounosuke Kouriki","2026-06-17 09:37:13",667.3,2,ryounosukekouriki
2099,16371915,nun,"2026-06-29 23:36:56",667.3,2,ayumusaito
2100,16428730,"Douglas Winston","2026-06-25 02:41:01",667.3,1,douglaswinstonr
2101,16388698,ItsukiYamamoto,"2026-06-21 01:34:59",667.2,1,takotopusu
2102,16373209,nakusnakus,"2026-06-18 16:53:52",667.0,2,nakusnakus
2103,16431331,insuperabilehart,"2026-06-26 05:46:37",666.7,2,insuperabile
2104,16395486,Myagi,"2026-06-28 13:49:26",666.7,2,myagi0617
2105,16386868,yuki-yukiii,"2026-06-18 09:48:43",666.7,1,yukiyukiii
2106,16378495,"ﾖﾈｸﾗ ﾃﾝｾｲne251225","2026-06-20 08:33:04",666.2,2,ne251225
2107,16391965,Ras,"2026-06-25 02:29:28",666.2,2,charlescocherl
2108,16403942,lackmind,"2026-06-25 01:29:39",665.9,2,lackmind
2109,16377453,"Gururaj Krishna Sharma","2026-06-21 14:37:22",665.8,2,gururajsharma
2110,16388842,"Thomas Semczyszyn","2026-06-23 01:56:21",665.7,2,thomassemczyszyn
2111,16429987,kevotovar14,"2026-06-24 21:53:14",665.6,1,kevotovar14
2112,16380183,Lesiu,"2026-06-24 23:56:44",665.1,2,klesik
2113,16385671,"Spanish Duck","2026-06-21 05:58:12",664.8,2,spanishduck
2114,16402341,I'mAI0320,"2026-06-28 12:54:14",664.7,2,imai0320
2115,16373857,Tyshi79,"2026-06-29 02:44:11",664.6,2,tyshi79
2116,16404079,"ryan panda","2026-06-30 19:17:02",664.6,2,hollowpurple
2117,16391335,"Paul Lockett","2026-06-24 15:45:05",664.6,2,paullockett
2118,16405171,"Shuto Sagawa","2026-07-02 14:47:17",664.6,2,shutosagawa
2119,16434584,헛개나무,"2026-06-28 00:52:55",664.2,1,tbn12321
2120,16375568,yatosa,"2026-06-29 08:32:25",664.2,2,yatosa
2121,16375685,しろしろ,"2026-06-28 15:53:01",663.8,2,siro1216
2122,16438316,cyan32,"2026-07-01 12:43:51",663.6,2,cyan32
2123,16392658,"Ajito Nelson","2026-07-02 15:15:45",663.5,2,ajito89
2124,16432999,jack9999ske,"2026-06-28 13:02:36",663.4,2,jack9999ske
2125,16387220,"Keisuke Hirose","2026-06-18 08:32:42",663.1,1,matsuinaoki
2126,16400684,Shizupoke,"2026-07-02 14:03:33",663.0,2,"flat1017,kazzzaspala,pokenushi"
2127,16406840,"K MATSUI","2026-06-21 09:56:59",662.9,1,kmatsi
2128,16402097,"Kengo Yoko","2026-07-02 15:04:28",662.8,2,kengoyoko
2129,16388236,tetsu31,"2026-07-02 00:43:20",662.3,2,tetsu31
2130,16386375,mk,"2026-06-18 10:57:41",662.3,1,koshiromurai
2131,16381294,"Junliang Ye","2026-07-01 09:40:47",662.3,2,junliangye
2132,16399987,nagiya,"2026-06-21 15:14:39",662.1,1,nagiya
2133,16381138,yk724985,"2026-06-18 07:06:28",661.9,2,yk724985
2134,16404889,"Shion Fukuzawa","2026-06-21 21:51:14",661.8,1,shifubear
2135,16443408,"D kameT","2026-06-27 15:09:42",661.8,1,dkamet
2136,16382054,"Shakthi Kondamoni","2026-06-18 15:45:19",661.7,1,shakthikondamoni
2137,16421669,ichitaro3,"2026-07-02 15:14:29",661.6,2,"ichitaro3,nao1nao"
2138,16393128,TTITIM,"2026-06-21 03:27:46",661.6,2,ttitim
2139,16451295,"Yu Tomita","2026-07-01 14:24:09",661.3,2,yu0228
2140,16392313,tuannm3812,"2026-06-30 22:44:46",661.3,2,tuannm3812
2141,16395187,FMBRO,"2026-06-30 12:41:40",661.3,2,tanakayoshihito
2142,16376465,monnosuke,"2026-07-02 15:19:11",661.2,2,shiomi1012
2143,16414781,Masaya_SAN,"2026-06-27 15:23:21",661.2,2,"k4eed3,masayasan"
2144,16446317,あびかし,"2026-06-28 11:27:30",661.1,1,abcomsb
2145,16402050,daphniapulex,"2026-06-21 17:15:51",661.1,2,daphniapulex
2146,16385214,pontamaru,"2026-06-30 09:14:18",661.0,2,pontamaru
2147,16408496,"Yosuke Yamaji","2026-06-21 14:48:55",660.7,1,yosukeyamaji
2148,16412526,Kaikaku,"2026-07-02 08:04:05",660.6,2,kaikaku
2149,16373314,"Ryoya Tsuruoka","2026-07-02 14:48:26",660.6,2,irohasorange
2150,16381129,"mamaPaPa Cloude","2026-07-02 14:48:45",660.5,2,"lamana0120,makisaito"
2151,16449943,YounsungLEE,"2026-06-29 16:07:46",660.4,2,younsunglee20251042
2152,16411462,m-murao,"2026-07-01 01:21:55",660.4,2,mmurao
2153,16372578,TERUTERU,"2026-06-20 22:08:04",660.3,2,monz65
2154,16457064,Daisuke,"2026-07-02 15:31:39",660.3,2,daisukes94
2155,16396502,TheDigitalCK,"2026-07-02 16:03:22",660.2,2,thedigitalck
2156,16398119,"Iwasaki Takanori","2026-06-22 22:01:21",659.6,2,iwasakitakanori
2157,16392927,"Mark Cooper","2026-07-02 14:37:21",659.6,2,markjcooper
2158,16448901,"Suleyman The Magnificent","2026-07-02 13:36:29",659.5,2,sayidl
2159,16427762,"TOMONORI TAKEUCHI","2026-07-02 07:50:01",659.5,1,tomonoritakeuchi
2160,16382386,BarrelAged,"2026-06-29 01:23:32",659.2,2,johnhosack
2161,16410906,"Casey Bennink","2026-06-21 22:40:43",659.0,1,caseybennink
2162,16382598,Aiagate,"2026-06-21 04:30:30",659.0,2,aiagate
2163,16390961,shop_0761,"2026-06-20 09:32:23",658.8,2,shop0761
2164,16373619,"Tae Shin","2026-06-18 14:51:00",658.7,2,taeshin
2165,16410959,"jorge fabian avila","2026-06-22 23:48:20",658.5,1,jorgefabianavila
2166,16379476,MasaPokemon,"2026-07-02 06:59:14",658.5,2,masapokemon
2167,16381460,小野修平,"2026-07-02 00:43:06",658.4,1,littlechama
2168,16385382,KentoKuri,"2026-07-01 14:03:08",658.3,2,kentokuribayashi
2169,16376745,paistieco,"2026-06-25 03:21:04",658.2,1,gregorypoist
2170,16431351,motemen,"2026-07-02 12:36:13",658.2,2,motemen
2171,16377483,箕面からこんにちわ,"2026-06-18 03:10:41",657.9,1,mamoruch
2172,16383032,"hieda kazvki","2026-06-29 11:10:38",657.9,2,"kazvki,shunyanhieda"
2173,16447261,🐱KittenLeague🐱,"2026-07-02 14:42:03",657.9,2,"cicimeow,onlytimeknows"
2174,16371751,C&P,"2026-06-17 15:11:50",657.8,1,"cristinaaguilera,pablesky"
2175,16375356,"SEIICHIRO Kojio","2026-06-18 11:23:18",657.8,2,seiichirokojio
2176,16401285,"Yusei Sakagami","2026-06-22 15:01:00",657.8,2,yuseisakagami
2177,16390577,Thazzeus,"2026-07-02 14:18:52",657.7,2,thazzeus
2178,16389563,"Hamadryas Baboon","2026-07-02 15:39:30",657.6,2,"ank0115,koboring,rira1020,sen469,yuta091005"
2179,16380569,natz,"2026-06-17 11:12:36",657.6,2,natz01
2180,16437824,"Nikodem Kuliś","2026-06-27 09:31:13",657.6,1,nikodemkuli
2181,16380804,"YUSEI SAKAI","2026-06-17 12:52:17",657.6,2,yuseisakai
2182,16446351,gakutomo,"2026-07-01 21:56:04",657.5,2,gakutomo
2183,16392519,tonpeeee_pokemon,"2026-07-02 09:10:51",657.5,2,"berrytea,smeargle31415,yamakaggler"
2184,16408051,ruten,"2026-06-21 15:36:12",657.2,1,daisukemiyoshi
2185,16389045,なかよしポケカ倶楽部,"2026-07-02 14:11:58",657.1,2,eviess00team
2186,16382304,ntk_ta01,"2026-06-18 15:45:09",656.9,2,ntkta01
2187,16440334,"Max Manushin","2026-07-01 08:25:33",656.8,2,innerf1re
2188,16381879,nicov8810,"2026-06-18 00:08:52",656.8,2,nicov8810
2189,16376536,Utakata-SciFi,"2026-06-21 20:30:16",656.7,2,koarunozue
2190,16430358,koumiyata,"2026-07-02 14:38:24",656.6,2,koumiyata
2191,16400852,testuser,"2026-06-21 06:50:33",656.2,1,kazuhiro494949
2192,16383389,"Jebriel Abdul","2026-06-20 03:22:10",656.2,1,jebrielabdul
2193,16379922,itohudo,"2026-06-18 04:05:41",656.1,2,itohudo
2194,16373993,"Kohei #2","2026-06-17 16:29:51",655.9,2,koheiterashita
2195,16386501,arrow_utpoke,"2026-07-01 09:41:27",655.8,2,arrowutpoke
2196,16379523,Konosuke_Takeshima,"2026-06-18 15:25:14",655.8,2,konosuketakeshima
2197,16378648,"Andrew Daniels","2026-06-17 10:36:51",655.7,2,andrewdanielsaus
2198,16377016,ega_water,"2026-06-25 13:57:43",655.7,2,egawater
2199,16392231,hitoy,"2026-06-20 04:44:50",655.6,1,colonnnnn
2200,16411955,"NAKANISHI Yoshiaki","2026-06-22 05:54:52",655.6,1,nakanishiyoshiaki
2201,16439519,Jackuang,"2026-07-01 16:45:01",655.5,2,jackuang
2202,16373240,hattori88,"2026-06-18 15:45:36",655.4,2,soichirohattori88
2203,16382146,"coffy 44","2026-06-18 15:11:41",655.1,1,coffy44
2204,16386691,nomal_sheep,"2026-06-18 06:32:55",655.1,1,nomalsheep
2205,16382511,"shu-tanuma ","2026-06-20 05:20:59",655.0,2,shutanuma
2206,16386902,Sifar12,"2026-06-18 07:08:43",654.8,1,sifar12
2207,16385544,CourtB559,"2026-06-21 19:49:47",654.8,2,courtb559
2208,16377338,"JiMing Feng","2026-07-01 05:20:40",654.3,2,jimingfeng
2209,16397273,maaggle,"2026-06-24 12:16:19",654.0,2,maaggle
2210,16419524,折扇戏美人,"2026-06-23 17:23:26",653.9,2,qiujiawei
2211,16391514,"Aji Samudra","2026-07-02 14:32:35",653.9,2,ajisamudra
2212,16385361,"Kazutoshi Inoue","2026-06-27 09:33:38",653.8,2,"kakerusugiyama,kazutoshiinoue,ryumaishiguro"
2213,16392550,ZAKI8742,"2026-06-19 04:34:52",653.5,1,zaki8742
2214,16371545,"ayasaki rin","2026-06-24 12:51:14",653.4,2,ayasakirin
2215,16417304,tyindolent,"2026-07-01 03:45:17",653.4,2,tyindolent
2216,16388568,"WO LOAD","2026-06-20 18:53:16",653.3,2,woload
2217,16377190,mochamocha_Y,"2026-06-30 05:31:14",653.2,2,mochamochay
2218,16429305,"Zammaar Shafqat Malhi","2026-06-25 14:02:31",653.2,2,zammaar
2219,16373756,"THAI TA","2026-06-22 16:47:18",653.0,2,vanthaita
2220,16472499,"Andreas Bretschneider","2026-07-02 08:14:04",652.8,1,andreasbretschneider
2221,16377176,"HARUKI HARADA","2026-06-21 18:33:33",652.7,2,harukiharada
2222,16411382,東アジアフォレストリバー探検隊,"2026-06-25 09:07:54",652.5,2,jumpeitsujimoto
2223,16448114,"Gregers Rygg","2026-06-30 06:26:47",652.2,2,gregersrygg
2224,16465213,Hase2727,"2026-07-02 01:27:44",652.1,2,hase2727
2225,16395088,Raster0x2a,"2026-06-29 14:06:59",652.1,2,raster0x2a
2226,16433831,SIGOTO,"2026-06-30 09:20:34",652.0,2,sigoto
2227,16375970,サム・マウンテンマン,"2026-06-20 06:33:32",651.9,2,higa414
2228,16377622,bigwave2,"2026-06-17 11:42:27",651.6,1,bigwave2
2229,16392542,lol_dino,"2026-06-24 15:14:34",651.3,2,eringi337
2230,16402527,oimo_tabetai,"2026-06-20 14:12:14",651.2,1,oimotabetai
2231,16383194,t-hash1995,"2026-07-02 02:14:44",650.8,2,thash1995
2232,16392919,"kiwi apple","2026-07-02 13:38:09",650.7,2,kiwiapple
2233,16405107,MushaKGL,"2026-06-21 12:58:02",650.7,1,mushakgl
2234,16379617,nabepoke,"2026-06-18 06:41:00",650.4,2,nabepoke
2235,16440818,twakaiki,"2026-07-02 04:44:11",650.2,2,bassahosi
2236,16393574,zk,"2026-06-27 05:54:18",650.0,2,zkk0401
2237,16375917,coba11,"2026-07-02 14:40:17",650.0,2,kenkkkk
2238,16378476,aaa,"2026-06-29 11:11:00",650.0,2,liuyuq
2239,16377502,chinaq,"2026-06-24 03:32:09",649.7,2,chinaq
2240,16379427,DreDree,"2026-06-17 11:32:51",649.7,1,dredree
2241,16384727,"Rohit potdukhe","2026-06-18 21:38:34",649.7,1,rgpotdukhe
2242,16430922,taku_Kuma,"2026-07-02 12:35:26",649.5,2,"junichiozaki,ppikegamipli12hi009,superyyyyy,takukuma"
2243,16383277,Forager,"2026-07-02 03:34:43",649.3,2,mrswazzy21
2244,16439233,sharkself,"2026-06-26 16:41:02",648.8,1,sharkself
2245,16391926,so-ta,"2026-06-27 18:55:20",648.7,2,soutaozaki
2246,16411485,"Chipping Spearow","2026-07-01 21:04:23",648.4,2,deanpixton
2247,16382679,ちょはん,"2026-06-20 15:25:04",648.3,2,tyohan
2248,16441839,taksai,"2026-07-01 10:09:02",647.9,2,tsaito21219
2249,16385042,schezo,"2026-07-01 13:55:03",647.8,2,schezo817
2250,16391367,"Fornalha Criativa","2026-06-19 13:17:27",647.5,1,fornalhacriativa
2251,16384732,"Francesco Sardo","2026-06-24 18:04:07",647.2,2,fransardo
2252,16382660,solenoider,"2026-06-20 16:37:28",647.2,2,solenoider
2253,16468469,"Lukas Simokaitis","2026-07-02 11:18:20",646.9,2,lukassimokaitis
2254,16441553,jun.2.tam,"2026-06-28 10:33:02",646.9,2,jun2tam
2255,16461209,"Ngoc Nguyen Tuan","2026-07-02 03:08:33",646.8,2,ngocnguyentuan
2256,16384192,"Vedant A.","2026-06-20 19:52:33",646.5,2,crimeandpunishment
2257,16375697,ryus1234,"2026-07-02 06:22:50",646.4,2,ryus1234
2258,16378059,yuna5577,"2026-06-18 12:10:10",646.4,2,yuna5577
2259,16386255,からし,"2026-06-21 06:49:49",646.1,2,karax66
2260,16375925,Kensei,"2026-06-19 04:21:01",645.7,2,kenskens
2261,16421198,akachocobo,"2026-06-28 14:23:14",645.7,2,akachocobo7
2262,16388364,miya,"2026-06-29 23:01:21",645.4,2,miyamuratakeki
2263,16430376,yoikoarmor,"2026-07-02 04:54:43",645.4,2,yoikoarmor
2264,16415007,"yuki #6","2026-06-22 15:19:14",645.3,1,inuyu25
2265,16372761,yamatchan,"2026-06-25 01:07:12",645.0,2,yamatchanjp
2266,16440905,ahawd,"2026-06-27 03:05:56",644.6,2,wd2314
2267,16386353,"村松 大介","2026-07-01 21:50:46",644.6,2,nattoucurry
2268,16407883,"MASAYU KOBAYASHI","2026-07-01 13:13:25",644.6,2,masayukobayashi
2269,16467187,YKumazaki,"2026-07-02 07:54:54",644.6,2,ykumazaki
2270,16379720,"Occult Lab","2026-06-25 11:30:38",644.3,2,ryojikato
2271,16392291,"Masayuki Kimura","2026-06-30 15:55:03",644.1,2,masayukikimura1976
2272,16389721,"Kazuma Mori","2026-06-30 07:19:41",644.1,2,mk7wx3
2273,16380934,muko,"2026-06-25 06:09:59",644.0,2,mukocha
2274,16379512,soyukke,"2026-07-02 08:23:23",644.0,2,soyukke
2275,16443310,hacotowha,"2026-07-02 13:21:53",643.9,2,hacotowha
2276,16420240,佐藤広基,"2026-07-02 01:55:02",643.9,2,kiriko3
2277,16414402,"Quentin Gense","2026-06-26 09:21:25",643.4,2,quentingense
2278,16389930,"xiang li122","2026-07-01 14:57:15",643.3,2,xiangli122
2279,16422377,Spintronic,"2026-07-01 09:47:19",642.5,2,spintronic
2280,16376918,"Yuuma Funasaka","2026-06-28 08:55:59",642.5,2,yuumafunasaka
2281,16451611,ShoheiSaito,"2026-07-02 07:34:57",642.4,2,shoheisaito
2282,16383808,TK0227,"2026-06-18 16:51:11",642.4,1,tk0227
2283,16416352,"Patrick Graham","2026-07-01 12:11:24",642.3,2,pabreetzio
2284,16408985,"hiroki kameyama","2026-06-23 14:17:40",642.3,2,hirokikameyama
2285,16381500,yomogi221,"2026-06-17 12:56:21",642.2,1,yomogi221
2286,16446527,Yucahu,"2026-07-01 22:56:56",642.0,2,drakus74
2287,16390927,"Anh Lam","2026-07-01 05:26:26",641.9,2,amelialam
2288,16382244,RNA4219,"2026-06-29 12:35:32",641.9,2,ryona0123
2289,16437103,Taishoh,"2026-07-01 19:30:21",641.8,2,taishoh
2290,16382112,"Shuri Ikeno","2026-06-27 16:17:59",641.3,2,shuriikeno
2291,16371895,"DD Adai","2026-06-27 08:34:00",641.3,2,ddadai
2292,16392721,Uzi_0003,"2026-06-26 10:04:39",641.3,2,uzi0003
2293,16396468,sakataxr,"2026-06-25 22:29:25",641.1,2,sakataxr
2294,16393850,"Yuji Nomura","2026-06-28 12:22:11",641.0,2,yujinomura
2295,16408894," me-keh-dev","2026-06-30 14:23:29",640.6,2,mekehdev
2296,16397200,cata,"2026-06-19 23:51:01",640.6,1,adgjmptw1324
2297,16419115,"Wejdan Al-Ahmadi","2026-06-29 10:04:09",640.6,1,wejdanalahmadi
2298,16376253,Pytorch,"2026-07-02 14:54:31",640.4,2,users0ma
2299,16392162,"Packsilog TCG","2026-06-22 09:58:43",640.3,2,packsilogtcg
2300,16385011,"curry panda ex","2026-06-26 00:05:47",640.2,1,kyopanda
2301,16401021,msd0110,"2026-07-02 12:56:36",640.1,2,msd0110
2302,16394762,"Y M","2026-07-02 09:53:58",639.9,2,ym0207
2303,16394786,Taimo,"2026-07-02 16:05:02",639.9,2,taikimori
2304,16394093,nynyny67,"2026-06-27 03:35:41",639.7,2,nynyny67
2305,16446325,NaoKato,"2026-06-28 10:53:43",639.5,1,naokato
2306,16431613,"Rijul Gupta","2026-06-25 21:16:57",639.5,2,rijulgupta
2307,16375597,"Muhammad Ibrahim Qasmi","2026-06-19 19:50:55",639.4,2,ibrahimqasimi
2308,16378217,andayougui,"2026-07-02 15:16:06",639.4,2,"andayougui,rayokui,rohiomayameka,uedakani"
2309,16380229,"Kaiba Corporation","2026-07-01 11:21:53",638.8,2,mkesen
2310,16400957,"AKIRA TAKADA","2026-06-24 16:02:03",638.8,2,akiratakada
2311,16372467,Kuuma5,"2026-07-02 16:03:49",637.8,2,kuuma5
2312,16384216,atpmara,"2026-06-19 05:19:09",637.8,2,atpmara
2313,16376456,"Ryota Matsuki","2026-06-18 12:50:09",637.7,2,budoto
2314,16445040,"Danilo Antonietto","2026-06-28 19:54:45",637.7,2,daniloantonietto
2315,16377372,齋藤壮汰,"2026-06-22 03:55:17",637.2,2,samaru0521
2316,16407118,choku777,"2026-06-25 08:14:32",637.0,2,choku777
2317,16371806,hida1211,"2026-06-29 10:12:20",637.0,2,hida1211
2318,16376530,yuto,"2026-06-29 12:12:27",637.0,2,yutoseeda
2319,16375656,currentbranch,"2026-06-20 10:40:47",636.9,2,currentbranch
2320,16374816,"Nathan Arellano","2026-07-02 04:57:58",636.7,2,nathanarellano
2321,16433283,"Henrique Mancini Castilho","2026-06-25 20:41:30",636.7,2,sharshock
2322,16442959,kkunizaw,"2026-06-28 13:57:08",636.6,2,kkunizaw
2323,16381540,Spacekuma,"2026-07-01 08:39:35",636.5,2,kimsunghyun76
2324,16377691,Akanashi,"2026-06-17 15:34:51",636.4,1,akanashi
2325,16408517,nitoyon,"2026-06-21 14:24:12",636.4,1,nitoyon
2326,16449971,"hironobu sakuma","2026-07-01 21:00:23",636.4,2,hironobusakuma
2327,16377590,AwA,"2026-06-22 09:37:02",636.3,1,itoda10
2328,16384037,inu1234567,"2026-06-19 07:02:32",636.1,2,inu1234567
2329,16376653,"szlachetny snieg","2026-06-17 13:28:10",636.0,1,takayukiimoto
2330,16437348,田口雄大,"2026-07-02 05:20:10",635.7,2,ydi102143
2331,16373215,Reinhard,"2026-06-27 20:50:25",635.6,2,trainhard
2332,16386410,Heros,"2026-07-02 15:04:36",635.5,2,hero16masa
2333,16387413,"Ryoma Suzuki","2026-06-18 10:29:13",635.5,1,ry0maggle
2334,16394955,シャカパチロボ,"2026-07-02 15:52:14",635.4,2,teppei0120
2335,16400151,yankang_XZK,"2026-06-21 11:35:28",635.3,2,yankang233
2336,16470303,Colin19,"2026-07-02 06:56:01",635.2,2,colin19
2337,16374066,"STS Works","2026-06-23 00:13:39",634.8,2,stsworks
2338,16441071,blanca985,"2026-07-01 14:41:08",634.3,2,blanca085
2339,16384348,"Lucas Henrique Mateo","2026-06-18 18:21:47",634.0,2,lucashmateo
2340,16377265,"Takeo Mitsumoto","2026-06-17 13:23:01",633.7,1,takeomitsumoto
2341,16415109,GOTCHA,"2026-06-28 11:21:22",633.6,2,jongil
2342,16374801,ZEZE,"2026-06-17 21:54:17",633.6,2,"danielcecim,joovitorpires"
2343,16401393,amokun,"2026-07-02 04:27:24",633.4,2,amokun
2344,16417469,"Samuel Birocchi","2026-06-24 20:40:57",633.2,2,samuelbirocchi
2345,16371427,bono,"2026-07-01 15:22:45",633.0,2,kjoonha
2346,16374588,daniel,"2026-06-23 15:02:17",632.9,2,danielqing
2347,16390180,600626_วายุ,"2026-06-20 16:17:58",632.8,2,wayutharai
2348,16392227,matsubarajotaro,"2026-06-23 03:45:01",632.8,1,matsubarajotaro
2349,16430842,"Rotation Theory","2026-07-02 11:11:08",632.8,2,mikhsank
2350,16372048,mo84dan5,"2026-06-29 03:06:53",632.7,2,mo84dan5
2351,16380732,"TABOUT MHAMED","2026-06-20 15:30:00",632.6,2,taboutmhamed
2352,16425522,8ball,"2026-06-29 06:45:24",632.6,2,miyatacaio
2353,16371673,Senn88,"2026-07-02 13:36:52",632.3,2,senn88
2354,16402840,greengreenpurple,"2026-06-21 06:44:33",632.3,2,greengreenpurple
2355,16399463,OgawaraMakoto(Noah),"2026-06-21 14:19:41",632.3,2,ogawaramakoto
2356,16385630,きれいナビ,"2026-07-02 04:54:14",632.2,2,kireinavi
2357,16378225,greySnow,"2026-06-26 16:21:54",631.9,2,shlomoron
2358,16379219,Fotone,"2026-06-20 16:59:32",631.9,2,fotone
2359,16404795,KuroNeko_Game_Club,"2026-07-02 14:15:31",631.7,2,kuronekogameclub
2360,16410237,ymandso,"2026-06-23 13:59:31",631.7,2,ymandso
2361,16388333,"Joey Dufourd","2026-06-19 10:09:40",631.5,2,joeydufourd
2362,16377531,wbt,"2026-06-21 05:21:59",631.1,2,luisalfredolorenzo
2363,16444985,"Bruno Jos/e Marques","2026-07-01 23:55:30",630.9,2,brunojosemarques
2364,16453568,"Heitor Westphal","2026-07-02 12:53:29",630.8,2,heitorwestphal
2365,16375090,"n shuhei","2026-06-17 19:13:11",630.8,2,sapphirens
2366,16377301,feles42,"2026-06-26 01:48:06",630.7,2,feles42
2367,16376546,talkinglion,"2026-06-22 03:57:47",630.7,1,talkinglion
2368,16451454,"Akshay Mathur","2026-07-01 13:49:31",630.3,2,akshaymathur777
2369,16447175,"Kamalesh Panda","2026-06-28 14:44:50",630.3,1,kamaleshpartha
2370,16385764,POKEDEMIA_ISSEI,"2026-07-02 11:33:51",630.2,2,pokedemiaissei
2371,16426607,"Andrin Rehmann","2026-06-26 07:20:59",630.2,2,andrinrehmann
2372,16382908,kimkimkirn,"2026-06-27 05:35:20",630.1,2,kimkimkirn
2373,16378899,"I wanna be the very best","2026-06-30 14:44:24",630.1,2,"elisenerissa,ferterahadi,ninjainjapan,ongszeyin"
2374,16375654,REi0077,"2026-07-02 13:55:07",630.1,2,rei0077
2375,16386198,kaggle_bbgg,"2026-06-30 16:33:43",629.8,2,kagglebbgg
2376,16416027,"Patrick M.","2026-06-23 06:53:52",629.6,2,pigenesis75
2377,16382051,"Masataka Sawada","2026-06-19 05:52:14",629.2,2,masatakasawada
2378,16382403,Shake912,"2026-07-01 14:44:43",628.6,2,shake912
2379,16390273,"the mudkips","2026-07-01 01:07:23",628.6,2,dominicserrano
2380,16383339,"Rishiraj Acharya","2026-06-24 10:50:22",628.5,2,rishirajacharya
2381,16389558,"Yuki Fukamizu","2026-06-18 16:49:42",628.4,2,marketfuka
2382,16382268,lolnazo,"2026-06-19 11:40:30",628.3,2,lolnazo
2383,16373260,mm-1989,"2026-07-02 06:08:30",628.2,2,mm1989
2384,16414955,dT3Tbx,"2026-06-22 16:17:12",628.1,2,dt3tbx
2385,16382835,Pietro,"2026-06-23 14:02:35",627.9,2,pietro002
2386,16373256,EmoLab,"2026-06-26 20:30:19",627.8,2,chiehieida
2387,16374251,RyotaroAbe,"2026-06-19 16:35:07",627.7,2,ryotaro45123
2388,16375572,Itton_knight,"2026-07-02 01:09:42",627.7,2,ittonknight
2389,16397235,Supermercado,"2026-06-30 03:39:59",627.6,2,ryotaaaaaa
2390,16417676,YasunagaTkcNkmr,"2026-07-02 08:40:59",627.5,2,yasunagatkcnkmr
2391,16372376,iwtn,"2026-06-27 13:47:20",627.5,2,itanium217
2392,16389487,"Iwami Daisuke","2026-06-20 02:27:57",627.0,2,iwamidaisuke
2393,16436225,yucho147,"2026-07-02 02:45:06",626.8,2,yucho147
2394,16372927,"Shun Tsukuda (しゅん)","2026-06-25 10:41:49",626.7,2,shuntsukuda
2395,16376376,Duc24KDL,"2026-06-24 16:08:31",626.5,2,duc24kdl
2396,16408376,NomiBoo,"2026-07-02 15:53:30",626.4,2,nomiboo
2397,16417941,KenPTCG,"2026-06-30 07:34:43",626.0,2,qiancheng1999
2398,16437309,Jeon,"2026-06-28 12:53:09",625.8,2,jjeonst
2399,16373889,toruneko,"2026-06-28 00:27:23",625.6,2,toruneko
2400,16374887,Nozprod,"2026-06-29 19:28:24",625.4,2,nozprod
2401,16433661,"M Rislan Tristansyah","2026-07-01 02:32:00",625.2,2,mrislantristansyah
2402,16373538,原田龍馬,"2026-06-18 08:29:28",625.1,2,hryoma
2403,16377354,yashjakhar99,"2026-07-02 12:47:15",625.0,2,yashjakhar99
2404,16407413,Libur_,"2026-06-22 16:39:06",624.9,2,liburrr
2405,16413741,"Sung Heo","2026-06-22 17:47:13",624.4,2,kmmmvs
2406,16377623,tadashi04,"2026-06-17 10:20:48",624.2,2,tadashi04
2407,16377570,VeeVee!Go,"2026-06-25 19:19:21",624.2,2,yuafox
2408,16374277,Y.Kaisei,"2026-06-28 18:20:13",624.0,2,ykaisei
2409,16387849,Oikon,"2026-06-24 15:22:28",623.3,2,oikon48
2410,16398196,yamuyamu,"2026-06-21 12:57:25",623.2,2,yamuyamu
2411,16387146,青学技術開発チーム,"2026-06-28 13:36:23",622.5,2,"kojiskt,shusukenambu"
2412,16372377,"DŨNG HỒ ANH","2026-07-01 07:18:18",622.4,2,dnghanh000
2413,16377095,miura-iori,"2026-06-26 06:25:49",622.3,2,miuraiori
2414,16380649,Electoria,"2026-06-27 16:52:37",622.2,2,tomonakamu
2415,16405566,Tatsuya50,"2026-06-29 15:35:39",622.2,2,tatsuya214355
2416,16427183,mokemokemokemoke,"2026-06-24 12:09:17",622.1,1,mokemokemokemoke
2417,16418628,"Charles Wallis","2026-06-26 05:45:45",622.0,2,charleswallis7
2418,16384715,keigo_take,"2026-06-17 22:19:01",621.7,1,keigotake
2419,16432706,nnadrian,"2026-06-29 22:07:39",621.3,2,nnadrian
2420,16413641,"Natpaphon Nukhunthod","2026-06-26 10:21:12",621.1,2,natpaphonnukhunthod
2421,16376065,泣きむしサメチャン,"2026-07-02 06:57:02",621.0,2,gengen1012
2422,16374043,TheDuck,"2026-07-01 21:36:56",621.0,2,jaxroth
2423,16374035,"Jack Wilson","2026-06-19 05:19:00",621.0,2,jackvwilson
2424,16418303,"Yuki Ikeda","2026-06-24 02:38:52",620.3,2,yuki521ike
2425,16422439,discoverybytes,"2026-07-01 12:33:57",620.1,2,johnproudfoot
2426,16403917,Hidaka,"2026-06-21 05:47:20",620.0,1,hidakatsubasa
2427,16387980,H.Y,"2026-07-02 12:32:50",619.9,2,"hiroyokomizo,keisukeitou"
2428,16386987,ak4ne,"2026-06-30 02:12:02",619.8,2,ak4ne114
2429,16388403,ゆしりめ,"2026-06-18 11:57:10",619.7,1,yuthirime
2430,16426232,Kobasun,"2026-07-01 12:57:57",619.4,2,kobasun
2431,16380862,"Famous VibeCoder On The Earth","2026-07-02 10:05:36",619.4,2,"chenstillstude,jevanmarcelius,sikuree"
2432,16378122,"Norihide Endo","2026-06-28 05:21:07",619.3,2,endoit
2433,16395638,dansuke,"2026-07-02 08:43:14",619.1,2,onokou
2434,16382837,himhim616,"2026-06-24 00:09:16",618.9,2,kazukihimura
2435,16405011,MeWe,"2026-07-01 01:01:16",618.9,2,luizguilhermebonadio
2436,16425048,渡辺光洋,"2026-06-27 00:56:38",618.7,2,koyokoyo72
2437,16374190,"aa mujou","2026-06-18 08:39:22",618.5,2,aamujou
2438,16428771,uma.k42.mr,"2026-06-27 15:09:53",617.8,2,umak42mr
2439,16373184,"Yuki Tani","2026-06-16 16:44:14",617.2,1,yukitani
2440,16399063,moya,"2026-06-28 09:04:14",617.2,2,moyamoya
2441,16440959,hosoka-r,"2026-06-27 02:32:37",616.8,1,hosokar
2442,16424485,"Ezra #2","2026-07-02 01:07:29",616.4,2,ezberch
2443,16381002,hau,"2026-07-01 22:31:18",616.3,2,hayurusoma
2444,16377552,"Brad Thompson","2026-06-19 07:50:38",616.3,2,bradleybates
2445,16447882,"Galactic Adminz","2026-07-02 15:33:21",616.2,2,"hydreigon,jpgeib,naqibahmedkadri,sidharthkumarpradhan"
2446,16441362,xyc6667,"2026-06-30 02:19:10",616.1,2,xyc6667
2447,16394076,"Miltank Lovers","2026-07-01 17:44:06",616.0,2,y305205
2448,16400162,"Shunsuke Higashi","2026-06-22 10:35:50",615.9,2,shunsukehigashi
2449,16386772,Kawakami,"2026-06-22 02:11:53",615.6,2,raita003
2450,16380070,Limo,"2026-06-21 15:30:12",615.5,2,kotodama
2451,16380843,totoko,"2026-06-20 14:23:59",615.4,2,totoko
2452,16472941,NaNomin,"2026-07-02 14:00:36",615.3,2,nanomin
2453,16448708,"Yin Li","2026-06-29 03:57:39",615.2,2,kevin250304
2454,16383515,PavelLiashkov,"2026-06-30 15:54:42",615.1,2,bigbag1983
2455,16449743,"Handry Novianto","2026-07-02 08:32:42",615.0,2,handrynovianto
2456,16388603,Albert,"2026-07-02 16:05:10",615.0,2,albertanthony
2457,16394740,G_AGA,"2026-07-01 18:34:14",614.8,1,agatsssssma
2458,16371835,RIIIIIIIteq,"2026-06-24 06:00:13",614.8,2,rii07matsu
2459,16380658,世界のたまちゃん,"2026-06-18 12:58:25",614.4,2,sekatama
2460,16372576,kyulkyu,"2026-06-18 01:17:27",614.1,2,kyulkyu
2461,16468204,va,"2026-07-02 10:57:00",613.6,2,vterli
2462,16377062,Gogona557,"2026-06-29 07:50:32",613.6,2,gogona557
2463,16431183,KouchSato,"2026-06-25 15:43:18",613.2,1,kouchsato
2464,16470800,"Timothy Bender (TBenderMMA)","2026-07-02 15:20:14",613.1,2,timothybendertbender
2465,16375555,脱0コイン,"2026-07-02 13:56:29",612.9,2,iwatanaoki
2466,16460819,yuukinos,"2026-07-02 02:37:44",612.8,2,yuukinos
2467,16377147,TechRegigigas,"2026-06-23 00:38:56",612.8,2,"eitarox,kengokawashima1992"
2468,16374946,AbhilashVJ,"2026-06-16 20:10:12",612.7,1,abh001
2469,16451965,"Mingzhang Hu","2026-07-02 07:13:16",612.6,2,nnpaopao
2470,16411649,Arata,"2026-07-02 11:24:02",612.4,2,resnext
2471,16392671,AAlphaAA,"2026-06-20 12:10:54",612.3,2,aalphaaa
2472,16379419,"Xan Morice-Atkinson","2026-06-30 13:52:22",612.1,2,xangma
2473,16423857,"Peng Wang","2026-07-02 03:55:08",611.8,2,pengwang91
2474,16381315,colapis,"2026-06-26 01:11:41",611.6,2,colyamo
2475,16375401,Ruhex,"2026-07-02 12:59:24",611.1,2,ruhex9258
2476,16376308,"Jane Long","2026-07-01 04:22:02",611.0,2,maisonhortensia
2477,16411067,Alphote,"2026-07-01 06:07:56",611.0,2,alphote
2478,16392082,shoot0645,"2026-07-02 10:29:16",610.9,2,shoot0645
2479,16381281,"Akito Matsuyama","2026-06-24 10:53:31",610.7,2,akitomatsuyamasuu
2480,16382565,Jerryssk31,"2026-06-28 09:11:41",610.6,2,jerryssk31
2481,16465821,"hiromu matsukiyo","2026-07-02 14:04:27",610.0,2,hiromumatsukiyo
2482,16433171,Zarkys,"2026-07-02 10:29:57",609.8,2,zarkys
2483,16409235,jiku0730,"2026-07-02 03:06:59",609.6,2,jiku0730
2484,16421438,HEROPAP,"2026-06-29 02:18:01",609.5,2,heropap
2485,16372861,"Andreas Palmgren","2026-06-17 05:46:32",609.3,2,andreaspalmgren
2486,16424849,Yizhi,"2026-07-02 08:56:33",609.3,2,yizhitao
2487,16378553,EliKal,"2026-06-26 12:28:02",608.9,2,eliork
2488,16420864,_vasu_.063,"2026-06-23 12:52:10",608.7,1,vasu063
2489,16376914,"Reilly Cooper","2026-06-19 20:37:19",608.5,2,reillycooper
2490,16433945,Leifson1337,"2026-07-02 14:29:46",608.3,2,leifson1337
2491,16470414,Larry,"2026-07-02 13:54:26",608.1,2,martinlwenstein999
2492,16377021,Alternate,"2026-06-20 17:27:25",607.9,2,babashunsuke2005
2493,16376182,ポケカ頑張る,"2026-06-24 03:57:39",607.7,2,junmiyazakikaggle
2494,16386871,kanana-studio,"2026-06-29 14:13:47",607.7,2,kananastudio
2495,16445397,スズキケント,"2026-06-30 17:22:36",607.5,2,suzukento
2496,16379857,"シン ソウイチロイ","2026-06-22 13:47:30",607.5,2,ykpokeka
2497,16375560,mitsuba,"2026-06-23 00:29:32",607.2,2,mitsuba
2498,16391429,tarakobasuta,"2026-06-23 12:01:16",607.1,2,tarakobasuta
2499,16380567,"Chattso-GPT (Yasuhito Yanagisawa)","2026-06-18 11:01:56",607.0,2,yasuhitoyanagisawa
2500,16408128,HalfMoonbear2,"2026-06-29 07:08:32",606.4,2,"ctmkrf11,diegoalonsocanizares,watanabekyohei"
2501,16395423,fakermitu,"2026-07-02 12:41:52",606.3,2,fakermitu
2502,16382421,Ericakcc,"2026-07-02 06:46:59",606.3,2,ericakccakcc123
2503,16378089,nanocloudx,"2026-06-29 19:14:34",606.0,2,nanocloudx
2504,16398940,hikahika,"2026-07-02 14:47:54",606.0,2,naganohikaru
2505,16385637,"Kaito Sugiyama","2026-06-21 08:28:58",605.7,2,ultimatemagic79
2506,16390045,"Dinesh kumar Thiyagarajan","2026-07-02 01:54:04",605.7,2,dineshkumar0705
2507,16438767,"Madhav Suresh","2026-06-28 15:19:28",605.2,1,madhavsuresh2006
2508,16468387,JBMetrix,"2026-07-02 14:02:08",604.8,2,jasonbrewster
2509,16404283,"Joshua Magady","2026-06-26 04:24:40",604.2,2,jmagady
2510,16409184,sageintelli,"2026-07-01 16:40:24",603.9,2,sageintelli
2511,16377065,CleAAAAAA,"2026-07-02 12:28:36",603.7,2,"kirvk013,sunning11"
2512,16406126,"Dominic Lo","2026-07-02 10:20:13",603.7,2,doloknight
2513,16376871,"jesus riva","2026-06-17 17:34:11",603.6,2,jesusriva
2514,16376289,"Lucas Ween","2026-06-18 13:43:53",603.4,2,luacasween
2515,16375281,"Francisco Stahl","2026-06-17 05:41:44",603.3,2,franciscostahl
2516,16395111,dararu,"2026-06-28 13:05:40",603.2,2,vochicong
2517,16466713,builds,"2026-07-01 14:57:48",603.2,2,seowonjang
2518,16426707,NiniSan,"2026-07-02 15:52:29",603.1,2,ninisan
2519,16379582,sereinless,"2026-06-29 02:41:50",602.8,2,sereinless
2520,16373103,tera358,"2026-07-02 13:22:52",602.7,2,tera358
2521,16382645,"Minh Ly","2026-07-02 14:17:29",602.4,2,mlkhan22
2522,16413281,Soliruss,"2026-07-01 14:15:21",602.4,2,solirus
2523,16379986,yasuna,"2026-06-25 13:30:05",602.3,2,yasuna
2524,16376408,hk15,"2026-06-18 21:52:23",602.3,2,"harshakrishna15,insainian,nawfalak"
2525,16381843,岸本蒼唯,"2026-06-17 13:55:07",602.3,1,kazzhead
2526,16373408,Valkyrja,"2026-06-23 14:22:05",602.1,2,valkyrja3607
2527,16432856,kawauso9n,"2026-06-25 12:25:08",602.0,1,kawauso9n
2528,16412905,"Ivan Kalesnik","2026-06-23 08:24:12",601.7,2,ivankalesnik123
2529,16402280,Uchitom,"2026-06-24 13:18:16",601.3,2,uchitom
2530,16385216,Daikon99,"2026-06-23 02:02:37",601.3,2,daikon99
2531,16434671,"Mikołaj  Kłoczewski","2026-06-30 22:18:44",601.1,2,mikolajkloczewski
2532,16382323,Noalith,"2026-06-17 16:55:28",600.9,2,noalith
2533,16394132,"Ryohei Matsumoto","2026-06-24 14:10:38",600.9,2,te28matsumoto
2534,16387238,テン,"2026-06-20 18:02:12",600.7,2,adzukililly
2535,16394598,sunnariwakaru,"2026-06-19 22:53:55",600.6,1,sunnariwakaru
2536,16471375,Cipher-integral,"2026-07-02 10:10:44",600.5,2,cipherintegral
2537,16465127,gakki,"2026-07-02 09:56:22",600.3,2,sdeagggg
2538,16405188,"Insper TCG","2026-06-29 00:47:37",600.2,2,victordolnikoff
2539,16395754,"Pika 1","2026-07-02 15:44:03",600.0,2,raphaabels
2540,16389991,yu10,"2026-07-02 15:48:07",600.0,2,"masatakashiwagi,yu10naka"
2541,16393835,TorNoz,"2026-07-02 16:00:09",600.0,2,torigoenozomi
2542,16426658,Roo333,"2026-07-02 16:03:02",600.0,2,roo333
2543,16415048,mashuuuooo,"2026-07-02 16:03:11",600.0,2,"mashuuuooo,toshimitsuyuki"
2544,16381085,"takuya asami","2026-07-02 16:04:49",600.0,2,takuyaasami
2545,16450311,"Billy Bradley","2026-07-02 16:04:52",600.0,2,sinkingpoint
2546,16394588,yuhas0726,"2026-07-02 16:04:59",600.0,2,yuhas0726
2547,16454740,STS1106,"2026-07-02 16:06:17",600.0,2,sts1106
2548,16396723,"T Okano","2026-06-20 19:42:06",599.9,1,tokano
2549,16392080,cgaines,"2026-06-21 02:49:43",599.7,2,cgaines
2550,16387037,"ParrotHunter HD","2026-06-19 12:03:46",599.7,2,parrothunterhd
2551,16403737,"Edgar Silva R","2026-06-23 16:50:25",599.7,2,edgarsilvar
2552,16388408,ktDAMA,"2026-07-02 09:22:35",599.6,2,masaruozawa
2553,16450789,"YUZO BABA","2026-07-02 01:03:47",599.4,2,yuzobaba
2554,16407004,"Roland Gerlinger","2026-06-26 11:30:12",599.1,2,rolandgerlinger
2555,16388371,Masa,"2026-06-24 11:59:14",599.0,2,tomochi
2556,16421550,ChampionTCG,"2026-06-25 13:02:03",598.8,2,championtcg
2557,16450151,Atrix,"2026-07-01 12:18:30",598.4,2,atrix21
2558,16418877,shintacs,"2026-07-02 10:43:48",598.4,2,"shintacs,ueharariki"
2559,16375343,Glorian,"2026-06-17 23:44:08",597.9,2,glorian
2560,16468954,PokeMasters,"2026-07-02 13:58:15",597.6,2,"shashwat2708,vaidehiturkar25"
2561,16414878,gerbera_105,"2026-06-28 14:33:50",597.4,2,gerbera105
2562,16414446,Nidy,"2026-06-26 13:13:39",597.4,1,"huihungchen0606,nikolayganozov"
2563,16438002,clawspark,"2026-06-30 13:15:26",597.3,2,clawspark
2564,16397824,osakana_daisuki,"2026-06-27 12:46:39",597.1,2,osakanadaisuki
2565,16410314,aruuu,"2026-06-27 20:26:30",597.1,2,arruuu
2566,16382999,"EMANUELE MARLIA","2026-06-22 12:07:29",596.6,2,emanuelemarlia
2567,16383375,"Kz hara","2026-06-22 15:05:38",596.0,2,kzhara
2568,16379331,The8BitsLab,"2026-06-20 22:07:23",595.9,2,the8bitslab
2569,16410994,whitness00,"2026-07-02 15:30:13",595.7,2,whitness00
2570,16442245,wingsyuyi-satori,"2026-06-29 12:06:05",595.5,2,wingsyuyisatori
2571,16378610,600505-ศิวกร,"2026-06-19 02:55:32",595.5,2,siwakornseeswan
2572,16376413,kinocode,"2026-07-02 10:23:24",595.3,2,kinocode
2573,16437037,Abhinav_Abhinav_the_one,"2026-07-02 07:21:00",595.3,2,abhinavabhinavtheone
2574,16394403,TDENIS,"2026-07-02 15:06:43",595.2,2,thibaultdenis
2575,16424921,dburns,"2026-06-30 05:02:14",595.0,2,dburns
2576,16382548,"ToMY F.","2026-07-02 00:12:43",594.7,2,tomyfdev
2577,16371578,Jimmer,"2026-06-18 19:28:26",594.7,2,przemysawonr
2578,16395021,ituhime,"2026-07-02 13:43:52",594.6,2,ituhime
2579,16407472,結君水鶏口,"2026-06-29 17:11:52",594.6,2,ykuina
2580,16378194,孤独のコーヒー,"2026-07-02 13:24:32",594.3,2,solitarycoffee
2581,16376875,torii_kujirapoke,"2026-06-23 14:11:56",594.1,2,kujirapoke
2582,16407243,SeaEag1e,"2026-06-27 06:54:58",593.7,2,seaeag1e
2583,16441623,nitronine269,"2026-07-02 12:48:07",593.7,2,nitronine269
2584,16380051,NayuNayu,"2026-07-02 14:01:46",593.5,2,"nayunayu1005,nayuta0430"
2585,16376865,CSCMU,"2026-06-29 08:58:19",593.5,2,"saimaisaifah,trukkanchanunt"
2586,16392396,"Rushil Ramachandran","2026-06-22 04:07:45",593.3,2,rushilramachandran
2587,16379914,"Ryusei Murakami","2026-06-17 18:28:44",593.3,1,ryuseimurakami
2588,16441760,Hideshima,"2026-07-02 08:56:40",593.3,2,hideshima
2589,16388752,"Zachariah Glad","2026-07-02 14:50:26",593.2,2,zachariahglad
2590,16371808,Pranay,"2026-06-19 09:00:11",593.1,2,pranay7867
2591,16440969,chocoseiya,"2026-07-02 02:52:01",592.9,2,chocoseiya
2592,16387557,"Joseph Kharzo","2026-06-23 03:17:33",592.9,2,jekojekojeko
2593,16435632,shushu,"2026-07-02 15:06:37",592.7,2,shushu8
2594,16384726,しょーへー,"2026-06-24 22:51:39",592.5,2,shohei0510
2595,16424814,TrentXr4y,"2026-06-26 05:40:18",592.1,2,trentxr4y
2596,16385284,MaoOKRK,"2026-07-01 23:51:19",592.1,2,maookrk
2597,16381953,ytk03,"2026-07-02 00:05:11",592.1,2,ytk03mtmt
2598,16376201,poolim,"2026-06-29 14:05:09",591.9,2,poolim
2599,16381807,Squirrel,"2026-06-27 06:27:39",591.8,2,bunnykeeper
2600,16395461,Zbida,"2026-06-22 14:55:34",591.1,2,zbidaamine
2601,16436594,"Katsuki Ohshita","2026-07-02 13:46:13",590.5,2,katsukiohshita
2602,16376358,"PKMN Trainer L","2026-06-20 23:36:37",590.3,2,lavanvivekanandasar
2603,16372976,Hishi057,"2026-06-17 12:30:18",590.2,2,hishi057
2604,16408060,aaaaaa,"2026-06-21 13:04:09",590.1,1,aaaaaaaaaa146789643
2605,16446231,Coconnut,"2026-06-30 06:12:46",589.9,2,coconnut
2606,16397565,hakobe,"2026-06-23 23:57:02",589.9,2,yoheifushii
2607,16373978,Halcy8312,"2026-06-19 09:39:01",589.5,2,halcy8312
2608,16462793,"Brady Meighan","2026-07-02 01:48:18",589.5,2,bradymeighan
2609,16460527,ichika17,"2026-07-01 16:24:01",589.4,2,ichika17
2610,16375480,kidekikish,"2026-07-02 13:50:11",589.3,2,kidekikish
2611,16379759,"Keiya Yamashita","2026-06-20 13:09:17",589.3,2,keiyayamashita
2612,16430229,ToastUz,"2026-06-28 14:27:15",589.2,2,tatsuzoosawa
2613,16371632,結束バンド,"2026-06-29 23:02:19",588.8,2,"asmuchas,cocoaai"
2614,16373130,"Jeffrey Pike","2026-06-17 19:56:01",587.7,2,jeffreypikeai
2615,16468885,hydrogenbonds,"2026-07-02 10:26:24",587.5,1,jeffreyntse
2616,16471847,"Luke Francis","2026-07-02 07:53:21",587.4,2,lukef09
2617,16433546,はっししゅう,"2026-07-02 13:24:28",587.2,2,shusuke07
2618,16427437,"masaaki imai","2026-06-24 13:21:56",587.1,1,masaakiimai
2619,16385513,"SB Kaggle","2026-07-01 03:52:57",586.7,2,"moratoryvan,totallynew"
2620,16449903,"JIBINA EA","2026-06-29 10:22:52",586.6,2,jibinaea
2621,16450656,"Emanuel Lázaro","2026-06-29 16:19:44",586.3,2,emanuellcs
2622,16371774,町田遥裕,"2026-06-19 08:17:06",586.2,2,zibamu
2623,16398021,TakapS,"2026-06-30 13:06:33",586.1,2,"hiromoon166,takaps"
2624,16418381,treo_hihihi,"2026-06-27 14:19:25",585.9,2,treohihihi
2625,16375514,Kirderf,"2026-07-02 08:57:11",585.7,2,kirderf
2626,16395996,ninjya777,"2026-06-30 17:06:47",585.6,2,ninjya777
2627,16384024,"Francisco Vargas","2026-07-01 19:37:06",585.6,2,franciscovargas
2628,16393106,Rixu324,"2026-06-23 15:28:15",585.5,2,rixu324
2629,16453868,Retlinac,"2026-07-02 14:00:15",585.4,2,johninan
2630,16382447,ONunez55,"2026-06-22 15:50:48",584.9,2,onunez55
2631,16375919,"crey joswick","2026-06-21 21:24:52",584.5,2,creyjoswick
2632,16380831,coken256kit,"2026-06-20 07:47:03",584.1,2,coken256kit
2633,16411438,Yut176,"2026-06-29 09:01:45",584.1,2,yut176
2634,16470125,"Anthony Guerrera","2026-07-01 22:50:12",584.1,2,anthonyguerrera
2635,16468554,"Giuseppe Lentini","2026-07-01 22:21:43",584.1,2,sepp1999
2636,16381421,fasly,"2026-06-24 03:21:17",584.0,2,fasly2416
2637,16381617,"hiroto fujimori","2026-06-19 13:26:38",583.7,2,hirotofujimori
2638,16380494,ryupoke,"2026-06-22 14:04:12",583.6,2,ryupoke
2639,16386546,Masaruto,"2026-07-02 00:42:56",583.3,2,"abcsakana,masaruto"
2640,16385260,"Honda Motomasa","2026-06-18 06:11:41",583.2,2,hondamotomasa
2641,16422090,Sanjay20052,"2026-07-01 12:58:31",583.1,2,"masterofall,sanjay20052"
2642,16377073,"Shinichiro Yoshida","2026-07-01 10:17:29",583.1,2,sysd00
2643,16472883,"Aleksei Balandin","2026-07-02 15:30:46",583.1,2,alexbalandi
2644,16397687,JuhoPark94,"2026-06-22 00:14:37",582.8,2,juhopark94
2645,16382443,berry8192,"2026-07-02 15:14:38",582.2,2,berry8192
2646,16375459,niimi_kaggle,"2026-06-21 02:07:49",582.1,2,niimikaggle
2647,16373014,ZAOUI_Yassine,"2026-06-16 15:21:57",582.0,2,zaouiyassine
2648,16392632,kohbanye,"2026-07-02 13:23:52",581.9,2,kohbanye
2649,16384407,Totomatotomato,"2026-06-28 15:59:05",581.7,2,totomatotomato
2650,16371881,Cathay_TCG,"2026-07-02 07:31:00",581.4,2,"chenghojung,chenkuanwu,tanimal,tinghsunchi,zerounnamed"
2651,16373599,Thomas,"2026-07-02 14:47:48",581.3,2,tommurakami
2652,16371761,Chikuwabu,"2026-07-02 09:40:23",581.2,2,prgckwb
2653,16386274,Nyano2525,"2026-07-02 00:03:36",580.9,2,nyano2525
2654,16382915,highwide,"2026-06-26 07:43:29",580.8,2,highwide
2655,16443923,Rataro.S,"2026-07-01 01:07:39",580.8,2,kantomori0421
2656,16374323,"Harsh Patel","2026-07-02 05:07:49",580.7,2,harshpatel1692
2657,16446821,"luis derares","2026-06-29 09:18:43",580.5,2,luisderares
2658,16383088,Mactorr,"2026-06-25 23:43:52",580.5,2,mactorr
2659,16378307,d_tree_love,"2026-06-21 00:37:30",580.4,2,yuki11ii
2660,16428291,kojimari,"2026-07-01 14:13:07",580.4,1,kojimari1029
2661,16415460,MoongladeAI,"2026-07-02 05:20:35",580.2,2,moongladeai
2662,16385435,阪田竜生,"2026-06-21 13:41:43",580.1,2,ryusei39
2663,16386512,funahara,"2026-06-26 07:09:41",580.0,2,funahara
2664,16443449,Wazowski,"2026-06-30 16:44:10",579.9,2,naoki10
2665,16380565,Issy,"2026-06-18 10:45:44",579.7,2,issytechie
2666,16470869,"""yui""project","2026-07-02 15:54:44",579.5,2,zumizumi0625
2667,16387855,spa-toni,"2026-06-29 11:06:15",579.5,2,hirotoni
2668,16377825,"Vinimar Mitu Jr","2026-07-02 01:44:39",579.3,2,ishieenn
2669,16375770,Condor,"2026-06-21 00:22:41",579.2,2,ryoyaiwatsu
2670,16378882,"chihiro tomioka","2026-06-30 06:13:18",579.0,2,chihirotomioka
2671,16403602,"Clanishing Hammers","2026-06-29 21:19:06",578.8,2,"alexhounsell,bentaylor03,billiamwungas,c9nnor,jesseamara"
2672,16403656,"Akhil Kumar060","2026-06-25 17:12:04",578.6,2,akhilkumar060
2673,16383779,"Rauru Okitani","2026-06-18 16:11:17",578.6,2,rauruokitani
2674,16398966,UTSA-NLP,"2026-06-20 05:19:21",578.2,1,zephyrs
2675,16427493,なかけん,"2026-06-29 21:43:35",578.1,2,nakaken2525
2676,16387194,tonimasu,"2026-07-02 00:37:08",578.0,2,tonimasu
2677,16385655,gaskitcg,"2026-06-18 02:52:19",577.9,1,"agustinperkins,gaskitcg,leofernandezdasilva"
2678,16382118,V0!dR0^2t,"2026-07-02 09:14:22",577.6,2,"hirata0522,hirotoisogai,naniwazu,v0dr02t,yoichidoi"
2679,16404334,"Varish Guharaman","2026-07-01 00:30:30",577.4,2,varishguharaman
2680,16385594,daigakupotato,"2026-07-02 11:42:50",576.3,2,kiyopote
2681,16457806,"Soma Nakamura","2026-06-30 08:25:07",576.2,1,centralinux
2682,16382536,田中裕大,"2026-06-21 08:26:02",576.2,2,nico9677
2683,16378904,ShumingFang,"2026-07-02 11:33:08",576.2,2,shummingfang
2684,16394554,pokecrey,"2026-06-27 23:14:33",576.1,2,thalleseboli
2685,16398371,"hirotaka kaminishi","2026-07-02 03:04:30",576.1,2,hirotakakaminishi
2686,16373504,"沢栗 ぺんた","2026-06-27 17:06:00",576.1,2,pentasawaguri
2687,16371594,"Yunosuke Saito","2026-06-18 19:51:07",576.1,2,yunosukesaito
2688,16410131,"Hidden State Labs","2026-06-27 18:18:44",576.0,2,syedhamzaai
2689,16381243,tabby,"2026-06-20 01:14:01",575.8,1,tabby1123
2690,16376017,KEN,"2026-06-19 08:31:30",575.7,2,kentamatsumoto1211
2691,16411733,"Yehun Jeon","2026-06-28 02:30:06",575.7,2,yehunjeon
2692,16432990,"Stas Chereshkevich","2026-07-02 10:53:22",575.5,2,staschereshkevich
2693,16392320,"MADICHETTY SAI RUCHITHA","2026-06-19 07:34:15",575.2,2,madichettyruchitha
2694,16373037,"Flying Banana","2026-07-02 13:36:51",575.0,2,wasizu
2695,16377668,Miyama,"2026-06-17 06:38:13",574.8,2,miyama9314
2696,16373637,"Keach Inoue","2026-06-29 16:26:03",574.7,2,keachinoue
2697,16387239,ゆづいぶ,"2026-07-02 06:48:23",574.5,2,yuzuibu
2698,16375979,"Jonathan Donham","2026-07-02 05:27:41",574.4,2,jonathandonham
2699,16379277,TomoyaM,"2026-06-23 14:17:11",574.1,2,tomoyamiyaake
2700,16444968,筒井勝利,"2026-07-01 23:53:13",573.7,2,metauri
2701,16408276,wattanx,"2026-06-25 08:02:25",573.5,2,wattanx
2702,16436444,"Eric Wu","2026-06-27 07:38:58",573.5,1,ericwutcg
2703,16378246,夜鷹ねりあ,"2026-06-29 11:38:34",573.2,2,yatakaneria
2704,16392303,"Jared Luboff","2026-06-19 19:53:36",572.6,2,jaredluboff
2705,16411543,"Maxwell Goisman","2026-06-27 00:02:32",572.6,2,maxwellgoisman
2706,16394944,sakuyuna,"2026-06-22 13:55:04",572.3,2,sakuyuna
2707,16374875,Morcillones,"2026-06-16 21:51:30",572.1,2,"davidbacasposadas,ismaelsallamimoreno,jugabe24,julincarrin,xjoseangel"
2708,16376175,Klee319,"2026-06-28 14:18:18",571.8,2,klee319
2709,16381170,yukiharada1228,"2026-06-19 12:04:26",571.7,2,yukiharada1228
2710,16421134,shimasoft,"2026-07-02 11:40:48",571.7,2,yoshiakishimabukuro
2711,16385243,Laysen,"2026-06-21 00:24:24",571.3,2,jpauloo
2712,16397083,yoshikawa,"2026-06-19 23:36:02",571.2,2,shogo1
2713,16392758,RadicalAceK,"2026-06-24 05:13:19",570.9,1,radicalacek
2714,16378001,"sa s","2026-06-29 06:53:32",570.5,2,sas080
2715,16377898,"jin ryoma","2026-07-02 05:26:45",570.5,2,jinryoma
2716,16393671,"Kakeru Hashimoto kaito","2026-06-21 13:26:34",570.5,1,kakeruhashimotokaito
2717,16382181,shuto_shizuku,"2026-06-29 12:35:53",569.9,2,shutoshizuku
2718,16427632,"Mike Zeng 2009","2026-06-25 00:39:35",569.5,1,mikezeng2009
2719,16420978,"Yusuke Aoki002","2026-07-02 15:35:44",568.8,2,yusukeaoki002
2720,16414652,lucky,"2026-06-30 12:22:35",568.7,2,yingtaosun
2721,16378806,TakayukiSPIC,"2026-06-17 14:43:58",568.5,1,takayukispic
2722,16371807,chimaki,"2026-06-26 02:58:48",568.4,2,chimaki821
2723,16389072,Anmol611,"2026-06-23 22:19:57",568.3,2,anmol611
2724,16385693,"Gonzalo Asencio","2026-06-19 23:13:34",568.1,2,gonzaloasencio
2725,16380578,mcw999,"2026-07-02 15:22:43",568.0,2,mcw999
2726,16382081,OchiAI820,"2026-07-01 14:52:40",567.9,2,"dasoku,ochiai820"
2727,16386554,Ash,"2026-06-27 10:00:37",567.8,2,wataryooou
2728,16372838,Kmart0112,"2026-07-01 22:46:55",567.5,2,kmart0112
2729,16379508,"George Olteanu","2026-06-17 23:06:56",567.4,2,olteanu
2730,16384542,"Kev' Vervier","2026-06-29 19:05:29",567.4,2,kevinvervier
2731,16384985,"TAKESHI KANEKO","2026-07-02 08:53:26",567.4,2,canecco
2732,16382127,"Shridipa ","2026-06-17 17:59:05",567.0,2,shridipa
2733,16382574,miyajiyuta,"2026-06-29 11:46:42",566.9,2,miyajiyuta
2734,16387979,keroqueue,"2026-06-25 21:19:40",566.8,2,keroqueue588
2735,16407445,EitaF,"2026-06-28 11:17:35",566.8,2,eitafukumoto
2736,16386376,monyai,"2026-06-20 11:52:29",566.6,2,monyai
2737,16374846,"Tomoya Otani","2026-06-17 05:30:06",566.5,2,tomoyaohtani
2738,16395718,ArnabKarmakar,"2026-06-24 00:13:27",566.4,2,arnabkarmakar
2739,16452396,Reossann,"2026-07-02 15:03:40",566.1,2,"nonnumber,reossann"
2740,16377172,SachinChand,"2026-06-17 10:26:13",565.9,2,spiderman
2741,16411853,"ZEC Keita","2026-06-24 03:27:58",565.9,2,zeckeita
2742,16376486,"Manu Iyer","2026-06-24 04:26:38",565.8,2,manuiyer
2743,16395157,"Eesh saxena","2026-06-21 04:21:06",565.6,2,eeshsaxena
2744,16389042,"M Hirano","2026-07-02 12:19:58",565.4,2,noma126843
2745,16385537,keithtyser,"2026-06-29 21:20:21",565.3,2,keithtyser
2746,16375823,nodel,"2026-06-23 06:28:11",565.3,2,ndkikuchi
2747,16375764,ShuHaya,"2026-07-02 14:25:41",565.0,2,yfqqq088
2748,16388324,"Midori Tatasuta","2026-06-20 09:56:54",564.9,2,midoritatasuta
2749,16385473,"Nishant Dahal","2026-07-02 09:32:40",564.7,2,nishantdahal
2750,16377876,rｍrm129,"2026-06-24 05:26:07",564.7,2,rrm129
2751,16387626,"Geumhwan Hwang","2026-07-01 06:59:11",564.5,2,a20215213
2752,16379340,hibikisato0413,"2026-07-02 06:04:59",564.4,1,hibikisato0413
2753,16376238,KanaWorksAI,"2026-06-18 06:49:21",564.3,2,kanaworksai
2754,16380333,"Hiroki Maruo","2026-06-30 12:02:53",564.1,2,hirokimaruo
2755,16427698,George,"2026-07-02 13:42:30",564.1,2,ngeorgea
2756,16386550,kokenbo,"2026-06-26 09:08:46",564.0,2,"kokenbo,saneyukimakino"
2757,16379397,"Takuma Ishii","2026-06-17 15:56:09",563.9,2,takumaishii
2758,16391124,"[Deleted] d2d01a41-e61c-4d9b-b355-e1424512bf13","2026-06-18 22:06:10",563.3,1,del=c46db3e99f3200e7
2759,16388654,vvs,"2026-07-02 07:24:48",562.9,2,marvelworld
2760,16400857,sakura_atm,"2026-06-26 15:24:33",562.8,2,sakuraatm
2761,16406311,"kaito ide 31","2026-07-02 14:43:33",562.6,2,kaitoide31
2762,16373189,"Hung Sheng Shih","2026-06-18 07:38:01",562.5,2,hungshengshih
2763,16382065,しみずたいせい,"2026-07-01 11:12:47",562.5,2,shimizu223
2764,16412654,"Yifang Zhang","2026-06-27 11:56:20",562.5,2,yiiiiiifang
2765,16430141,urnotsam,"2026-06-30 11:40:42",562.4,2,urnotsam
2766,16376868,yuuuki1111,"2026-06-28 00:39:43",562.1,2,yuuuki1111
2767,16402724,YY0422,"2026-07-01 15:53:40",562.0,2,"inuzukichan,yotayamada0422"
2768,16404601,HeartGold,"2026-06-21 20:22:23",561.7,2,sevenastro
2769,16378603,"Santipab Tongchan","2026-06-18 05:18:20",561.6,2,santipabtongchan
2770,16406493,"Yuichi SUZUKI","2026-06-27 01:57:59",561.1,2,ysaoiwan
2771,16379587,"Mohammad Hatoum","2026-06-17 11:59:44",560.5,2,mohammadhatoum
2772,16400014,__Taichicchi__,"2026-06-28 21:22:10",560.3,2,hutch1221
2773,16422645,Zwieks,"2026-06-30 01:44:38",560.3,2,zwieks
2774,16398282,"Opallo Collins","2026-06-21 02:49:03",560.2,2,opallo
2775,16371476,porply,"2026-06-17 02:50:44",560.2,2,porply
2776,16377630,岩田泰久,"2026-06-17 13:46:59",560.1,2,yasuhisaiwata
2777,16373611,"Koshiro Yasuyama","2026-06-18 22:34:37",559.8,2,koshiroyasuyama
2778,16380953,DiadoraTCG,"2026-06-24 01:58:09",559.7,2,diadoratcg
2779,16380340,loveispoison,"2026-07-01 15:13:46",559.6,2,loveispoison
2780,16391687,Momotaro1226,"2026-06-29 03:37:19",559.6,2,momotaro1226
2781,16397781,watawata_user,"2026-06-25 04:33:51",559.2,2,watawatauser
2782,16446187,ODOP0315,"2026-07-01 09:21:40",559.1,2,odop0315
2783,16372990,"small pond","2026-07-02 14:58:14",558.8,2,smallpond
2784,16395089,gota,"2026-06-19 21:43:44",558.8,2,gshirato
2785,16430616,satouttu,"2026-06-25 03:10:33",558.7,1,satouttu
2786,16435274,nonpapa,"2026-07-01 14:50:36",558.7,2,nonpapa
2787,16419574,odakazu,"2026-06-24 17:28:47",558.2,2,odakazu
2788,16464925,"yyy yyy","2026-07-02 08:16:42",558.2,2,nsugar7
2789,16392156,esu_mitsunari,"2026-06-19 03:47:51",558.1,2,esumitsunari
2790,16407085,"So Momma","2026-06-25 03:59:24",557.8,2,somomma
2791,16404778,"Takuma Sakamoto","2026-07-02 10:53:29",557.8,2,takuma0417
2792,16382356,"Sho Hasegawa","2026-06-23 06:49:26",557.6,2,shohasegawa
2793,16373505,Rich,"2026-06-26 06:50:23",557.3,2,richkastl
2794,16377191,LaiCxm,"2026-06-18 15:14:23",557.1,2,laicxm
2795,16376382,Obvio7,"2026-06-22 11:20:30",557.1,2,obvio7
2796,16413175,SHINTARO,"2026-06-23 05:40:47",556.8,2,shintar000
2797,16392426,"Jahan Kazimi","2026-06-19 06:39:10",556.6,2,jahankazimi
2798,16396236,"Sacha Comte 02","2026-07-02 06:00:17",556.4,2,"aelio7,sachacomte02"
2799,16391853,yuya,"2026-07-02 12:15:31",556.4,2,yuomori
2800,16377569,あかくま屋,"2026-06-21 13:26:04",556.0,2,akakumaya
2801,16389961,"Yanlin Wu 916","2026-06-19 14:04:39",555.8,2,yanlinwu916
2802,16374660,nenten,"2026-06-25 14:30:24",555.6,2,nenten
2803,16392142,"Emilio Orozco","2026-06-30 06:41:09",555.4,1,emilioorozco
2804,16393068,pokelarp,"2026-06-21 10:49:08",555.3,2,jellyjampeanut
2805,16459873,"Sean Jeong","2026-07-02 12:15:03",555.2,2,jdjin6000
2806,16377068,"Zero Coke","2026-06-17 07:01:42",555.1,1,zer0coke
2807,16395567,ZAMA,"2026-06-28 07:54:29",555.1,2,faizaan76
2808,16379424,大津俊雅,"2026-07-02 15:19:11",554.6,2,shungao114
2809,16374089,rikulist,"2026-06-20 16:13:38",554.6,2,rikulist
2810,16447341,TutaevAlim,"2026-06-28 15:43:20",554.4,1,life228
2811,16454280,qb,"2026-07-02 13:12:26",553.9,2,quangvanbui
2812,16402543,中村文彌,"2026-06-28 16:52:49",553.9,2,nfphys
2813,16404565,nathanmcateer,"2026-07-01 23:12:09",553.8,2,nathanmcateer
2814,16415322,hayato240,"2026-06-22 16:26:20",553.7,1,hayato240
2815,16403704,Shinichi,"2026-06-28 08:44:14",553.6,2,shinuk
2816,16380197,dodeuse57,"2026-06-22 10:12:16",553.6,2,dodeuse57
2817,16373041,okadayuki,"2026-06-20 04:35:54",553.3,2,okada2023
2818,16424325,"Yang Gao","2026-06-28 05:50:20",553.2,2,yangg40
2819,16381493,GsGsSsSs,"2026-06-21 09:03:16",553.2,2,gsgsssss
2820,16392626,"Takahiro Matsumoto","2026-06-24 04:32:49",553.0,2,takahirom0221
2821,16394636,Hamish,"2026-06-19 17:57:08",553.0,2,hamishdickson
2822,16381511,piska,"2026-06-27 13:35:28",552.6,2,piskasavi
2823,16379930,"Louis KLASING","2026-06-30 21:43:44",552.5,2,louisklasing
2824,16407237,"Hao Boyuan","2026-06-21 22:58:29",552.2,2,kennethhao8
2825,16380163,AFC,"2026-06-20 19:01:32",552.1,2,"ashipann,homuragg"
2826,16372862,sbite0138,"2026-06-19 16:27:14",552.1,2,sbite0138
2827,16402948,"hisa ito","2026-06-22 08:20:20",552.0,2,itohisato
2828,16434251,Miker,"2026-06-27 01:06:29",552.0,2,miker1
2829,16385450,"We Are Slow","2026-07-02 07:21:51",551.9,2,"cmudkip,ksun123"
2830,16394718,AILogDev,"2026-06-21 00:58:58",551.8,2,ailogdev
2831,16372496,"Yuya Shintani","2026-06-17 03:33:34",551.2,2,uplus26e7
2832,16471640,磯部清介,"2026-07-02 14:57:17",551.2,2,ikyos0612
2833,16401654,Atamol,"2026-07-02 08:28:08",551.0,2,"atamol,ru0719"
2834,16372506,"team TDL","2026-07-02 12:59:32",550.8,2,wataruogasa
2835,16378723,CYLIM87,"2026-06-25 15:16:28",550.8,2,cylim87
2836,16414410,Vu,"2026-06-30 09:55:22",550.6,2,vunguyenhoangkggl
2837,16385633,ys1997,"2026-06-29 20:14:10",550.3,2,ys0923
2838,16408529,"Anuj Saha","2026-06-23 09:55:04",550.3,2,anujsaha0123456789
2839,16419152,yayoc,"2026-07-01 13:34:22",550.0,2,yayoctokyo
2840,16471174,YozenPoke,"2026-07-02 08:27:45",549.9,2,yozenk1ll
2841,16375129,"Bambang Satmoko","2026-06-16 21:12:41",549.8,1,investo
2842,16419050,"Luan Pham","2026-06-30 07:24:29",549.8,1,luanpg
2843,16378973,"Just a Student","2026-06-20 13:16:53",549.7,2,aotoizawa
2844,16460000,"Dan Arreola","2026-07-02 03:59:46",549.6,2,danarreola
2845,16384927,keiz,"2026-07-01 16:54:55",549.5,2,keizkeiz
2846,16383398,"Remi Wynthein","2026-07-01 17:19:01",549.5,2,remiwynthein
2847,16401783,"Mih Zam","2026-06-24 05:42:48",549.5,2,mihzam
2848,16437424,Glucosamine,"2026-07-02 14:59:50",549.0,2,glucosamine
2849,16414864,tyakku_k2k,"2026-07-01 00:15:42",548.9,2,tyakkuk2k
2850,16440390,"Lazy Bandit","2026-06-30 18:54:48",548.9,2,lazybandit
2851,16376930,Yuulis,"2026-06-20 08:59:26",548.7,2,yuulis
2852,16380338,MORU,"2026-06-21 05:33:40",548.5,2,morihibiki
2853,16418640,anagosan110,"2026-06-30 04:00:26",548.3,2,anagosan110
2854,16371851,heart_mugi,"2026-06-29 15:53:39",548.3,2,heartmugi
2855,16377401,"Bill Xu","2026-07-02 05:47:24",548.0,1,billll
2856,16392908,DeeRang25,"2026-06-24 00:33:26",548.0,2,deerang25
2857,16382989,MatsuyamaKAiho,"2026-06-18 13:05:47",548.0,2,matsuyamakaiho
2858,16388681,"MATSUMOTO Ryutaro","2026-06-19 17:20:46",547.7,2,matsumotoryutaro
2859,16374020,ha-sanC4,"2026-06-20 17:44:13",547.7,2,hasanc4
2860,16381283,oideyo_shibamata,"2026-06-18 02:02:57",547.6,2,oideyoshibamata
2861,16385178,zumatin,"2026-06-26 08:58:54",547.6,2,azumasosuke
2862,16417856,"César Adrián Delgado Díaz","2026-06-30 00:55:31",547.5,2,cesardelgado
2863,16389703,NiaAtSyzd,"2026-06-19 15:42:26",547.5,2,niaatsyzd
2864,16451937,Sanjay6727,"2026-07-02 15:13:57",547.3,2,sanjay6727
2865,16399593,"X- ray","2026-06-29 16:29:31",547.2,2,xray0924
2866,16379706,Yugoawawa,"2026-06-20 17:53:38",547.0,2,yugoawawa
2867,16371495,gongdo,"2026-06-21 16:41:51",546.8,2,gongdo
2868,16374911,MrSamu18,"2026-06-28 16:02:15",546.6,2,mrsamu18
2869,16381362,Brian,"2026-07-02 12:16:02",546.5,2,brian1981
2870,16428218,ペンギン,"2026-06-24 17:10:58",546.3,1,harutotakita
2871,16413387,Renaissancejxj,"2026-06-22 14:08:48",546.3,2,renaissancejxj
2872,16391196,rkd,"2026-06-22 09:58:06",546.2,2,ryookd
2873,16381128,"Aditya Sasidhar","2026-06-17 12:50:35",546.1,2,tadityasasidhar
2874,16381515,atsuken,"2026-06-18 04:51:52",546.0,2,atsuken78
2875,16374017,DforDragon,"2026-07-01 06:20:24",546.0,2,dfordragon
2876,16382632,"Tuna Xiao","2026-06-23 05:39:09",546.0,2,tunaxiao
2877,16371970,mrk,"2026-07-02 05:40:02",545.9,2,matsubaratakuji
2878,16377069,Malton,"2026-06-22 06:44:09",545.9,1,malton
2879,16389318,toru,"2026-06-20 16:23:21",545.8,2,torunagano
2880,16373035,akiakane,"2026-06-27 11:36:59",545.5,2,"aohebi7,hideohideo"
2881,16376179,"David lillie","2026-06-18 00:35:42",545.1,2,davidlillie
2882,16373925,NaOH,"2026-07-01 13:21:59",545.0,2,naoh1181
2883,16402005,masaume,"2026-06-28 06:07:09",545.0,2,umekawa
2884,16373421,ajisto,"2026-06-21 08:27:20",544.6,2,matsukuboyasuki
2885,16376638,"Hitoshi Mochizuki","2026-07-02 00:31:31",544.6,2,hitoshimochizuki
2886,16385799,"poket monster","2026-06-30 00:01:45",544.3,2,ryotasatio
2887,16385557,gakushiai,"2026-06-19 02:18:11",544.3,2,gakushiai
2888,16422609,ronniepiku,"2026-06-23 19:34:24",544.3,1,ronniepiku
2889,16380846,"Farigiraf Stats","2026-07-02 06:09:49",544.0,2,"andyferraris,arckaynine,goldenladybug,jellyghost"
2890,16463400,guglilac,"2026-07-02 09:00:35",544.0,2,guglilac
2891,16383335,Kouhei　Sakamoto,"2026-06-22 11:57:06",543.9,2,kohesaka
2892,16378273,"Yuichi Yoshida","2026-06-29 23:19:45",543.9,2,yu0000001
2893,16426093,takuya008,"2026-06-30 03:26:19",543.9,2,takuya008
2894,16374798,"Rishav Dutta","2026-07-02 15:47:54",543.7,2,dutta64
2895,16436991,"Kirill Krasikov","2026-06-30 19:41:55",543.6,2,kkrasikov
2896,16399820,Kagura_UT,"2026-07-02 14:28:47",543.4,2,tatsuhikou
2897,16376273,"Josh Greiff","2026-06-23 19:44:13",543.3,2,joshgreiff
2898,16372708,TidalBuckeye,"2026-06-16 14:30:12",543.3,1,tidalbuckeye
2899,16395614,WAKIYA,"2026-06-24 00:58:03",543.2,2,chouchoulabo
2900,16376228,"Hondo Tamez","2026-06-17 12:07:37",543.1,2,hondotamez
2901,16381882,!!,"2026-06-28 14:43:54",543.0,2,nightdeer2017
2902,16385952,"Sobat Bucin","2026-07-01 16:25:14",542.8,2,sobatbucin
2903,16381075,hymn_fun,"2026-06-17 16:12:42",542.7,2,hymnfun
2904,16421124,3fk,"2026-07-01 14:28:09",542.5,2,"botchi,pwm3517,tatsuyatsuno"
2905,16397186,zegure392end5321d,"2026-06-27 12:53:55",542.4,2,zegure392end5321d
2906,16374016,"Ethan Yang","2026-06-20 23:50:58",542.4,2,ysyang95
2907,16381011,blibli.com,"2026-06-26 09:48:13",542.3,2,"mickeylcwld,shoishiwata,utace1"
2908,16371665,SENGA,"2026-06-23 05:59:30",542.2,2,sukabato
2909,16396923,"Alex DR","2026-06-26 14:15:08",542.1,2,alexderi
2910,16378628,satory074,"2026-07-02 13:57:39",542.0,2,satory074
2911,16377296,monao462,"2026-06-20 13:37:49",541.7,1,monao462
2912,16381461,"Jales Ferreira","2026-06-22 02:50:04",541.5,2,jalesferreira
2913,16460151,"Tri Nguyen","2026-07-01 18:23:59",541.0,2,"caydenhutcheson,tringuyen2007"
2914,16377875,"Atom McCree","2026-06-17 06:28:11",541.0,2,atommccree
2915,16372973,gggggggg0g0,"2026-06-19 02:13:53",540.6,2,gggggggg0g0
2916,16446329,"Hiro Wang","2026-06-28 13:03:14",540.5,2,hirowang5
2917,16384579,Dons,"2026-06-29 00:43:43",540.4,2,"jonanakaiml,paulyokota"
2918,16372065,"Chekhlov Dmitrii","2026-06-16 16:27:39",540.4,2,zoli800
2919,16437005,Ricebug,"2026-07-02 13:19:11",540.4,2,ricebugtw
2920,16432519,"Shuang Ranse","2026-07-02 01:59:33",540.2,2,shuangranse
2921,16381096,sender1999,"2026-06-20 02:16:13",539.9,2,"mksmks11,sender1999"
2922,16376477,IwaKri,"2026-07-01 17:56:16",539.7,2,iwakri
2923,16372044,nozmulll,"2026-06-17 16:47:15",539.6,2,nozmulll
2924,16414875,Matsuokaaaaa,"2026-06-27 10:06:07",539.6,2,matsuokaaaaa
2925,16383073,littlestronomer,"2026-07-01 14:21:57",539.5,1,littlestronomer
2926,16395816,"ali rehman khan","2026-06-20 13:29:08",539.0,2,alirehmankhan
2927,16412970,Gloxynia,"2026-06-23 16:41:48",538.8,2,gloxynia
2928,16388031,tk1024,"2026-06-20 15:31:23",538.8,2,kaggletk1024
2929,16374388,onionring26,"2026-06-29 09:16:16",538.4,2,"momentummm,onionring26,skota0815"
2930,16425441,Gronk,"2026-06-26 10:32:18",538.3,2,jianyicai
2931,16441077,"Aliy Elbekov","2026-06-27 07:13:15",538.2,1,aliyelbekov
2932,16373388,MangaNow,"2026-06-18 13:09:53",538.1,2,manganow
2933,16443392,inoue0x54,"2026-07-02 15:50:55",538.1,2,inoue0x54
2934,16424460,NaviCE,"2026-07-01 23:32:38",538.0,2,navice
2935,16382130,Yuk!,"2026-06-19 14:15:41",537.9,1,mitsuyukiokamura
2936,16461055,Luca925,"2026-06-30 19:11:35",537.7,2,lucaluo925
2937,16374517,matsuda2929,"2026-06-16 18:24:32",537.5,1,matsuda2929
2938,16389569,Yuki_Kaneko,"2026-06-27 04:34:09",537.5,2,yukikanek0
2939,16386158,ek,"2026-06-18 09:09:20",537.3,1,enomotoko
2940,16425239,minoruno,"2026-07-01 08:44:57",537.2,1,leila18
2941,16450350,"shinagawa monjiro","2026-07-02 06:30:27",536.7,2,shinagawamonjiro
2942,16385958,bacon4423,"2026-06-27 11:09:06",536.6,2,bacon4423
2943,16381449,kouta0226,"2026-06-19 08:22:06",536.5,2,kouta0226
2944,16372622,YusBri,"2026-06-20 03:55:50",536.5,2,"ukiko0801,yusukebrian"
2945,16392782,"Hiroto Tarora","2026-07-01 00:02:57",536.4,2,hirototarora
2946,16380767,KuchiKiya,"2026-06-28 10:41:53",536.3,2,kuchikiya
2947,16389233,yk_aiiii,"2026-06-21 09:04:11",536.3,2,ykaiiii
2948,16378074,unprosaiclabyrinth,"2026-06-17 06:53:48",536.2,2,unprosaiclabyrinth
2949,16426904,lowbackpain-slime,"2026-06-24 14:51:07",535.7,2,lowbackpainslime
2950,16394911,Soomana1z,"2026-06-29 05:22:35",535.6,2,soshionodera
2951,16416580,ottojr,"2026-06-25 15:28:22",535.0,2,ottmanbenlarch
2952,16384875,"Subhy Affara","2026-07-01 06:46:00",534.2,2,subhyaffara
2953,16431461,ZihaoKuang,"2026-07-02 15:14:16",534.1,2,"tangtianchi,zihaokang"
2954,16380544,pickles0923,"2026-06-24 17:11:08",534.0,2,pickles0923
2955,16375095,Lleyaghm,"2026-06-19 04:57:20",533.9,2,liamhuntswe
2956,16382171,kishingo,"2026-06-25 15:08:55",533.5,2,kissing
2957,16377108,BlueSteel,"2026-06-21 07:40:38",533.5,2,zhy65401
2958,16389449,oliver,"2026-06-30 16:33:43",533.3,2,oliverlang
2959,16393041,DeepMew,"2026-06-27 06:38:29",533.2,2,yuushasama
2960,16435886,qqqqqqq1111,"2026-06-26 05:19:40",533.1,2,qqqqqqq1111
2961,16382470,"Sijin Yu","2026-06-20 03:24:12",533.0,2,sijinyu
2962,16417680,Gary,"2026-06-23 04:44:28",532.9,2,hsiaogary
2963,16394789,"Roman Vinogradov","2026-06-20 11:56:35",532.9,2,romanvinogradov
2964,16375921,Seasaw,"2026-07-02 03:47:29",532.9,2,"buchidev,chickbreast,graypein,ryuumehara"
2965,16473558,"Pavel Kerbel","2026-07-02 14:58:38",532.6,2,"milanakerbel,pavelkerbel"
2966,16403820,RedBaseline,"2026-06-29 04:55:22",532.4,2,przemekprzybya
2967,16414784,EunchaeSong,"2026-06-24 01:02:20",532.3,2,eunchaesong
2968,16375106,nd77dn,"2026-06-20 07:17:59",531.8,2,nd77dn
2969,16381008,K.A,"2026-06-18 13:52:13",531.8,2,azumax317
2970,16379853,naoki,"2026-06-20 09:33:21",531.8,2,naoki777
2971,16433944,"Aaron Cuellar","2026-07-02 01:22:03",531.6,2,aaroncuellar
2972,16377040,"Carter Davis","2026-06-18 04:19:36",531.3,1,cartmandavis
2973,16385520,aosi123,"2026-07-02 15:00:27",531.3,2,aosiai123
2974,16444342,"Sai Swaroop","2026-06-28 17:51:40",531.0,2,soupswoop
2975,16460121,PikachuKawaii,"2026-07-02 00:21:52",530.9,2,"yanwenwang2001,zjwxdu,zyliangk"
2976,16377520,sh1kuwasa,"2026-06-17 17:09:29",530.7,2,sh1kuwasa
2977,16389252,re_eee_ne,"2026-06-27 14:12:34",530.6,2,reeeene
2978,16397275,"Keisuke Ota (Kei)","2026-06-22 15:54:26",530.4,2,keisukeotakei
2979,16466735,"Bruno Ramos Martins","2026-07-01 20:48:44",530.2,2,brunoramosmartins
2980,16375573,m09855,"2026-06-17 11:26:20",530.2,2,m09801
2981,16382797,"Gosuke Watanabe","2026-06-26 13:48:05",529.9,2,gosukewatanabe
2982,16409831,"Yuki Mizutani","2026-06-28 04:40:16",529.9,2,yukimizutani
2983,16372640,"Hiromi Motodera","2026-06-18 03:17:18",529.8,2,hiromimotodera
2984,16380704,UJ_shinozaki,"2026-06-20 12:31:21",529.7,2,ujshinozaki
2985,16372365,Nono,"2026-06-25 01:05:01",529.5,2,non012
2986,16454338,"Lester Leong","2026-07-02 01:49:18",529.5,2,lesterleong
2987,16465163,"Xuemai Xie","2026-07-02 10:58:07",529.5,2,xuemaixie
2988,16380232,"rin araya","2026-06-17 12:02:23",529.2,2,rinaraya
2989,16391983,Hinapipipipi,"2026-06-20 18:05:03",528.9,2,hinapipipipi
2990,16406640,gecogeco,"2026-07-02 14:37:10",528.7,2,roshihy
2991,16378549,"HIKARU MATSUDA","2026-06-26 06:27:45",528.7,2,hikarumatsuda
2992,16434348,mealck,"2026-06-28 00:04:41",528.6,2,mealck
2993,16389865,Pradyumna_Official,"2026-07-01 18:09:46",528.6,2,pradyumnaofficial
2994,16377208,"Baker Jackson","2026-06-19 02:16:58",528.3,2,bakerjackson
2995,16382530,lilylily26,"2026-06-29 22:53:05",528.2,2,lilylily26
2996,16376809,takumi_ot0000,"2026-06-29 07:46:57",528.2,2,takumiot0000
2997,16378060,"Luca Lullo","2026-06-24 12:56:33",527.8,2,lucalullo
2998,16445012,"Nicolas Gomasjaya","2026-07-02 01:46:21",527.6,2,nicolasgomasjaya
2999,16378845,DDDomyo,"2026-06-22 08:11:22",527.6,2,"dddomyo,loxonin"
3000,16373254,bukichi,"2026-06-28 07:26:24",527.5,2,bukichi
3001,16381108,"Aoi Umigishi","2026-06-27 17:40:07",527.5,2,aoiumigishi
3002,16393227,"SPARSH PATEL","2026-07-02 15:30:32",527.3,1,sparsh123456789
3003,16371538,Maxim,"2026-06-16 12:35:05",527.3,2,ektarr
3004,16381907,chibakee,"2026-06-28 14:07:53",526.5,2,chibakee
3005,16402710,sota_k_1021,"2026-06-21 07:00:58",526.4,2,sotak1021
3006,16422590,"YOGESH M","2026-06-28 18:31:42",526.2,2,yogeshm4216
3007,16449212,瀧山翔平,"2026-06-30 14:52:19",525.7,1,takky1028
3008,16377683,GoodWill,"2026-07-01 14:00:03",525.7,2,takafumisaito
3009,16391205,Watta,"2026-06-28 23:06:04",525.4,2,watta7
3010,16386562,canesro,"2026-06-21 09:23:08",525.0,2,canesro
3011,16376658,"Yuta Tadokoro","2026-06-17 09:04:23",524.9,2,yutatadokoro
3012,16374741,sironekosama,"2026-06-24 12:58:43",524.7,2,sironekosama
3013,16394500,aporo_hirokichi,"2026-06-29 15:11:16",524.6,1,aporotanaka
3014,16403595,FromAtom,"2026-06-28 15:42:58",524.5,1,fromatom
3015,16381052,ZM0526,"2026-06-25 08:18:18",524.4,2,zm0526
3016,16378936,HID_garal,"2026-06-24 14:11:34",524.3,2,hidgaral
3017,16376685,Yuta_poke,"2026-06-17 12:09:45",524.2,2,yuta1process
3018,16377805,machiko_osada,"2026-06-17 12:24:23",524.1,2,machikoosada
3019,16404789,"Steve Watson","2026-07-01 01:56:24",523.8,2,stevewatson999
3020,16371620,"Manato TAKAI","2026-07-01 09:22:58",523.7,2,manatotakai
3021,16377667,MelioniDas,"2026-06-19 03:33:55",523.4,2,melionidas
3022,16373986,"Maxim Simakov","2026-07-01 12:19:44",523.0,2,maxsim73
3023,16373150,KTG,"2026-06-19 02:41:35",523.0,2,kg2500
3024,16375754,イチノセ,"2026-06-18 01:21:13",523.0,2,ichinose3
3025,16404074,"ryo aoyama","2026-07-01 14:02:18",522.9,2,raoyama
3026,16372910,s2terminal,"2026-06-17 15:44:05",522.9,2,s2terminal
3027,16413224,影山祐介,"2026-06-24 06:02:55",522.9,2,kbykageyama
3028,16417557,"Luke Stafford","2026-06-23 23:29:28",522.8,2,luketstafford
3029,16387317,Fの人,"2026-06-22 03:29:03",522.8,2,"kanamori4,merilynk66,yorusuki58"
3030,16376851,YaYu,"2026-06-25 02:06:52",522.6,2,kou1212
3031,16465714,"chakaravarthi j","2026-07-02 04:55:34",522.3,2,chakaravarthij
3032,16382085,"Saianiruth M","2026-06-26 12:24:25",522.2,2,saianiruthm
3033,16375865,Bigree,"2026-07-02 06:44:05",521.9,2,jmrbx767
3034,16374294,anthonychiang000,"2026-06-19 04:37:15",521.4,2,anthonychiang000
3035,16395083,"Emre Bektas","2026-06-20 11:57:41",521.1,2,ebktas
3036,16385393,"Hyun-woo Kim","2026-06-18 01:46:30",520.9,1,hwkims
3037,16378231,bkal01,"2026-06-21 00:14:22",520.9,2,bkal01
3038,16373503,Pensuke,"2026-06-25 20:21:19",520.7,2,"pensukecube,rintarokoide"
3039,16396104,"Seymon Zhang","2026-06-20 03:22:38",520.5,2,seymonzhang
3040,16401805,YK-Orfeluna,"2026-06-28 16:12:26",520.4,2,yukikitagishi
3041,16405204,uttc,"2026-07-02 04:39:33",520.3,2,juichunyen
3042,16373786,taichi-1,"2026-06-16 17:01:29",520.0,2,taichiiskw
3043,16444983,"Yan Enrique","2026-07-02 02:45:17",519.9,2,yanenrique
3044,16381438,"Shintaro Sekimoto","2026-06-28 13:48:26",519.6,2,tarowork
3045,16385884,"Twin Energy","2026-06-26 06:24:44",519.5,2,jcxliv
3046,16466588,pineorpine,"2026-07-02 07:25:01",519.4,1,pineorpine1999
3047,16388066,Ryu_san,"2026-06-28 16:25:24",519.3,2,ryusan
3048,16387101,chephes,"2026-06-21 02:59:08",519.2,2,chephes
3049,16387077,kotone,"2026-06-28 17:44:37",519.2,2,kotone1027
3050,16460071,"Evan Kim","2026-07-02 06:07:22",518.5,2,evandekim
3051,16382934,dyuan311,"2026-07-01 08:43:48",518.4,2,dyuan311
3052,16373569,DhawalModi,"2026-06-17 16:58:41",518.3,1,daveconnor
3053,16394960,yun8686,"2026-06-23 12:01:24",518.2,2,yun8686
3054,16382184,"Ren Yamazaki","2026-06-18 10:27:18",518.2,2,renyamazaki
3055,16401854,FcoUniverse,"2026-06-28 22:12:24",517.5,2,fcouniverse
3056,16373808,"Yuka,Ota","2026-07-01 23:55:32",517.0,2,yukaika
3057,16413866,kaykay,"2026-06-22 11:18:09",517.0,1,homemadedosukoi
3058,16472188,AdityaKrishnamurthy,"2026-07-02 10:54:11",516.9,2,krishaditya
3059,16377836,shimadadada,"2026-06-18 12:39:08",516.8,2,shimadadada
3060,16381363,"Liviu Alexandru Bobocu","2026-07-02 11:36:00",516.7,2,liviualexandrubobocu
3061,16398070,"keisuke ito","2026-06-21 03:35:06",516.6,2,itoksk
3062,16376770,CatPurrgramming,"2026-06-19 06:23:48",516.3,2,catpurrgramming
3063,16458803,Pablo,"2026-06-30 12:15:42",515.9,1,dauriel
3064,16383921,harsh,"2026-06-21 16:50:06",515.3,2,hrdv10
3065,16386705,ミラクレ,"2026-06-28 00:37:40",514.9,2,mirakure
3066,16471068,tsukida,"2026-07-02 15:00:26",514.6,2,tsukida
3067,16388483,Pikabrew,"2026-06-27 23:36:57",513.9,2,"capjoris,platothesloth"
3068,16378927,ushironoko,"2026-07-02 06:39:41",513.9,2,ushironoko
3069,16377803,山本卓哉,"2026-06-25 14:36:59",513.4,2,pockypen
3070,16376887,ktk,"2026-06-21 16:45:06",513.1,2,ktk309872
3071,16416048,pop-ketle,"2026-06-30 02:13:36",512.6,2,popketle
3072,16372089,"Christian McBride","2026-06-18 12:29:28",512.4,2,christianmcb
3073,16372819,CIARANA,"2026-07-02 11:49:42",512.2,2,ci4r4n4
3074,16406207,"T U (seiryu0730)","2026-07-02 06:06:07",512.1,2,tuseiryu0730
3075,16375229,ことこと,"2026-07-01 06:25:06",512.1,2,koto821
3076,16383333,HirokiGLHF,"2026-06-26 00:06:15",511.7,2,hirokiglhf
3077,16385984,mono_ogu,"2026-06-26 14:08:20",511.3,2,monoogu
3078,16372491,ロケット団参上！,"2026-07-01 15:48:04",510.5,2,ryotasueyoshi
3079,16372312,siguremon,"2026-06-21 15:18:47",510.3,2,siguremon
3080,16374329,"Satoru Sugizaki","2026-06-24 16:52:18",510.1,2,satorusugizaki
3081,16385149,"DeviPriya Raju","2026-06-26 05:18:07",509.9,2,priya2117
3082,16380332,"Oikawa Kota","2026-06-18 10:47:55",509.9,2,oikawakota
3083,16384264,"suzy su","2026-06-25 22:25:04",509.7,2,suzysu997
3084,16371693,"Manish Swami","2026-06-29 02:42:17",509.5,2,manish756
3085,16372394,rmizuta,"2026-06-20 01:41:45",509.5,2,rmizuta
3086,16380922,Pokemick,"2026-06-21 16:06:07",509.4,2,vdermick
3087,16373508,"Yuto Kobayashi","2026-07-01 18:08:56",509.2,2,kbology
3088,16405682,atuage70,"2026-06-26 12:54:18",509.2,2,atuage
3089,16378470,NAUTANAKA,"2026-07-01 11:22:50",508.1,2,nautanaka
3090,16378989,"Junichi Hatano","2026-06-25 13:30:45",507.7,2,junichihatano
3091,16451265,"Jack Hunter","2026-06-29 22:24:28",507.7,2,jackhunter1
3092,16385418,チームサティスファクション,"2026-07-01 12:29:16",507.7,2,kopetan
3093,16436150,HATODADON,"2026-06-28 14:50:17",507.1,2,"hatodadon,hiflygon"
3094,16435136,RickArko,"2026-06-26 03:16:16",507.1,2,rickarko
3095,16383764,"Lucas Sterniak","2026-07-01 17:08:47",507.1,2,lucassterniak
3096,16381219,nyahomaru.,"2026-06-30 17:20:04",507.0,2,"nyahomaru,smatsushita"
3097,16441492,"Hiroyasu Okuno","2026-06-30 14:12:53",506.5,2,hiroyasuokuno
3098,16380743,"Ashutosh Agarwal","2026-07-02 11:03:29",506.5,2,ashutoshagarwal088
3099,16376298,Toriitechforge_John,"2026-07-02 12:33:14",506.4,2,toriitechforge
3100,16372597,Salt708,"2026-06-16 14:43:20",506.4,2,shionao7
3101,16383828,"Electro Knight","2026-06-19 18:29:43",506.4,2,"electroknight,mister2005,yashpradhan0712"
3102,16405385,"TAKUMARU KOBO","2026-06-22 11:39:18",506.2,2,takumababa
3103,16399265,yashilinnnnnn0216,"2026-07-02 12:17:24",505.8,2,"shioyas,yamada102336,yashilinnnnnn0216"
3104,16382362,Ykst51,"2026-06-27 19:25:58",505.1,2,ykst51
3105,16461498,"Juan Resendiz","2026-07-01 15:42:12",505.0,2,jrz813
3106,16396707,"HAL TCG Dojo","2026-06-29 21:58:53",504.8,2,kafein
3107,16377179,"Jake Peterson","2026-06-18 21:43:33",504.6,2,jakewp11
3108,16431456,nalu0926,"2026-06-30 12:10:07",504.0,2,nalu0926
3109,16372285,Fumisky,"2026-06-17 14:49:40",503.8,1,fumisky
3110,16381848,Kerusu1984,"2026-06-19 12:42:21",503.4,2,kerusu1984
3111,16385138,mashirome,"2026-06-20 04:28:52",503.3,2,mashirome
3112,16378807,negi-develop,"2026-07-01 10:04:57",502.7,2,negidevelop
3113,16443295,"Pocket Arena","2026-07-02 06:46:13",502.6,2,chikaraueta
3114,16377657,PewPew,"2026-06-18 23:20:16",502.2,2,pewpew
3115,16383715,"Léo DEVIN","2026-06-30 06:47:56",502.0,2,lodevin
3116,16410956,"Adi Kumar","2026-07-02 05:41:53",501.3,2,adikumar312
3117,16426056,Ousagi,"2026-06-27 12:21:51",500.6,2,enzowalter
3118,16375717,"Yosuke KOBAYASHI","2026-06-18 00:26:04",500.6,2,pichotaro
3119,16375492,"Kazuto Matsui","2026-07-01 00:07:00",500.3,2,kazutomatsui
3120,16373347,"Tatsuya Ariga","2026-07-02 15:18:41",500.2,2,tatsuyaariga
3121,16372348,"masahiro katayama","2026-06-25 08:04:27",499.9,2,masahiro2007
3122,16387809,"Jack Gell","2026-06-27 06:36:06",499.6,2,jackgell
3123,16418733,mutou,"2026-06-26 16:12:19",499.3,1,mutou0610
3124,16389180,fu,"2026-06-29 13:45:04",498.9,2,pot3823
3125,16384092,Zenith08,"2026-06-19 05:38:16",498.5,2,zenith08
3126,16430657,"Phil Franco","2026-07-02 01:34:25",498.3,2,pcfranco05
3127,16378844,いもぺ,"2026-07-01 21:12:21",498.0,2,keimsd
3128,16395970,mshibatatt,"2026-07-02 15:50:18",497.9,2,masahiroshibata
3129,16381833,にゅーおじ,"2026-06-20 00:34:17",497.6,2,newgameozisan
3130,16392026,dxjjjjjj,"2026-06-24 08:43:32",497.5,2,dxjjjjjj
3131,16446186,"pysong wang","2026-06-30 17:06:34",497.3,2,pysongwang
3132,16378969,nekukoro,"2026-06-27 16:18:38",497.1,2,nekukoro
3133,16382523,CodeHacker,"2026-06-30 12:53:16",497.0,2,junhanzangai
3134,16463755,"Hwan Chang","2026-07-01 22:23:34",496.9,2,hwanchang
3135,16434337,"Fernando Ruiloba","2026-06-25 19:35:48",496.3,2,fernandoruiloba
3136,16432276,ljdzzz10,"2026-06-28 11:48:29",496.3,1,ljdzzz10
3137,16376115,WenRuitan21,"2026-06-17 03:34:31",496.3,1,wenruitan21
3138,16371514,"Ryosuke Nagamatsu","2026-06-21 12:40:27",496.2,1,festival911
3139,16375306,"Brandon Ellis","2026-06-17 05:41:14",496.2,2,theultimateabsol
3140,16381016,"soba sobasoba","2026-06-20 15:21:30",495.9,2,sobasobasoba
3141,16371886,Mudkip_88,"2026-07-01 19:19:39",495.5,2,mudkip88
3142,16386315,ミズゴロウ,"2026-07-01 13:58:19",495.3,2,akiteru6
3143,16425691,nishikun,"2026-07-01 01:08:37",495.2,2,nishikun1216
3144,16379569,Maikidantyou(Kusopocket),"2026-06-23 09:02:34",495.1,2,maikidantyou
3145,16471006,BabyCows,"2026-07-02 07:08:28",494.9,2,"anthonyrispoli,p0kedude"
3146,16414951,hdt666,"2026-06-25 01:47:20",494.6,2,hdt666
3147,16448573,Paami,"2026-07-02 08:25:39",494.6,2,coldpaami
3148,16431913,sugawarachikara,"2026-07-02 04:51:52",494.5,2,sugawarachikara
3149,16416086,ksew364,"2026-06-22 18:19:55",494.5,1,ksew364
3150,16398904,EKMorris,"2026-07-01 23:01:15",494.3,2,hdraider
3151,16377317,"Kosuke Izumi","2026-06-19 11:37:40",494.3,2,kizumi0712
3152,16429440,"Avec Dorayaki","2026-06-27 05:55:13",494.1,2,avecdorayaki
3153,16382027,UrbanFox,"2026-06-21 19:57:39",494.1,2,urbanfox000
3154,16377478,imamutya,"2026-06-21 23:52:32",493.9,2,imamutya
3155,16402331,phalanchang,"2026-06-20 14:29:31",493.7,1,phalanchang
3156,16385730,"Martin Stoyanov","2026-06-27 19:38:08",493.6,2,"martinstoyanov,victorst3"
3157,16384138,"Raghav Pant","2026-06-19 00:13:38",493.5,2,raghavpant131
3158,16380179,"T T (りっきー)","2026-06-28 14:34:55",493.3,2,ttrikky
3159,16371517,MYSO,"2026-07-02 07:13:16",493.1,2,myso1987
3160,16382961,八反田拓磨,"2026-06-20 15:15:53",492.8,2,chanhatada
3161,16399811,梅田真宙,"2026-06-28 01:44:08",492.7,2,mahiro770
3162,16414718,Sophinator,"2026-07-02 15:19:12",492.4,2,sophinator
3163,16412865,almer,"2026-06-22 09:24:48",492.3,2,almernzh
3164,16398484,"YOGA RAJ 1503","2026-06-27 08:54:33",491.8,2,"edwingohkul,maghicr,yogaraj1503"
3165,16378716,Nqcqlx,"2026-06-17 09:03:54",491.6,2,nqcqlx
3166,16385096,okicom富田,"2026-06-22 07:15:47",491.3,2,okicom
3167,16385623,yabami,"2026-07-02 02:39:33",491.3,2,yabami
3168,16388987,ryamamon,"2026-06-21 10:52:38",491.1,1,ryamamotoo
3169,16371544,syamoji141,"2026-06-26 23:22:25",491.1,2,syamoji141chan
3170,16435186,"Blaine Hill","2026-06-26 16:30:34",491.0,1,bthill111
3171,16383824,のはたく,"2026-06-26 18:45:20",490.7,2,nohataku
3172,16373692,"Kota Munaoka","2026-06-19 06:20:27",490.6,2,kotamunaoka
3173,16373658,nianag0,"2026-07-02 15:58:32",490.1,2,daichimuraoka
3174,16378010,"Diego Pacheco","2026-06-26 02:34:40",490.0,1,diegopacheco42
3175,16449630,"Enoch Kwak","2026-07-02 10:40:36",489.4,2,redcom55
3176,16382818,Benjp8,"2026-06-19 16:02:34",489.4,2,benjp8
3177,16379946,中村恵大,"2026-06-24 07:59:31",489.2,2,chimannnn
3178,16373838,"Dan Ah Tou","2026-06-19 04:02:33",488.9,2,dlahtou
3179,16392512,"Yujiro Seki","2026-06-28 15:40:13",488.8,2,yujiroseki
3180,16434608,"Sleepy Nuts","2026-06-25 19:52:42",488.7,2,sleepynuts
3181,16402504,Fusahiko@555,"2026-06-27 07:42:15",488.2,2,fusahuko555fusahiko
3182,16391859,"Ying Peter","2026-06-24 02:42:29",488.1,2,"ciro007ciro007,yingpeter"
3183,16437746,nofreewill42,"2026-06-26 15:00:25",487.9,2,nofreewill
3184,16371996,おちゃ,"2026-06-30 03:18:00",487.9,2,ocha4728
3185,16404430,"Chris Tiso","2026-06-20 22:51:10",487.8,1,christiso
3186,16419667,Down_Town_robato,"2026-06-27 07:49:25",487.7,2,downtownrobato
3187,16458618,caprest,"2026-06-30 12:37:46",487.2,2,caprest
3188,16393774,"Chen Ken","2026-06-25 12:15:21",486.3,2,nutastray
3189,16399967,"Kiyotaka Kobayashi","2026-07-02 10:57:01",486.2,2,kiyotakakobayashi
3190,16380359,"Mysterious Rock Inn","2026-07-01 08:59:31",486.1,2,"jesusarizapo,p0t1t0"
3191,16381070,"team asayan","2026-06-22 11:41:08",486.1,2,aseanonpu
3192,16397604,sato7564,"2026-06-28 10:35:37",485.3,2,sato7564
3193,16466138,yoonick,"2026-07-01 13:59:36",485.2,2,yoonick
3194,16376555,Kabuto0421,"2026-06-18 07:12:41",484.9,2,kabuto0421
3195,16385069,"saishi hghr","2026-06-28 11:44:24",484.6,2,saishihghr
3196,16382073,R.I,"2026-07-01 15:33:04",484.6,2,rinichikawa
3197,16404551,"Arnav Dagli","2026-06-27 06:33:32",484.4,2,arnavdagli
3198,16375657,atknak,"2026-06-28 04:48:33",484.2,2,atknak
3199,16403742,mojao,"2026-07-02 15:31:15",483.8,2,mojamojao
3200,16380554,Kazuki.kkkoizumi,"2026-06-21 10:25:53",483.5,2,kazukikkkoizumi
3201,16381355,ibushimaru,"2026-06-22 08:17:50",483.5,2,ibushimaru
3202,16376359,"Super Monkey42","2026-06-25 23:48:17",483.4,2,trevorbernhard
3203,16406501,RLAP,"2026-06-27 09:19:47",483.4,2,"anyooon,kenkentyisland"
3204,16373957,hukuda222,"2026-06-22 06:36:35",483.0,2,hukuda222
3205,16386420,中村友哉,"2026-06-28 13:10:45",483.0,2,tomoya585858
3206,16371971,teruyukikato,"2026-06-18 15:32:35",482.9,2,teruyukikato
3207,16372567,nmdcddwzml,"2026-06-17 01:52:05",482.7,2,mujian63
3208,16375428,"Active Grass Touchers","2026-06-29 23:29:25",482.6,2,"classycheese,clhleung,dennisliu2,huggietron,kjdevaccount"
3209,16379500,"Thomas Young","2026-06-22 05:49:12",481.9,2,daashi
3210,16392895,Shiny-Rayquaza,"2026-06-25 09:49:17",480.7,2,kragrrr
3211,16372779,Dancing_RYAN,"2026-06-19 07:50:31",480.6,1,res1235
3212,16398461,kaito2140,"2026-06-20 16:46:31",480.4,2,kaito2140
3213,16376587,jwils4,"2026-06-21 01:23:19",480.3,2,jwils4
3214,16434164,Cotini,"2026-06-27 05:09:25",480.0,2,marconyxd
3215,16465251,"tsing hua","2026-07-02 15:48:24",479.9,1,tsinghua666
3216,16382639," Mansi anil kadam","2026-06-26 04:25:44",479.8,2,mansianilkadam
3217,16451238,HIROkkkki,"2026-07-01 12:00:05",479.6,2,hirokkkki
3218,16377093,"KT MATA","2026-06-28 05:07:50",479.6,2,ktmata
3219,16393980,"Abraham P. Jaison","2026-06-21 07:16:20",479.2,2,abrahampjaison
3220,16386769,DAIZU,"2026-07-02 08:49:58",479.2,2,shigehumiyoshida
3221,16375323,drektmr,"2026-06-17 08:06:42",479.0,2,drektmr
3222,16378070,Aakansha.aakaa,"2026-06-21 10:09:10",478.6,2,aakanshaaakaa
3223,16375716,ryoooooo,"2026-06-22 14:33:10",478.4,2,ryoooooo
3224,16379966,akay,"2026-06-17 21:40:33",477.9,2,keonevans
3225,16404489,"Cayce Crushers","2026-06-22 05:05:21",477.7,2,"desmondcayce,edgarecayce"
3226,16392750,altvision,"2026-06-19 15:15:19",477.6,2,altvision
3227,16384208,"Sushi Party","2026-06-20 14:59:50",477.6,2,mandy44
3228,16395229,"Debangan Mali","2026-06-29 17:14:59",477.4,2,debanganm
3229,16455194,chris,"2026-07-02 13:56:52",477.3,2,chris62
3230,16427842,OceFFFF,"2026-06-28 12:16:21",477.1,2,oceanfujimoto
3231,16398999,riku_cascade,"2026-06-20 06:32:14",477.1,2,rikucascade
3232,16422001,MaggyoWIMPS,"2026-06-27 19:24:21",477.0,2,maggyowimps
3233,16389642,MSGG411,"2026-06-21 14:12:22",476.9,2,msgg411
3234,16391830,"Flood Beast","2026-07-02 12:06:38",476.8,2,floodbeast
3235,16372763,"nicolas maine","2026-06-16 18:13:19",476.8,2,nicolasmaine
3236,16372510,SHUN_04,"2026-06-17 21:49:08",476.7,2,yshunt
3237,16389784,"River (River_jp)","2026-06-19 05:57:29",476.4,2,riverriverjp
3238,16412043,PxlPau,"2026-06-24 09:53:42",476.2,2,studybeetutoring
3239,16381451,MAXIMUMDataScience,"2026-07-02 15:13:40",476.2,2,maximumdatascience
3240,16381394,GreatestCutie,"2026-06-30 16:21:23",476.2,2,greatestcutie
3241,16431484,Amberlogy,"2026-07-01 14:16:53",475.8,2,amberlogy
3242,16383344,"Scoops Martin","2026-06-26 20:31:04",475.7,2,scoopsmartin
3243,16418658,jiwon95,"2026-06-23 06:37:48",475.4,2,jiwon95
3244,16385132,kmdrism,"2026-06-29 12:28:45",474.9,2,kmdrism
3245,16376243,EfReI,"2026-06-22 14:15:21",474.7,2,"hikaruaohara,itoasahi,michiakimese"
3246,16392934,Sohan,"2026-06-30 19:29:01",474.0,2,sohansinghrawat
3247,16391327,"Lazaros Avramidis","2026-06-19 11:50:16",473.5,1,lazarosavramidis
3248,16395619,delightening,"2026-06-24 06:01:30",473.4,2,delightening
3249,16445392,Ryu310_bnb,"2026-06-28 10:34:21",473.3,2,ryu310bnb
3250,16372198,"Dale Jung","2026-07-01 04:46:44",473.3,2,"quest47,wjdeodlf0123"
3251,16440968,"Chris Dalzell","2026-07-01 23:39:59",473.0,2,cdalzell
3252,16380924,"kwn mmm","2026-06-17 19:25:19",472.7,2,"kwnmmm,yakioni1129"
3253,16381061,firstbreak32,"2026-06-20 11:38:32",472.7,2,firstbreak32
3254,16378961,Tresure,"2026-06-28 00:27:31",472.5,2,yukitakarada
3255,16376695,kawaiy,"2026-06-25 00:27:28",472.4,2,kawaiy
3256,16384637,chanta093,"2026-06-18 10:06:34",472.3,2,chanta093093
3257,16375563,"Nikita Babych","2026-06-23 23:43:03",472.2,2,nikitababich
3258,16395332,"Jakub Pasečný (Fujka293)","2026-07-02 10:51:05",472.1,2,"jakubpasenfujka293,maxmen11"
3259,16377755,TAKUMI7775,"2026-06-18 06:23:49",471.7,2,takumi7775
3260,16391544,"Ortiz-AI Partners","2026-06-21 04:46:54",471.5,2,ortizaipartners
3261,16408160,tsuzuk1,"2026-06-26 17:06:58",471.2,2,tsuzuk1
3262,16410840,DavideVNT,"2026-06-25 10:39:31",470.6,2,davidevnt
3263,16384703,"Danik Hollatz","2026-06-17 22:00:15",470.5,1,dankopenko
3264,16411158,"Amon Shibata","2026-07-02 06:59:48",470.3,2,amonshibata
3265,16447049,"Corey Thompson","2026-07-02 12:03:05",470.1,2,thompcd
3266,16382644,ラーメンたべたい　,"2026-06-23 14:13:50",469.5,2,ramentabetai
3267,16413120,りんなな,"2026-07-01 11:04:14",469.4,2,hirosaitou
3268,16383920,Anamitra_04,"2026-06-19 18:23:44",468.9,2,anamitra04
3269,16380074,hiru0118,"2026-06-21 03:46:05",468.7,2,hiru0118
3270,16433277,"Mai Kevin","2026-06-30 10:07:08",468.6,2,maikevin
3271,16386905,kfuku,"2026-06-18 17:59:18",468.5,1,kfukumr
3272,16389166,"Mikiya Takada","2026-06-30 02:34:55",468.0,2,mikiyatakada
3273,16444493,"Ha huy","2026-06-29 10:42:13",468.0,2,hahuyy
3274,16372634,oji12_king,"2026-06-22 09:57:04",468.0,2,oji12king
3275,16372827,"Tetsuya A","2026-06-20 11:32:29",467.4,2,tetsuyaa
3276,16376114,Shuren_Akane,"2026-06-23 01:07:00",467.0,2,shurenakane
3277,16377857,nakotsuko13,"2026-06-30 13:27:32",467.0,2,nakotsuko13
3278,16442835,Yunioshi,"2026-07-01 13:02:57",466.6,1,yunioshi
3279,16389507,Shima_2054,"2026-06-20 08:59:42",466.5,2,shima2054
3280,16418527,野原拓也,"2026-06-23 07:09:34",466.5,1,tackle3494
3281,16418917,SeiichiroIshii,"2026-06-25 19:03:53",466.2,2,seiichiroishii
3282,16381543,"hiroaki obana","2026-06-22 15:19:30",465.9,2,hiroakiobana
3283,16404953,Kouto,"2026-06-23 02:56:42",465.8,2,koutokouto
3284,16376022,pes_magic,"2026-07-02 12:38:40",465.0,2,fumiyasuto
3285,16382349,madoka1111,"2026-06-22 03:27:54",464.0,2,madoka1111
3286,16416514,"Aditya Mishra","2026-06-30 04:51:31",463.9,2,adityamishranika
3287,16385608,yukichacha0227,"2026-06-24 15:23:00",463.3,2,yukichacha0227
3288,16372228,MinkMinkMink,"2026-06-19 11:43:46",463.3,2,minkminkmink
3289,16383415,torahirod,"2026-06-27 06:56:16",463.3,2,toratoratora
3290,16387602,"Dylan Tartarini","2026-07-01 20:32:42",463.0,1,"dylantartarini,fedegt1"
3291,16400299,YOYOYO2026,"2026-06-23 15:46:06",462.5,2,yoyoyo2026
3292,16389834,"Thái Văn Tài","2026-07-02 14:43:41",461.8,2,thivnti
3293,16394644,ジェニファー,"2026-07-02 10:37:14",461.6,2,m1333666888
3294,16378204,DOMinators,"2026-06-17 12:06:08",461.4,1,nisargvashi
3295,16394526,sharakoon,"2026-06-27 07:49:03",461.4,2,sanataria
3296,16385477,Te2hiro,"2026-06-22 13:54:27",461.2,2,te2hiro
3297,16379498,ちょろ,"2026-06-21 15:15:10",461.0,2,shogoharamaki
3298,16379212,uenohara-s,"2026-06-25 01:14:01",460.9,2,uenoharas
3299,16378218,niino,"2026-06-22 09:29:58",460.7,2,niiino
3300,16382540,taya,"2026-06-24 08:32:14",460.0,2,"eitokoyama,hottotto,tayanggggggg"
3301,16375488,"sidney gautrau","2026-06-22 21:28:20",459.8,2,sidneygautrau
3302,16465292,WUJIAHAO,"2026-07-02 09:51:06",458.9,1,wujiahao2003
3303,16405299,"Trinity Tea Party","2026-07-02 09:01:25",458.9,2,"keitaroboin,tangtheta"
3304,16394409,"Kento Umeda","2026-07-02 14:16:02",458.9,2,kent1989umeda
3305,16395202,mayukistarry,"2026-06-20 06:25:08",458.8,2,mayukistarry
3306,16377893,Kerminal,"2026-06-29 01:15:06",458.7,2,kosukeshimizu
3307,16381342,nenmaku,"2026-06-22 08:48:35",458.6,2,nenmaku
3308,16413061,"Masashi Oohira","2026-07-02 09:50:57",458.4,2,masashioohira
3309,16385556,sysullf,"2026-07-01 12:22:35",457.6,2,lilefei
3310,16397257,"Hare Miyashiro","2026-06-26 10:54:38",457.3,1,haremiyashiro
3311,16399632,"Hikaru Ebihara","2026-06-22 12:55:30",457.3,2,hikaruebihara
3312,16394785,KinpatsuPoke,"2026-06-23 17:10:47",457.1,2,"ftoyomatsu,kinpatsupoke"
3313,16387021,"Team A-B-A","2026-07-02 05:02:37",456.8,2,tatsuyasasaki
3314,16380307,Awajima,"2026-06-20 03:26:02",456.8,2,awajima
3315,16375661,kokoa,"2026-07-02 09:21:09",456.3,2,aoiokayama
3316,16443605,jinjaeru,"2026-07-02 09:38:36",456.1,2,"jinjaeru,kuzu86"
3317,16442693,"David Goldrajch","2026-06-30 07:06:13",455.9,2,elie2003
3318,16376599,takumi12345,"2026-06-26 11:25:21",455.7,2,takumi12345
3319,16387426,Sonika20000002,"2026-06-19 18:11:49",454.9,2,sonika20000002
3320,16383788,"hector cardenas","2026-06-26 03:53:43",454.8,2,hectorcardenas
3321,16386081,"Shoh Son","2026-06-22 04:17:07",454.7,2,shohson
3322,16454065,"Christian Rangel","2026-07-02 15:53:54",454.5,2,christianrangel1
3323,16397912,"Yusuke Sakurai77","2026-06-29 02:15:05",454.2,1,yusukesakurai77
3324,16417401,"Alejandro Espinoza","2026-06-26 02:37:42",454.2,2,aleespinoza
3325,16377101,"Ahmet Abdullah Gültekin","2026-07-02 00:30:13",454.2,2,"abdullahgultekin,glsmgltkn"
3326,16450596,stellab,"2026-07-02 05:21:44",454.1,2,stellabradai
3327,16377232,"Tsuyoshi Fujii","2026-06-30 12:30:26",454.0,2,tsuyoshifujii
3328,16380500,"Haekal D","2026-06-30 12:22:27",453.7,2,"haekald,rintsuda"
3329,16445525,齐乐,"2026-06-30 06:57:23",453.3,1,qile200107
3330,16379804,kidnanarya,"2026-06-19 12:02:06",453.0,2,kidnanarya
3331,16379339,"WintoMT mo","2026-06-20 04:31:20",452.8,2,wintomtmo
3332,16379884,Map1e,"2026-06-26 13:53:20",452.6,2,map1e114514
3333,16377240,yaya__k,"2026-07-01 23:13:49",452.3,1,yaya88k
3334,16393808,"Y. Onodera","2026-06-19 11:43:38",452.3,2,alwaysbaseline
3335,16396679,takahi526,"2026-06-26 22:35:41",451.6,2,takahi526
3336,16433852,"Anup Patil","2026-06-28 13:55:20",451.5,2,anuppatil29
3337,16375203,"Daylon Crider","2026-06-19 01:44:06",451.4,2,dayloncrider
3338,16375062,"Yuki Nakatsuka","2026-06-22 16:22:55",451.3,2,yukinakatsuka
3339,16383843,Civitas,"2026-07-01 00:08:05",450.9,2,godhand
3340,16454014,Kaii,"2026-06-30 19:09:47",450.6,2,kaiikaggle
3341,16382702,kawasaki12,"2026-07-01 02:25:47",450.3,2,titanic12
3342,16376474,itofuki,"2026-06-22 10:55:00",450.1,2,itofuki
3343,16421951,"sixer srinath","2026-06-29 07:15:54",450.0,2,srinath2495
3344,16461731,"Xinda Ding","2026-07-02 01:51:11",449.7,2,darian2001
3345,16381375,KHira,"2026-06-24 22:14:27",449.3,2,kanahirao
3346,16378851,すも（もす）,"2026-06-23 11:22:43",449.0,2,mosumosu12
3347,16425315,georgexue666,"2026-07-01 05:34:01",448.0,2,georgexue666
3348,16391290,"Karthik Ragulan","2026-06-20 03:23:52",448.0,2,karthikragulan
3349,16382347,Takeshi&maria,"2026-06-23 11:00:52",448.0,2,takeshimaria
3350,16463432,ri5de2408,"2026-07-02 10:20:11",447.7,2,ri5de2408
3351,16377908,"Yuto Asano","2026-06-17 09:51:05",447.6,2,yutoasano
3352,16376867,kotton,"2026-06-19 01:20:01",446.8,2,ktkt40208
3353,16388108,koshien1984,"2026-06-21 01:30:12",446.6,2,koshien1984
3354,16372609,"LORD DREGS","2026-06-20 11:48:40",446.5,2,lorddregs
3355,16411759,"Feonix Y","2026-06-23 08:27:40",446.4,2,feonixy
3356,16375215,mewworldorder,"2026-07-01 05:06:34",446.3,2,xiaoxiaomichaellong
3357,16376386,"TAKAMASA SHIMA","2026-06-23 08:13:51",446.2,2,takamasashima
3358,16373418,Sera,"2026-07-02 04:55:09",445.7,2,sserada
3359,16389725,wartauk,"2026-06-21 14:27:43",445.3,2,wartauk
3360,16376072,"Jed Mijares","2026-06-28 00:31:32",445.1,2,gerardmijares
3361,16387464,kkkk,"2026-07-02 05:19:21",445.0,2,kkkk4649
3362,16381537,"Takumu Hata","2026-07-02 03:16:57",444.9,2,takumuhata
3363,16382423,Vinit,"2026-06-28 14:38:23",444.8,2,ryotsuu
3364,16381935,"Sheldon Zhao","2026-06-23 13:07:26",444.7,2,sheldonzhao92
3365,16390584,lostejas,"2026-06-25 02:10:39",444.6,2,lostejas
3366,16403797,RamaswamyBala,"2026-06-25 15:22:05",444.6,2,ramaswamybala
3367,16386847,QAQA,"2026-07-02 06:01:50",444.5,2,kenty719
3368,16432270,yu_yukk_y,"2026-07-01 00:47:21",444.3,2,"s2010119,yuyukky"
3369,16427901,RyotaNakanishi,"2026-07-02 11:28:06",443.8,2,ryotanize
3370,16448342,Miao,"2026-06-29 00:19:46",443.5,1,miaohe1
3371,16381448,"[Deleted] 91a15118-4b67-4743-9d3d-30db5dad7efe","2026-06-19 14:37:32",443.5,2,del=1d5f1316dfcdeedb
3372,16385004,dodecagon,"2026-06-19 21:41:50",443.2,2,dodecagon
3373,16376181,Ko,"2026-07-01 04:57:52",442.9,2,komurase
3374,16389771,"Yuki Higashi","2026-07-01 15:57:41",442.8,2,yukihigashi
3375,16392904,nori_wave,"2026-06-22 03:20:59",442.8,2,noriwave
3376,16387977,Gakupide,"2026-06-20 07:57:37",442.2,1,gakupide
3377,16435037,"Neil Bhatkhande","2026-06-30 17:06:55",442.1,2,neilbhatkhande
3378,16408681,"Gestalt Lab","2026-06-28 18:25:05",442.0,2,dlougen
3379,16378082,King-Hal,"2026-06-21 13:30:28",441.6,2,kinghalto
3380,16379220,"AJINKYA CHINTAWAR","2026-06-17 14:43:42",441.0,2,ajinkyachintawar
3381,16439980,Rafiozoo,"2026-06-27 14:59:45",440.9,2,rafiozoo
3382,16442659,cununn,"2026-07-01 07:30:16",440.5,2,w007425y
3383,16398201,ramaswamyrama,"2026-06-27 18:22:43",440.4,2,ramaswamyrama
3384,16373335,Miyatanian,"2026-06-23 17:02:58",439.3,2,miyatanian
3385,16376095,ren110,"2026-07-01 03:01:31",439.2,2,ren110
3386,16377460,mapatn,"2026-06-23 08:16:33",439.1,2,mapatn
3387,16374570,kenimuku,"2026-06-17 12:30:23",439.1,2,ponjuice
3388,16430413,松野恭成,"2026-07-02 13:12:53",438.7,2,mk9872
3389,16384590,"Jermaine Wiggins","2026-06-21 03:41:07",438.1,2,jermainewiggins
3390,16377529,nya,"2026-06-17 16:51:50",437.5,2,jerryishihara
3391,16375632,huurou,"2026-06-18 10:01:07",436.6,2,windwolf0721
3392,16402641,とりてんチャンネル（とりてんチャンネル）,"2026-06-26 07:18:01",436.4,2,toriten
3393,16378460,nnnnio_pppira,"2026-06-22 13:04:10",436.1,2,itokashi
3394,16379491,Tsutsu_01,"2026-06-18 01:43:49",436.1,2,foopa66666
3395,16404922,gonchaaan,"2026-06-21 01:18:30",436.0,1,gonchaaan
3396,16373099,まっさん,"2026-06-17 07:46:33",435.9,1,ms3bf3
3397,16388368,bruxelles,"2026-06-26 06:43:55",435.6,2,bruxelles
3398,16430136,Metanoon,"2026-07-02 11:13:50",435.1,2,metanoon
3399,16466148,T-Sumida,"2026-07-02 10:39:59",434.9,2,tmyksmd
3400,16431644,dranblade,"2026-07-02 08:04:28",434.8,2,dranblade
3401,16392933,"Joseph Laurienzo","2026-07-02 07:03:46",434.8,2,josephlaurienzo
3402,16388335,Ludicolocolo,"2026-06-18 14:28:20",434.8,2,nobuhikoyamaguchi
3403,16428055,"Johannes Reber","2026-06-27 19:33:10",434.6,2,johannesreber
3404,16410950,"Mesut Gözdemir","2026-07-01 20:41:00",434.2,2,gfkfu123
3405,16375828,fujihara,"2026-06-29 02:21:45",433.9,2,fujihara
3406,16391911,"Kuga Miyabi","2026-06-21 05:08:47",433.3,2,kugamiyabi
3407,16397501,"The Malaysia Peas","2026-07-01 16:36:17",433.2,2,"aenjicinquleur,alvintangwj,nemesiscy,tommytie"
3408,16386594,YutoWatanabe,"2026-06-18 14:05:28",433.2,2,opyuto
3409,16375061,"Teru O.","2026-07-02 13:13:54",433.1,2,terno1011
3410,16386032,sy0718,"2026-06-26 10:11:49",433.1,2,sy0718
3411,16470079,"Lili Zhang Adams","2026-07-01 22:12:54",433.0,2,lilizhangadams
3412,16382464,tudoumono,"2026-06-18 16:57:57",432.9,1,tudoumono
3413,16392604,naisow,"2026-06-23 07:07:44",432.7,2,naisow
3414,16383385,"naoteru nakamura","2026-06-21 10:39:56",432.3,2,naoteru
3415,16385362,"Chrono IT Channel","2026-06-30 01:39:20",431.5,2,chronoit
3416,16452313,noki_UNNC,"2026-07-02 07:21:21",431.1,1,nokiunnc
3417,16380853,"kokuto k","2026-06-20 02:46:38",431.0,2,kokutok
3418,16373326,kanade73,"2026-06-16 15:42:04",430.5,1,knd703
3419,16472282,yujifuji,"2026-07-02 07:37:19",430.5,2,yujifuji
3420,16375871,Yuta,"2026-06-18 03:03:19",430.4,2,yutaecon
3421,16442621,Ryota-Sasaki023,"2026-06-30 17:08:31",430.3,2,ryotasasaki023
3422,16373134,mishio,"2026-06-21 15:29:49",430.2,2,myosin340
3423,16381160,miso,"2026-06-26 16:47:35",430.0,2,deusanzu
3424,16420764,enim,"2026-07-02 11:32:38",430.0,2,kaenim
3425,16377654,"Ding Ma","2026-06-27 10:48:52",429.8,2,dingma61
3426,16411822,"Aditya Palit","2026-06-26 07:12:49",429.1,2,epicvstuff
3427,16421859,Amalgam,"2026-06-24 17:51:02",428.8,2,zqgk52ar
3428,16392780,tstakeda,"2026-06-30 13:46:27",428.8,2,tstakeda
3429,16406513,Light&Thunder,"2026-06-27 19:34:17",428.1,2,yerne39
3430,16373586,zono819,"2026-06-28 06:22:04",427.1,2,zono819
3431,16399727,IShun,"2026-06-23 03:02:20",427.1,2,shunyaihira
3432,16415067,"irelia 0/11/2","2026-06-23 12:47:21",427.0,1,tok1t4
3433,16399989,"The Weeknd","2026-06-26 07:11:12",426.9,2,th3w33knd
3434,16373846,C,"2026-06-29 19:50:48",426.8,2,"macsaho,mukunoke,tks3210,yu0307,yuikag"
3435,16385366,tahiro,"2026-06-22 16:40:50",425.8,2,tahiro
3436,16383319,"StormGrid Lab","2026-06-27 17:53:25",425.1,2,stormgridlab
3437,16406908,TomCAT,"2026-06-21 12:07:36",425.1,1,tnekocat
3438,16379555,hikaru_ishihara46,"2026-06-25 05:15:43",424.9,2,hikaruishihara46
3439,16371627,laddaL,"2026-06-26 13:16:25",424.8,2,tkitagaw
3440,16434648,"Kaneko Mio","2026-07-01 17:48:03",424.4,1,kanekomio
3441,16442135,Regulus2838,"2026-06-28 10:13:37",424.3,2,regulus2838
3442,16392432,af21081,"2026-06-19 14:53:30",423.8,2,af21081
3443,16401016,hdttnk,"2026-07-01 01:04:57",423.7,2,hdttnk
3444,16441043,"Team picoea4rll","2026-07-02 10:46:32",423.7,2,"ea4rll,pico331"
3445,16373277,cherlilly,"2026-06-18 15:06:43",423.2,2,cherlilly
3446,16379276,ASDA,"2026-07-01 14:09:22",423.1,2,akiwakabayashi
3447,16383820,"Marco DG","2026-07-01 05:30:10",423.0,2,marcodg
3448,16411429,Rn86222,"2026-06-25 12:31:23",423.0,2,rn86222
3449,16391873,tk.mit0127,"2026-06-20 04:28:00",422.9,2,tkmit0127
3450,16438219,Jarl_Bulbasaur,"2026-06-27 01:17:12",421.5,1,jarlbulbasaur
3451,16384656,Bulbaflare,"2026-06-19 17:23:52",421.4,2,bulbaflare
3452,16381245,"Bolt Up","2026-06-19 05:14:06",420.9,2,boltup
3453,16382662,"Rafael Flor Rodríguez-Rabadán","2026-06-25 07:02:07",420.6,2,rafaelflor
3454,16397811,DaisukeHiguchi1126,"2026-06-26 05:59:55",420.5,2,daisukehiguchi1126
3455,16375067,GrossmanLabs,"2026-06-23 13:09:23",420.2,2,kingisaac
3456,16393950,huchkw,"2026-06-19 16:05:35",420.0,2,huchkw
3457,16390182,Waha,"2026-06-20 16:37:45",419.5,2,tanawatrun
3458,16400009,"Obaachan Sensei to AI Gundan","2026-07-02 14:19:33",418.7,2,ayachacar
3459,16405470,okayuHY,"2026-06-23 18:33:07",418.0,2,okayuhy
3460,16376857,okubyfire,"2026-06-18 12:12:08",417.9,2,okubyfire
3461,16392075,TaNiHf,"2026-07-02 06:08:19",417.3,2,tanihf
3462,16424877,flower_DJSHS,"2026-06-24 06:16:46",417.2,2,flowerdjshs
3463,16408484,ko_fusion_JPN,"2026-07-02 14:59:55",416.1,2,kofusionjpn
3464,16430412,"Eslam Elzamkan","2026-06-25 04:46:46",416.0,1,eslamelzamkan
3465,16383336,tong00,"2026-06-19 17:11:38",416.0,2,tong00
3466,16376890,"Takanori Abe","2026-06-19 12:19:08",415.6,2,takanoriabe
3467,16385667,おべんとう,"2026-06-21 06:26:40",415.3,2,"chocolatekuma,chouette11"
3468,16444567,"Muhammad Hayyan Akhtar ","2026-06-28 09:31:24",415.2,2,muhammadhayyanakhtar
3469,16435438,Paddington,"2026-06-28 00:14:34",414.7,2,"irinatarasyuk,marcinsalaterski"
3470,16385753,Miyashin,"2026-06-20 05:51:59",414.3,1,"pirakazu,shinyamiyai"
3471,16379286,"Zheng Tang","2026-06-22 05:54:19",413.4,1,zhengtang1120
3472,16381560,"Akihiro Nomura","2026-07-02 13:27:16",412.4,2,akihironomura
3473,16375051,"Berk Ozak","2026-06-23 13:44:35",412.4,2,berkozak
3474,16430759,Millerbyte,"2026-06-30 04:56:39",412.0,2,millerbyte
3475,16393491,"Mostafa Sherif","2026-06-23 08:05:14",411.9,2,raxor23
3476,16373544,kawanot,"2026-06-21 23:15:35",411.2,2,kawano
3477,16444550,"Justin Tang","2026-06-30 19:41:48",411.0,1,justin2009
3478,16410029,Jihyekor02,"2026-06-28 01:49:50",411.0,2,jihyekor02
3479,16412222,3.14159265,"2026-07-02 08:19:42",410.7,2,yumasaitou
3480,16388869,program,"2026-07-02 15:06:00",410.5,2,panagiotapanora
3481,16377212,Nekoneko,"2026-06-19 08:13:57",410.1,2,mcnekoneko
3482,16395420,"Dirk Moreno Arias","2026-06-22 13:06:13",409.9,2,dirkmorenoarias
3483,16387494,桜草メイ,"2026-06-19 00:58:37",409.5,2,sakuramay999
3484,16387181,tofumagi,"2026-06-18 17:26:56",409.3,2,tofumagi
3485,16374832,"ARNAV PANDEY","2026-06-18 09:39:55",408.7,2,arnavsuiiiiiiiiiiii
3486,16385837,asarinoyado,"2026-06-29 07:21:50",408.7,1,asarinoyado
3487,16444848,"Josh Mcateer","2026-06-30 12:56:51",408.6,2,joshmcateer
3488,16394596,nikepoke,"2026-07-02 14:26:24",408.5,2,nikepoke
3489,16374132,太田颯紀,"2026-06-30 15:00:26",408.3,2,satsuki0kaggle
3490,16391131,"Master Yoio","2026-06-20 13:56:43",408.3,2,masteryoio
3491,16430137,mqi666,"2026-06-25 21:31:31",408.1,1,mqi666
3492,16389505,Perunari,"2026-06-21 17:28:19",407.8,2,perunari
3493,16405219,kunugirasuku,"2026-06-24 12:13:38",407.8,2,"daigosakai,sanamichoro"
3494,16372984,marusho,"2026-06-24 12:17:30",407.5,2,shomaruoka
3495,16373898,"tomek kur","2026-06-17 11:02:41",407.1,2,tomekkur
3496,16431421,Oscarmoon09,"2026-07-01 17:50:55",406.8,2,oscarmoon09
3497,16372543,pokesom,"2026-06-25 11:59:11",406.7,1,pokeso
3498,16376572,renoyu,"2026-06-26 01:50:50",406.5,2,renoyu
3499,16375738,currypurin,"2026-06-18 12:39:22",406.3,2,currypurin
3500,16380646,mmasato,"2026-06-23 11:24:11",406.2,2,mizogakimasato
3501,16428762,Tomy,"2026-07-02 12:05:09",405.5,2,tomycabrer
3502,16382903,"Carlos David Andrade","2026-06-26 16:13:30",405.5,2,carlosdavidandrade
3503,16377933,kiyomaro026,"2026-06-19 01:38:09",405.3,2,kiyomaro026
3504,16379344,"yuki #4","2026-06-24 23:41:08",404.8,2,yukikizuka
3505,16398428,Techolve,"2026-06-27 00:59:37",403.5,2,"heki0824,ytaichi"
3506,16383509,"Ryan Rumble","2026-07-02 08:30:02",403.3,2,ryanrumble
3507,16406294,N.Y,"2026-07-02 12:29:12",403.1,2,unisttt2
3508,16400652,Martin,"2026-06-23 18:20:52",403.1,1,autotech85
3509,16383045,nethakase,"2026-06-23 01:52:14",403.0,2,nethakase
3510,16430455,"Morro do CPV","2026-07-02 01:44:13",402.9,2,sishimiwa
3511,16404564,"Juan Zapata","2026-06-20 22:46:53",402.7,2,donjuanz
3512,16378301,fuku_support,"2026-06-22 05:52:19",402.6,2,fukusupport
3513,16456868,Pratikp02,"2026-07-02 15:51:21",402.1,2,pratikp02
3514,16395818,"Ryan Talcoff","2026-07-01 20:33:55",401.9,2,ryantalcoff
3515,16383541,harapeco_onakasuita,"2026-06-18 14:11:43",401.5,2,harapecoonakasuita
3516,16402467,shota.y,"2026-06-29 14:02:40",400.7,2,thimons13
3517,16430883,"Z19 Maker","2026-07-02 00:14:20",400.6,1,z19maker
3518,16374535,"Hibiki Nagadome","2026-06-19 12:48:29",400.5,1,hibikinagadome
3519,16385487,GemNo.9,"2026-06-21 19:28:39",399.6,2,gemno9
3520,16387163,"Konno Ryoya","2026-06-30 00:23:44",399.3,2,konnoryoya
3521,16378777,kotatok,"2026-06-22 02:48:33",399.1,2,kotatok
3522,16386866,yeonggil7,"2026-06-20 11:27:37",398.8,1,yeonggil7
3523,16372296,"Toshiaki Satsuma","2026-06-30 16:40:10",398.7,1,toshiakisatsuma
3524,16381952,trow126,"2026-06-23 02:41:40",398.1,2,trow126
3525,16382266,nagisora,"2026-06-18 03:34:31",397.9,2,nagisora
3526,16376640,"TEAM NIPPE","2026-06-30 11:41:51",397.1,2,"risaam,xiongdaxiongmao"
3527,16372742,soraKING44,"2026-06-28 15:24:38",397.1,2,soraking44
3528,16388024,LunarLabs,"2026-06-18 12:00:10",397.1,2,lunarlabs
3529,16383293,AK,"2026-06-17 17:09:45",396.9,2,aksi23412
3530,16379298,usubazzz,"2026-06-22 14:55:19",396.7,2,usubazzz
3531,16371519,"Дворкин Евгений Владимирович","2026-06-18 14:12:17",396.5,2,evgendvorkin
3532,16445056,"naoto harada000001","2026-07-01 15:07:08",396.3,2,naotoharada000001
3533,16400172,eikichi,"2026-06-28 00:04:32",395.9,2,ekichi
3534,16445566,"Vigneshmurali Iyer","2026-07-02 10:04:39",395.7,1,vigneshmuraliiyer
3535,16382822,"Naoki Takagi","2026-06-29 17:20:03",395.4,1,naokitakagi
3536,16386287,高橋拓夢,"2026-06-23 05:25:50",395.3,2,orangettk
3537,16412895,"AJAY JAIKRISHNAN","2026-06-23 14:22:57",394.7,2,ajayjaikrishnan
3538,16459966,opavinia,"2026-07-02 12:39:47",394.7,2,opavinia
3539,16415978,"Florian Tanguy","2026-06-23 01:56:37",394.3,2,floriantanguy
3540,16387757,Gracie,"2026-07-02 11:55:37",394.1,2,gracie428
3541,16381685,新松戸ポケカ研究所,"2026-06-20 04:32:15",393.7,2,"wab2nd,yanbaru"
3542,16386335,nanamituki,"2026-06-18 12:29:42",393.6,1,nanamituki
3543,16380463,"Genocide Hashimoto","2026-07-01 09:26:32",393.6,2,cerberushashimoto
3544,16416328,"Mathieu Bartels","2026-06-23 14:34:54",393.4,2,vincomnis
3545,16375899,MamMr,"2026-06-24 12:57:27",393.2,2,miranistamakino
3546,16380393,"Aarit Haldar","2026-06-24 08:28:27",391.9,2,aarithaldar
3547,16417519,ChenXiaoLin04,"2026-07-02 08:51:15",391.3,2,chenxiaolin04
3548,16375677,"JoJo Lerner","2026-06-21 01:59:19",391.0,1,jojolerner
3549,16465844,"Sai Syam","2026-07-02 07:38:04",390.8,2,saisyam
3550,16398640,ToraaaAa,"2026-06-30 15:41:01",390.8,2,toraaaaa
3551,16372178,Kaiman2110,"2026-06-16 14:35:40",390.4,1,kaiman2110
3552,16377745,MECHINE,"2026-06-29 09:52:47",390.3,2,nainglinwai
3553,16381098,orchidee8081,"2026-06-21 14:06:52",389.7,2,orchidee8081
3554,16445813,yuyu_kato,"2026-06-28 12:42:52",389.4,2,yuyukato
3555,16441783,"Ryohei Nakamura","2026-06-27 13:32:14",388.2,2,ryohei0822
3556,16381545,okuokuyt,"2026-06-17 21:30:22",387.6,2,okuokuyt
3557,16408104,kanamen,"2026-06-23 03:22:47",387.2,1,hisashi0523
3558,16415249,"James Shi 8808","2026-06-29 09:44:31",385.4,1,jamesshi8808
3559,16383949,genki_hagata,"2026-07-02 15:10:42",385.3,2,genkihagata
3560,16388602,hosyan,"2026-06-25 00:56:20",385.0,2,"hosyan3279,nerohix"
3561,16401601,shindannin,"2026-06-25 01:12:02",384.9,1,shindannin
3562,16377131,Kalameet,"2026-06-23 03:29:28",384.8,2,kalameetvsgough
3563,16382280,oooooootu,"2026-06-17 16:40:59",384.6,2,oooooootu
3564,16377491,TKYOinK,"2026-06-28 15:36:02",384.6,2,tkyoink
3565,16373598,"Ahmed A.","2026-06-18 17:10:03",384.1,2,archie40004
3566,16390732,yw8837,"2026-06-21 18:32:04",384.1,2,yw8837
3567,16372825,"Sanc Tuary","2026-06-16 16:29:18",383.6,2,sanctvsize
3568,16384995,fishing_kiyogon,"2026-07-02 11:31:36",383.2,2,fishingkiyogon
3569,16377124,"Lee Tai Peng","2026-06-20 02:23:04",383.1,1,leetaipeng
3570,16379050,"Benedek Brandschott","2026-06-19 21:19:32",382.7,3,benedekbrandschott
3571,16381346,MKTRIP,"2026-06-17 14:27:23",382.1,1,koheikamijima
3572,16381287,Bondo,"2026-06-26 13:33:29",382.0,2,emulsion
3573,16385281,hide29,"2026-06-18 17:47:29",381.9,1,hide29
3574,16402993,erde,"2026-06-20 15:44:14",381.6,1,erdedelrey
3575,16384315,alekh,"2026-06-29 20:22:54",381.3,2,aleksanderhan
3576,16425055,"yasu. 78","2026-06-25 07:04:02",381.1,2,yasu78
3577,16384288,"Gumi Bera","2026-06-22 02:18:40",381.0,2,gumibera
3578,16396813,Luscaassz,"2026-06-24 20:30:18",380.5,1,luscaassz
3579,16394629,BasicallyBot,"2026-06-26 19:08:27",380.3,2,shayanmandrekar
3580,16373136,藤田聖矢,"2026-07-02 03:17:38",380.3,2,emiliasabao
3581,16406656,hana_c,"2026-07-01 13:08:59",379.5,2,hanacreation
3582,16445954,yukiyuti,"2026-07-02 08:33:46",379.4,2,yukiyuti
3583,16424435,"Abish Pius","2026-07-02 02:02:52",379.2,2,abishpius
3584,16400909,bu,"2026-06-20 10:35:57",378.9,1,yabuuchikazuhide
3585,16377288,ItsEvie,"2026-06-26 03:38:57",378.6,2,itsevie
3586,16384963,"Takuya Shinozaki","2026-06-18 18:57:35",378.4,1,takushino
3587,16392990,"Kou Nishioka","2026-06-26 14:24:17",378.3,1,kounishioka
3588,16410431,DIGIPONSTER,"2026-06-29 10:30:20",378.2,2,"alinachuang,juvechankasemporn,shmartinchow,zdavis94"
3589,16405010,te1111,"2026-06-28 06:14:06",378.2,2,te1111
3590,16443790,lveshi,"2026-06-27 20:00:43",378.1,2,lveshi
3591,16398828,"Thomas Vu","2026-06-23 22:29:31",377.3,2,thomasjvu
3592,16377717,"Le Chaton Fat","2026-06-18 13:47:02",377.2,2,anmatngu
3593,16372635,"Yuki TASHIRO","2026-06-16 14:02:31",376.7,1,yukitashiro
3594,16379097,"Terutora Tachibana","2026-06-30 14:30:40",375.7,2,terutoratachibaba
3595,16371547,AZ,"2026-07-02 14:24:00",375.6,2,woosungyoon
3596,16396408,"Benard Otieno","2026-06-25 13:15:06",375.6,2,benoch
3597,16377345,ChawanutCharoenthammachoke,"2026-06-17 07:00:16",374.1,1,championest
3598,16380218,"SATOYUKI HATA","2026-06-17 10:11:55",373.1,1,satoyukihata
3599,16378656,kurikuri54,"2026-07-02 14:09:23",372.9,2,kurikuri54
3600,16391648,aoi_sugawara,"2026-07-02 09:07:23",372.3,2,aoisugawara
3601,16371729,gaony,"2026-06-27 09:28:54",372.2,2,gaony571
3602,16372801,mingjiang,"2026-06-18 12:22:24",371.9,2,ayuthu
3603,16385016,"Kyoungwon Jeong","2026-06-23 09:22:13",371.6,2,kyoungwonjeong
3604,16376959,s.kawabata0318,"2026-06-19 03:30:01",371.5,2,skawabata0318
3605,16381485,POModolo,"2026-06-17 13:06:46",370.9,1,shuheiasaka
3606,16387428,sasaki,"2026-06-18 08:35:01",370.3,1,rsasaki
3607,16411075,Panoptes,"2026-07-02 00:08:56",369.9,2,brockwright
3608,16391215,"Klenio Padilha","2026-06-23 07:09:52",369.6,2,kleniopadilha
3609,16371384,gawa0000,"2026-06-19 20:09:23",369.5,2,gawa0000
3610,16386147,ren-ai,"2026-06-28 11:33:07",369.5,2,rensakurazawa
3611,16372901,tarinta,"2026-06-29 14:59:27",369.4,2,tarinta
3612,16396044,"Silas Kinsman","2026-06-20 13:58:58",369.0,1,silaskinsman
3613,16464897,Med.T,"2026-07-02 11:00:25",368.2,2,toutamohamed
3614,16391821,黒田海斗,"2026-06-20 12:46:28",368.1,2,kaitokuroda
3615,16380641,guregu321,"2026-06-17 11:50:43",368.0,1,guregu321
3616,16407114,Gaarv,"2026-06-24 14:28:46",367.8,2,gaarv1911
3617,16375849,onigiri_meal,"2026-06-19 03:40:48",367.7,2,nozonozonozo
3618,16418364,"beast in SIMOKITAZAWA","2026-06-28 08:36:50",367.4,2,beastinsimokitazawa
3619,16454448,"elijah ledger","2026-07-01 14:27:46",367.4,2,elijahledger
3620,16380968,KH_shadow,"2026-06-17 14:48:42",367.2,2,khshadow
3621,16375679,HanaMew,"2026-07-02 10:12:02",367.2,2,hanamew
3622,16442033,"Kei Yamashita","2026-07-01 15:26:48",367.0,2,potatohead37
3623,16397117,"Zach Lindsey","2026-06-24 03:56:58",366.9,2,zlindsey
3624,16388674,thyme20010113,"2026-06-18 15:15:27",366.8,2,thyme20010113
3625,16377853,"hina-no is all you need","2026-06-19 23:21:43",366.6,2,tyokousagi
3626,16409161,KD,"2026-06-21 17:04:42",365.7,2,kodaihoshi
3627,16384549,ReefSnax,"2026-06-29 20:54:46",365.6,2,reefsnax
3628,16398509,Alvin_Lee,"2026-06-27 09:18:13",365.5,2,kangweilee
3629,16413989,hrkunno,"2026-06-29 07:24:52",365.2,2,hrkunno
3630,16441240,norosen,"2026-06-27 05:18:04",365.0,1,norosen
3631,16381967,true-machida,"2026-06-18 13:29:25",364.2,1,truemachida
3632,16383230,"Florian Brunotte","2026-06-19 21:02:04",363.8,2,florianbrunotte
3633,16389369,岡村卓磨,"2026-07-02 15:30:57",363.7,2,okamue
3634,16374192,juice-le,"2026-06-22 06:36:05",363.6,2,juicele
3635,16421728,"VSKi Li","2026-06-27 04:24:32",363.6,2,vskili
3636,16392476,"Yuki Kawakami123","2026-06-23 15:42:41",363.4,2,yukikawakami123
3637,16418575,miran0313,"2026-07-02 06:06:22",362.9,2,"miran0313,suzumaru1666"
3638,16415898,"Danish Shakeel Mohammad","2026-06-28 14:17:42",362.7,1,"danishsmohammad,sr2468135"
3639,16384411,Deobot,"2026-06-23 05:41:35",362.0,2,deobot
3640,16448345,"Daiki Mukaiyama","2026-07-01 10:38:49",361.8,2,daikimukaiyama
3641,16392887,AnkushSnigh,"2026-06-25 10:09:35",360.8,2,ankushsnigh
3642,16396322,KDelapeace,"2026-06-20 20:05:34",360.3,2,kdelapeace
3643,16394988,yuto16,"2026-06-19 16:16:43",359.8,1,yuto16
3644,16406019,torawo_2002,"2026-06-22 13:22:06",359.7,1,torawo2002
3645,16452715,BeesRock,"2026-07-02 15:14:40",359.6,2,beesrock
3646,16388660,"SHOUHEI IKEDA","2026-07-02 15:16:16",358.9,2,shouheiikeda
3647,16389063,takoyaki_taiyaki,"2026-06-18 15:52:12",358.8,2,takoyakitaiyaki
3648,16405331,EnoMi4mg,"2026-06-21 05:29:27",358.8,2,enomi4mg
3649,16392664,ryogaga,"2026-06-21 08:33:20",358.8,2,ryogaaka
3650,16385614,Leekyung,"2026-06-29 20:41:11",358.4,2,ryanfiorentino
3651,16372507,Tsukusim,"2026-06-16 14:11:12",357.6,2,tsukusim
3652,16436762,jhjh,"2026-06-28 18:47:16",357.6,1,jhcaii
3653,16402852,秋田優斗,"2026-06-24 07:05:57",357.3,2,yutoakita
3654,16407281,"Kisan Al Gaib","2026-07-02 07:44:16",357.2,2,"ayushmansingh27,fanserudraksh,gauravbdamor,nikhilpathaksvnit"
3655,16427313,"Zane Cheung","2026-06-25 07:30:28",356.8,2,zhengyuanchuang
3656,16451760,"Kensuke Kurita","2026-06-30 12:56:06",356.4,1,kensukekurita
3657,16405138,"Ryohei Hara","2026-06-28 16:45:15",356.3,1,"inoueyuji,ryoheihara"
3658,16438492,"Kiran Vitly","2026-06-27 16:04:01",356.2,2,kiranvitly
3659,16384497,"patchgi (パッチギ)","2026-06-18 21:21:39",356.1,2,patchgi
3660,16372111,"Andrew Lee","2026-06-21 18:51:25",355.5,2,andrewlee23023
3661,16392966,taaaaaaaaaa,"2026-06-26 06:49:12",355.4,2,taaaaaaaaaa
3662,16387825,T_death,"2026-06-18 12:38:42",355.1,1,tdeath1729
3663,16378031,"[Deleted] 87d00d5e-2534-45ed-b859-3d272112a525","2026-06-18 08:29:25",354.6,1,del=bc4901e0aedfd722
3664,16376473,"Taro Nagasawa","2026-06-17 04:02:31",354.6,1,taronagasawa
3665,16473277,"Mr. Bro","2026-07-02 13:18:52",354.4,2,mustafasevndk
3666,16388982,Ryutaro,"2026-06-18 13:43:21",354.0,1,ryutaroha
3667,16386249,"Aditya Singh","2026-06-19 11:25:23",353.7,2,adityasingh157735
3668,16432537,vividmind,"2026-06-25 17:31:18",353.7,1,frozenorb
3669,16399670,Vookmarket,"2026-06-26 12:39:02",353.6,2,bookmarked
3670,16386584,"AnDy Trần","2026-06-18 06:42:46",353.6,1,andytrn
3671,16381151,KIHA-X,"2026-06-17 14:27:54",353.5,2,"moosan6363,plainoaks"
3672,16377061,kaggle.omusubi,"2026-06-17 06:09:25",353.4,1,kaggleomusubi
3673,16378733,Quinten21,"2026-06-19 19:00:37",353.4,2,quinten21
3674,16380917,Kai_zuta,"2026-06-17 12:54:01",353.3,1,kaizuta
3675,16371702,rong,"2026-06-29 12:54:54",353.0,2,rong284
3676,16436562,"Sasaki Shoya","2026-06-26 07:37:26",353.0,1,sasakishoya
3677,16392230,fjtk005,"2026-06-19 05:24:36",352.6,1,fjtk005
3678,16405276,tereka,"2026-06-22 15:43:20",351.8,2,tereka
3679,16373498,瀬川尚紀（おしるこ）,"2026-06-16 15:44:20",351.7,1,oshiruko620
3680,16382486,Maximiliano,"2026-06-24 00:45:12",351.6,2,maximim
3681,16376568,KENMANGG,"2026-06-17 04:17:39",350.7,2,kenmangg
3682,16425412,ggbong,"2026-06-30 15:23:51",350.0,2,ggbong
3683,16441611,MIutrix,"2026-06-27 11:52:32",349.9,1,miutrix
3684,16387568,arm10n,"2026-07-01 08:47:16",349.8,2,arm10n
3685,16432647,pcxxxxxx,"2026-06-25 10:55:55",349.4,1,pcxxxxxx
3686,16389434,matsu12,"2026-06-30 14:04:29",348.9,1,matsu12
3687,16375826,"Keita Shimada","2026-06-22 07:04:25",348.7,2,keishi01
3688,16413209,Victor,"2026-07-02 06:56:09",348.7,2,victort3
3689,16376260,TATEHA,"2026-06-29 07:23:41",348.1,2,tateha
3690,16372904,sati1996,"2026-06-23 04:20:24",348.1,1,sati1996
3691,16395195,Nineso,"2026-06-27 03:54:19",347.8,2,timothylovett
3692,16374860,"Bryson Tang","2026-06-16 20:16:26",347.5,1,brysontang
3693,16395404,André🇧🇷,"2026-06-19 17:56:37",347.0,2,andrefernand
3694,16377651,PeterOldriver,"2026-06-21 07:14:12",346.9,1,peteroldriver
3695,16403373,syosinsya,"2026-06-20 19:01:41",346.8,2,syosinsya
3696,16387093,"Jun AKita","2026-07-02 10:09:56",346.8,2,junakita
3697,16382121,yiyi,"2026-06-17 16:25:45",346.7,2,ystoke
3698,16380292,esu_oshawott,"2026-06-17 10:20:51",346.6,1,esuoshawott
3699,16421537,"H. Ashida","2026-07-02 15:10:41",346.3,1,hiromuashida
3700,16380262,"sleeping aqua","2026-06-20 23:52:53",345.9,1,sleepingaqua
3701,16374810,まきしゅうた,"2026-06-16 22:12:44",345.7,2,maxxxine
3702,16376048,"Narumi Miyazawa","2026-06-20 10:24:55",345.2,1,narumimiyazawa
3703,16392764,"Hachi TCG","2026-06-25 04:13:33",345.2,2,hachitcg
3704,16408500,Joe722,"2026-06-22 09:50:56",345.1,2,joe722
3705,16458706,NaqibL,"2026-06-30 10:38:11",345.1,1,naqibl
3706,16373883,Aregus,"2026-06-20 01:08:51",344.9,2,aregus
3707,16393058,"Takahiro Cho","2026-06-24 06:23:21",344.5,2,takahirocho
3708,16381246,Ultra7,"2026-06-26 13:28:22",343.8,2,yammyd
3709,16395091,wani,"2026-06-24 21:09:27",343.7,2,yosukekashiwagi
3710,16388436,"Alexey Akinshchikov","2026-06-20 22:26:28",343.4,1,akinshchikov
3711,16379426,works.management,"2026-06-26 06:21:07",343.4,2,worksmanagement
3712,16374996,Altair,"2026-06-27 15:02:31",343.2,2,altair168
3713,16378864,ZH1K1NG,"2026-06-18 07:12:15",343.1,2,zh1k1ng
3714,16382071,大田重吉,"2026-06-17 15:55:38",342.9,1,jukichiota
3715,16437200,"Pengfei Zhou","2026-06-30 19:21:54",342.4,2,mumiao2000
3716,16411031,"Tai Yoda","2026-06-22 05:50:35",342.2,1,taiyoda
3717,16387994,"Manoj Gowda BG","2026-06-28 02:13:07",341.1,2,manojgowdabg
3718,16371777,Ravindra,"2026-06-18 06:33:53",340.6,2,ravi123a321at
3719,16430461,Cafelatte1,"2026-06-25 01:52:04",340.4,1,cafelatte1
3720,16372035,"Keita Kakinuma","2026-06-16 12:58:54",340.0,1,raimuchan
3721,16381467,"Jon Duea","2026-06-18 19:28:08",339.7,1,jonduea
3722,16397628,BrendaScarleth,"2026-06-20 23:57:22",338.7,2,"brendascarleth,josangelsanchez"
3723,16406030,"Devesh Dua","2026-06-28 14:04:05",338.6,2,deveshdua
3724,16395377,cazzie003,"2026-07-02 13:00:59",338.4,2,cazzie003
3725,16376501,Virtute,"2026-06-29 04:05:15",338.0,2,nameless001
3726,16463611,kimlee,"2026-07-01 10:54:46",337.7,2,kimlee2
3727,16443800,"Adam Conan","2026-06-29 11:39:52",337.4,2,adamconan
3728,16377703,AlterEgoProject,"2026-06-28 03:42:55",337.2,1,alteregoproject
3729,16422640,"Sapiens Livre","2026-06-27 03:42:23",337.0,2,sapienslivre
3730,16418045,SGY2512,"2026-07-01 10:21:04",336.8,2,sgy2512
3731,16462895,REX1314,"2026-07-01 10:36:28",336.8,2,rex1314
3732,16387025,"Varun Rao","2026-06-23 09:57:11",336.5,2,varunraosfanlkan
3733,16378711,piro3112,"2026-06-18 04:13:58",336.1,1,piro3112
3734,16381171,Sameeigaman,"2026-06-27 15:44:50",335.4,2,sameeigaman
3735,16425341,"Abhinav Kotnala","2026-06-24 06:44:40",335.3,1,abhinavkotnala
3736,16421588,HSB,"2026-07-01 23:28:13",334.9,1,matteomanzari
3737,16373426,Kintaro,"2026-06-18 18:01:47",333.6,2,kintaro03
3738,16412967,ZhouActor,"2026-07-02 15:39:52",332.8,2,"liuqiang1218,xsnhahaha,zhouactor"
3739,16378441,Seiha,"2026-06-18 09:59:47",332.6,2,emilphilvinod
3740,16392744,tsubas,"2026-06-21 10:02:51",332.5,1,tsubas
3741,16394199,茅島新矢,"2026-06-23 06:42:39",332.4,2,shinyalll
3742,16401206,"Tomonari Inagaki","2026-06-22 03:21:04",332.1,2,tomonariinagaki
3743,16393689,"Ken-ichi Ishii","2026-06-19 09:16:39",331.7,1,furoki141
3744,16413931,"Ryu K","2026-06-22 14:04:09",330.2,2,ryukhakikhaki
3745,16435646,"Ankita Priyadarsini Mallik","2026-06-26 11:29:48",330.1,1,ankitapmallik
3746,16380308,yamayuki_poke,"2026-06-17 10:24:34",330.0,1,yamayukipoke
3747,16406408,Kazukichi,"2026-06-28 04:22:15",329.9,2,kazu0202
3748,16372783,yakitori55,"2026-06-19 03:13:32",329.3,2,yakitori55
3749,16416972,"Ayush Thakur","2026-06-25 06:09:08",329.1,1,ayuraj
3750,16393433,Master-Zero1,"2026-07-02 08:18:46",328.4,2,masterzero1
3751,16464909,"Saku Daku","2026-07-01 10:52:37",328.0,2,sakudaku
3752,16471446,ebrownel,"2026-07-02 03:47:33",328.0,1,ebrownel
3753,16406732,fanta1127,"2026-06-27 10:10:06",327.7,2,fanta1127
3754,16375328,Hum1060,"2026-06-16 22:26:03",327.6,1,kimimimimi
3755,16381236,JOKER777,"2026-06-18 16:50:25",327.5,1,joker777hk
3756,16461200,"Visruth Kakaumani","2026-06-30 18:26:55",327.4,1,visruthk
3757,16411524,suikkee,"2026-06-22 16:05:54",326.7,1,suikkee
3758,16384763,"Pied Pie, LLC","2026-06-30 14:56:01",326.4,2,piedpie
3759,16404528,"Why Is It So","2026-06-25 23:20:43",326.0,2,whyisitso
3760,16374568,RubenGG94,"2026-06-16 18:50:35",326.0,1,rubengg94
3761,16388948,"yuki #5","2026-06-22 14:14:08",325.8,2,gozboy
3762,16474241,kisamaki0815,"2026-07-02 14:50:36",325.6,1,kisamaki0815
3763,16435217,"Snow Yan","2026-06-27 10:27:13",325.5,2,snowy615
3764,16376444,Vishys,"2026-06-19 02:59:47",325.5,2,vishys2487
3765,16392644,mamahi,"2026-06-25 07:16:56",325.2,2,mamahi
3766,16373459,yuarth,"2026-07-02 14:27:19",324.8,2,yuarth
3767,16401940,Damocan,"2026-06-27 12:33:23",324.7,2,ryokaieda
3768,16391111,"carlos marquez","2026-06-18 22:25:40",324.4,1,carlosjmarq
3769,16406817,kwsk0907,"2026-06-21 15:07:12",324.1,2,kwsk0907
3770,16382861,"Sima Sinha","2026-06-17 16:36:55",323.7,2,simasinha
3771,16412232,kibinyan,"2026-07-02 15:12:00",323.7,2,kibinyan
3772,16379287,"yuki #3","2026-06-21 04:10:41",323.5,1,yuki123ikemen
3773,16372204,eimanjibot,"2026-07-02 12:57:38",323.3,2,eimanjibot
3774,16468703,"Nishanth Rajan","2026-07-02 10:33:21",322.4,2,nishanthrajandev
3775,16411643,Quroro,"2026-06-29 01:13:37",322.2,1,quroro
3776,16383707,"Quentin Barbarat","2026-06-17 20:22:18",322.1,1,sunbr0
3777,16381180,RG,"2026-06-18 04:02:04",321.8,2,reo777
3778,16375341,gospellkawa,"2026-07-01 06:32:44",321.7,1,gospellkawa
3779,16411122,"Léo Bouscarrat","2026-06-22 16:39:27",321.7,2,lbouscarrat
3780,16388974,brave-心勇-heart,"2026-06-20 16:19:15",321.4,2,braveheart
3781,16376435,Cada,"2026-06-24 13:38:27",321.0,2,daikikagesaki
3782,16418253,ToGaChan,"2026-07-02 08:50:58",320.8,2,togachan
3783,16374429,Kawake1,"2026-06-16 18:30:23",320.5,1,kawake1
3784,16380844,東城立憲,"2026-06-29 14:35:50",319.9,2,"masaharudesu,tatsunoritojo"
3785,16412835,czhhhhh,"2026-06-24 03:43:59",318.9,2,czhhhhh
3786,16405050,HarukiArai,"2026-06-21 05:32:09",318.1,2,akasa18890
3787,16382483,goukenn,"2026-06-19 08:21:24",317.9,2,goukenn
3788,16382133,"stray dog","2026-06-21 03:52:46",317.7,2,straydogman
3789,16395385,JKong,"2026-06-19 15:34:20",317.4,1,kmt2001
3790,16380986,hiong-e,"2026-06-23 10:29:59",317.1,2,hionge
3791,16383408,"Ian Lee","2026-06-19 02:21:44",316.3,2,"ghostnoir,heerakkim"
3792,16380841,"Mudkip's Machines","2026-06-30 21:56:39",315.9,2,freddyh1
3793,16372064,"Yoshinori Sato","2026-06-19 17:58:48",314.1,2,yosynory
3794,16415046,"Kulwinder Kapoor","2026-06-23 02:06:31",313.8,2,kulwinderkapoor
3795,16374672,"Allan Kássio Beckman Soares da Cruz","2026-07-02 12:24:42",313.1,2,allankcruz
3796,16414464,littlecitizen,"2026-06-23 16:18:07",312.9,1,littlecitizen
3797,16371615,NimaPoke,"2026-06-22 16:05:27",312.3,2,"ingma6,iykuetboo"
3798,16404975,alvanli,"2026-06-23 12:49:04",311.9,2,alvanli
3799,16381387,Josh,"2026-06-18 14:00:58",311.8,2,joshkun
3800,16396030,"Matthew Ji","2026-06-30 20:03:27",311.4,2,matthewji
3801,16424691,cshara,"2026-07-01 05:55:34",311.2,2,cshara
3802,16395350,"Ishan Kapoor","2026-06-25 12:14:17",311.2,2,ikapoor23
3803,16385932,"Takauchi Suguru","2026-06-21 23:20:49",311.0,2,gurusut
3804,16463836,daiki_H,"2026-07-01 13:31:31",311.0,2,daikih
3805,16395117,"TEAM MAGMA","2026-06-30 15:33:36",310.9,2,"pochacode,yamato035073"
3806,16419610,"Hải Đăng","2026-06-24 10:01:12",310.4,2,haidang2405
3807,16448701,"Cheddy G","2026-07-01 07:51:35",309.7,1,edgargmz3000
3808,16392463,"Gilberto Santos","2026-06-20 12:56:23",309.5,2,gardien
3809,16375936,CHS,"2026-06-23 05:51:48",308.5,2,chs113
3810,16450819,"fumihito mori","2026-07-02 00:28:20",308.2,2,fumihitomori
3811,16406438,"Hiroyuki Jodai","2026-06-24 12:07:11",308.1,2,hiroyukijodai
3812,16382320,"Hiroki WAKAMATSU","2026-06-18 17:00:50",307.3,2,hawk1125
3813,16395235,"Masashi Onda","2026-06-26 07:53:11",307.2,1,masashionda
3814,16449398,"Mukesh Patil","2026-06-29 22:30:21",306.8,2,speedforceyt
3815,16399723,RRR1712,"2026-06-25 09:43:10",306.0,2,rrr1712
3816,16424467,eld,"2026-06-29 15:55:34",305.7,1,"eldjimbo,shugadev"
3817,16402252,"Ryosuke Inoda","2026-06-20 13:48:58",305.0,2,ryosukeinoda
3818,16377706,Heracr0ss,"2026-06-17 06:30:24",304.9,2,heracr0ss
3819,16397125,"Yu Zhang","2026-06-21 01:27:33",304.5,2,zhangyu0217
3820,16377152,nometoko,"2026-06-27 09:20:41",304.4,1,nometoko
3821,16391177,ohige0831,"2026-06-18 21:09:42",304.2,1,ohige0831
3822,16407141,さやのーず,"2026-06-29 20:37:24",304.1,2,"alorphas,jenga0556,sayanotsu"
3823,16421831,MewVMAX,"2026-06-23 17:52:29",303.8,2,iskw0816
3824,16395646,"Katherine Rich","2026-06-25 20:42:26",303.6,2,katherinerich
3825,16395261,"bird 01","2026-06-28 15:33:34",303.4,1,bird01
3826,16413938,"Yasuharu Hirado","2026-06-22 13:36:21",302.9,1,superyasuharu
3827,16381320,Larpmaxxing,"2026-06-19 01:33:52",302.3,2,williamandrian
3828,16380271,"No Free MIST Energy","2026-06-26 13:31:36",302.3,2,"hinatatokuda,kotatumurisroom,ueight8"
3829,16396076,"Ryoya Tanoue","2026-06-28 20:48:21",300.6,2,"hiroyasuito,ryoyatanoue,taiseiito9"
3830,16418935,"M Irfan Shahid","2026-06-25 08:04:41",300.4,2,mirfanshahid
3831,16471115,PhiRogue,"2026-07-02 12:00:32",300.3,2,phirogue
3832,16372753,nashu,"2026-06-27 04:28:34",299.8,2,nashu361
3833,16373123,"PLUS OMI","2026-06-18 14:36:59",297.5,2,plusomi
3834,16377475,souta927,"2026-07-02 00:18:52",297.5,2,souta927
3835,16377962,Javakky,"2026-07-01 23:48:41",297.3,2,javakky
3836,16386367,TCre15,"2026-06-25 08:10:06",296.3,2,tcre15
3837,16376815,vetsin,"2026-06-21 22:14:47",296.0,2,vetsin
3838,16382960,poyothon,"2026-06-20 11:54:05",295.8,2,"odanado,pipikapipi"
3839,16408600,yuyumaru,"2026-06-28 08:29:14",295.4,2,yuyumaru
3840,16393992,"KASSEN inc.","2026-07-02 10:00:19",295.1,2,talahiroota
3841,16435737,MoriTeruto,"2026-06-28 09:19:15",294.0,2,moriteruto
3842,16440016,SunSeeker染汐,"2026-06-28 07:29:21",293.9,1,sunseekerrx
3843,16434188,"Keith Fu","2026-06-30 14:54:52",293.7,1,kkeithf
3844,16426063,ter4,"2026-06-27 22:40:02",293.6,2,ter2610
3845,16384042,AMIBEN,"2026-07-02 08:07:20",293.4,2,amiben
3846,16372009,qtarou1111,"2026-06-16 13:49:16",292.3,1,qtarou1111
3847,16379184,"Shota Yamazaki","2026-06-20 15:18:35",292.0,2,shotaymzk1231
3848,16407486,"Abhishek Raghuwanshi","2026-06-26 22:46:02",291.2,2,abhishek9905
3849,16375208,hike_on_bush,"2026-06-18 21:52:00",290.9,2,hikeonbush
3850,16441310,"asida shun","2026-06-27 14:15:26",290.4,1,asidashun
3851,16461002,PLReddy23,"2026-07-01 02:22:03",289.5,2,plreddy23
3852,16379875,Mystique　Kobayashi,"2026-06-27 03:15:34",288.4,2,aniotamain
3853,16376699,Lumina-jp,"2026-06-20 10:36:52",287.8,2,luminajp
3854,16377488,hagglemekaggle,"2026-06-22 19:11:05",287.2,2,hagglemekaggle
3855,16400681,MKLeon,"2026-06-21 15:02:03",287.2,2,mkleon
3856,16448770,"Hermes Lu","2026-07-02 03:53:55",287.1,2,hermeslu
3857,16459011,karatsu,"2026-07-02 15:02:45",287.1,1,eic410
3858,16379938,takagi.y,"2026-06-21 03:19:27",286.9,2,takagiy
3859,16405708,kmj200392,"2026-06-23 02:25:32",286.2,2,kmj200392
3860,16407225,bobfromjapan,"2026-07-02 11:52:56",286.0,2,bobfromjapan
3861,16412060,AlizzeZhang,"2026-06-26 06:03:22",285.9,2,alizzezhang
3862,16401628,YukiIde,"2026-06-28 08:23:53",285.0,2,yidey1231
3863,16393876,Needleham,"2026-06-19 19:20:49",283.8,2,needleham
3864,16406382,"[Deleted] 6b0fd188-7934-48ef-9477-b2651411d504","2026-06-21 12:14:43",283.3,1,del=334890a20add4b7c
3865,16385395,ischca,"2026-06-26 15:29:36",283.3,2,ischca
3866,16376284,paraina,"2026-07-01 03:29:19",283.0,1,paraina
3867,16390497,"James Christian","2026-06-26 06:09:53",282.4,2,kenkaocwl
3868,16398023,kuromaru10yen,"2026-06-27 02:19:16",282.1,2,kuromaru10yen
3869,16391869,sake-kuzu,"2026-06-28 05:36:17",282.0,2,"tabetaaaaaaa,tvana4"
3870,16375982,elroy3141,"2026-06-18 08:45:04",282.0,2,elroy3141
3871,16377067,yoruno281,"2026-06-20 03:22:18",281.0,2,yoruno281
3872,16385755,CoorDi,"2026-07-02 11:20:09",281.0,2,bxy0125
3873,16384670,Suuuiiii4,"2026-06-17 22:23:02",279.3,2,bharath111l
3874,16387786,NiuNiu,"2026-06-30 18:04:58",277.8,1,outlier4933
3875,16379205,和弥江口,"2026-07-02 13:40:58",277.1,1,suumo2246
3876,16386288,"maimai #2","2026-06-18 05:44:45",277.0,1,maimai392618
3877,16388065,toko2222,"2026-06-21 15:18:33",276.5,2,toko2222
3878,16383442,ryokiti,"2026-06-24 10:05:21",276.3,2,ryokiti
3879,16384644,"Ryoki Kunii","2026-06-24 16:29:17",275.8,2,programmerryoki
3880,16377468,"Gaku Shimoyama","2026-06-20 09:42:09",275.7,2,gakushimoyama
3881,16372011,Azalearn,"2026-07-02 08:17:11",275.7,2,"androidss,hikarusakamoto"
3882,16380536,shuto,"2026-06-21 14:32:09",275.0,2,ino3838
3883,16373279,ShoKSE,"2026-06-16 15:57:29",274.8,2,shokse
3884,16376052,Amarett,"2026-06-17 01:11:42",274.1,1,amaret51
3885,16402105,Kitaev,"2026-07-02 12:34:17",274.1,2,takumihikichi
3886,16430322,"Harsh Chaudhary ml","2026-06-26 22:38:51",272.3,2,harshchaudharyml
3887,16382485,"Farley Law","2026-06-19 01:09:40",272.0,2,farley852
3888,16378595,UMRgurashi,"2026-06-18 08:50:46",270.7,2,umrgurashi
3889,16389000,Challengestone,"2026-06-26 11:42:01",270.7,2,"fitzypkm,tavinmatiszik,timinzitari"
3890,16386972,Apocalypse7,"2026-07-02 05:38:17",270.1,2,apocalypse7
3891,16394441,"green gum","2026-06-20 03:34:39",269.9,2,greengum
3892,16378155,"Cem Secim","2026-06-19 05:42:09",269.8,2,cemsecim1981
3893,16410790,Nozopo,"2026-06-28 22:10:36",268.4,2,nozopo
3894,16380651,もたざる,"2026-07-01 23:02:08",268.3,2,havenox
3895,16414959,"Andre Luiz Barbosa","2026-06-27 21:40:36",266.1,1,andreluizbarbosa
3896,16440572,YuKawamura,"2026-06-30 09:21:31",266.0,2,yukawamura1988
3897,16376942,ulaph4,"2026-07-02 11:40:59",265.8,2,ulaph4
3898,16382604,Hattoriiiiii,"2026-07-02 15:24:22",264.9,2,hattoriiiiii
3899,16461995,deady_ogae,"2026-07-01 01:41:19",264.6,2,deadyy
3900,16377222,brackylove,"2026-06-27 03:26:46",264.5,2,brackylove
3901,16399744,tomoniyukiwo,"2026-07-02 09:37:23",263.9,2,tomoniyukiwo
3902,16399000,"Hardik Yerne","2026-06-30 18:54:39",263.1,2,hardikyerne
3903,16390725,"Suneet Kumar Saini","2026-06-18 22:57:52",262.8,2,suneetsaini
3904,16383283,"wouter roels","2026-06-19 17:52:53",262.6,2,wouterroels
3905,16414460,CANGHAI,"2026-06-30 02:24:51",262.4,2,bingzhenjiang
3906,16384009,"Haoyu Yan","2026-06-17 23:44:27",261.5,1,haoyuyan742
3907,16373229,qwegat,"2026-06-17 06:20:12",261.1,1,qwegat
3908,16393435,piooone,"2026-06-24 03:01:42",260.7,2,piooone
3909,16377166,solu199,"2026-06-22 07:24:45",256.6,2,solu199
3910,16397133,Simon-the-sorcerer,"2026-06-28 20:57:29",256.0,2,simonwiller
3911,16383668,Eigetuin,"2026-06-26 06:15:52",253.5,2,h0geh0ge
3912,16389403,HLKT,"2026-07-02 05:59:44",251.8,2,terawiseman
3913,16375436,sho-t,"2026-07-01 14:53:04",251.2,2,shojabon
3914,16450716,Confusion,"2026-07-02 12:44:37",249.0,2,hearttt
3915,16386285,"Koshiro Yamada","2026-06-23 06:02:08",248.2,2,koshiroyamada
3916,16427200,"Richard Nam","2026-06-24 18:32:42",248.1,1,namrichard
3917,16386194,"Simon Holk","2026-06-29 00:40:37",247.7,2,simonholk
3918,16371472,tomioka,"2026-06-30 12:55:48",247.7,2,tomiokar
3919,16436746,yoshitown,"2026-06-26 12:45:39",246.9,1,yoshitown
3920,16376034,いもぞん,"2026-06-19 02:51:24",245.5,1,imozon0821
3921,16388671,カワセイ,"2026-06-19 10:48:00",243.8,1,kawasei
3922,16371603,あーしこそがろりこ,"2026-06-17 11:10:21",242.5,2,roriko
3923,16376249,Jay,"2026-07-02 08:20:30",242.2,2,a22658802
3924,16424465,yut,"2026-06-24 13:22:06",242.1,2,yutezuka
3925,16434060,"Sorachi KATAYAMA","2026-06-26 17:44:24",241.8,2,sorachi125
3926,16385851,くさまかずき,"2026-06-27 07:10:21",241.5,2,kusanbia
3927,16401957,Eggplanck,"2026-06-28 07:16:37",239.2,2,gyozzza
3928,16376791,k.wata,"2026-07-01 14:48:11",239.0,2,wararaki
3929,16395108,まきたくん,"2026-06-29 19:10:14",234.7,2,makitakun
3930,16433664,forest2026,"2026-06-25 18:36:52",234.2,1,forest2026
3931,16371582,"Lizzi Ti","2026-06-28 08:02:13",233.0,2,lizziti
3932,16378222,aka9999,"2026-06-18 13:58:24",232.6,2,ky0822
3933,16380472,Nailin2005,"2026-06-17 19:18:24",231.1,2,nailin2005
3934,16414732,SOVEREIGN,"2026-06-26 14:23:25",230.4,2,bosmina
3935,16442545,"IMMANUEL SAM PRADEEP S","2026-06-30 08:14:07",229.9,2,immanuelsampradeeps
3936,16395211,"Alfath Rayyan","2026-06-20 14:34:02",229.5,2,newbieez
3937,16381876,"Sutieng Sin","2026-06-23 13:00:05",226.8,1,sutiengsin
3938,16392807,"PRADEEP HEBBALLI","2026-06-30 13:35:03",226.1,2,pradeephebballi
3939,16444696,"Viktor Antonov","2026-06-27 22:43:02",226.0,2,viktorantonov
3940,16443574,MyRoom,"2026-06-27 16:28:40",223.3,1,kuumugiwara
3941,16402690,Keanan,"2026-07-02 09:40:20",223.2,2,citerne
3942,16380832,"TakuyAI Obara","2026-06-19 00:07:52",223.2,2,takuyaiobara
3943,16373623,curosfaiya,"2026-06-18 15:21:02",222.3,2,curosfaiya
3944,16387264,"Stepan Antonov","2026-06-28 05:21:46",221.9,2,stepanantonov
3945,16387119,うめくみ,"2026-06-25 08:35:18",221.6,2,umebosi
3946,16395061,SandeepBits,"2026-06-24 19:21:14",221.2,2,sandeepbits
3947,16436168,"FATE GATE","2026-06-29 05:18:34",220.8,1,souravrajakxcd
3948,16386898,koppen9029,"2026-06-18 09:51:29",220.5,2,koppen9029
3949,16395946,y.y.y.1024,"2026-07-02 12:36:36",220.2,2,yyy1024
3950,16471923,"Mikhail Breikin","2026-07-02 09:41:43",219.8,1,mikhailbreikin
3951,16381407,"Yu Kodate","2026-06-17 14:40:12",218.4,2,yukodate
3952,16377593,"Dino Xie","2026-06-18 04:15:14",218.2,2,dinoxie
3953,16380426,snowfairytea,"2026-06-21 03:27:41",217.6,2,snowfairytea
3954,16437500,EclipseHW,"2026-06-26 11:34:53",216.8,2,eclipsehw
3955,16416942,Gilobear,"2026-06-24 21:07:01",214.4,2,gilobear
3956,16415347,Junkonno,"2026-06-24 16:55:42",214.0,1,"junkonno,ponko2maru,ryokwsk"
3957,16380972,"Shinichiro NAKAMURA","2026-06-22 03:57:29",213.8,1,snaka0213
3958,16447968,"Harnoor Singh","2026-06-29 17:24:16",211.0,2,harnoorsingh798
3959,16403782,"Juan Francisco Ortega Aguilar","2026-07-01 15:32:46",210.6,2,chamakov
3960,16463331,kokonoka,"2026-07-01 06:30:45",210.5,1,kokonoka
3961,16411094,シュテファン,"2026-07-02 04:47:17",210.4,2,stephanmatzke
3962,16404753,"Kelvin Lin BU","2026-06-23 17:49:58",209.8,2,kelvinlinbu
3963,16429785,Sama,"2026-06-27 05:11:13",209.7,2,samacorp
3964,16376761,otomarukanta,"2026-06-17 09:52:47",208.1,1,otomarukanta
3965,16383425,"Simon Côté","2026-06-17 17:26:47",207.0,1,simoncote
3966,16397800,"haruhi s","2026-06-20 03:00:36",205.1,1,haruhis
3967,16391488,"Rhythm Mecha","2026-06-19 04:11:26",204.8,1,rhythmmecha
3968,16383121,あむ,"2026-07-02 14:37:02",204.1,2,nike017
3969,16377247,"P.J Leek","2026-07-02 06:35:57",203.0,2,pjleek
3970,16392317,Ezra,"2026-06-26 04:41:52",200.7,2,ezra0182
3971,16445292,GUOHAOYANG,"2026-07-01 22:40:34",198.5,2,pkuszboi
3972,16390012,"Emanuele Sicurella","2026-06-22 16:31:40",196.2,2,emanuelesicurella
3973,16383609,"Raid al maani","2026-06-23 15:42:32",194.9,2,raidalmaani
3974,16373480,naotoyo,"2026-06-16 16:13:39",192.8,1,naotoyo
3975,16376627,"Avik Das","2026-06-19 10:14:09",192.8,1,avikdas567
3976,16473979,"pikap pika pikaa pikachuuuuuuu","2026-07-02 14:05:25",191.7,1,"ansonshek,mayac5,sendodo"
3977,16445015,matsutomo,"2026-06-26 18:59:24",190.5,2,"ootakoyakioo,tomo252"
3978,16409547,"Kauê Cezário Cunha","2026-06-30 21:31:25",188.6,2,kaucezriocunha
3979,16417439,"Do Hyun Nam","2026-06-27 14:33:30",188.2,2,dollis
3980,16391780,"Wyatt Ethier","2026-06-19 04:42:35",185.8,1,wyattethier
3981,16434664,ss527936,"2026-06-26 15:36:38",181.6,2,ss527936
3982,16448366,IDG,"2026-06-30 14:29:04",181.2,2,israeldiegoguerra
3983,16427478,"Arun R.noa","2026-06-29 12:36:15",181.2,1,zorornoa
3984,16425181,kazunokooo,"2026-06-24 16:47:45",178.5,2,higasiyamakazuki
3985,16472095,MITSU,"2026-07-02 13:11:11",176.1,2,mitsunori
3986,16439223,morikennnnn,"2026-07-02 15:27:11",175.8,1,morikennnnn
3987,16377449,cocoa_at_jp,"2026-06-20 09:41:20",173.8,1,cocoaatjp
3988,16405023,"Donald Galliano III","2026-06-25 12:20:40",172.6,1,donaldgalliano
3989,16375875,romanohu,"2026-06-17 05:34:40",171.9,1,romanohu
3990,16393423,Takk,"2026-07-01 05:22:57",170.9,2,takkume
3991,16464804,shawnYiB,"2026-07-02 09:29:04",169.9,2,shawnyib
3992,16382603,Eriya,"2026-06-30 07:17:58",167.7,2,haaaal
3993,16436612,NeXT.MeTA,"2026-07-01 03:11:15",165.3,2,nextmeta
3994,16398463,Pino,"2026-06-21 09:52:23",165.0,2,pppinocchio
3995,16395748,"Laerti Shabani","2026-06-19 18:45:15",164.3,2,laertishabani
3996,16427180,typeIIIfairy,"2026-06-26 00:00:20",162.8,1,typeiiifairy
3997,16440893,둔갑숨기,"2026-06-28 18:13:38",158.3,1,kig1235
3998,16458050,"Haoyuan Zhou","2026-06-30 10:17:16",155.4,2,christmashuang
3999,16372405,かーーき,"2026-06-23 23:36:48",154.3,2,kaaaki
4000,16467800,"Sébastien henry","2026-07-01 20:30:43",153.7,1,sebmontreal
4001,16404676,"The Lion Pride","2026-06-21 00:13:30",144.1,1,jdeleeuw
4002,16392736,"Hiroki Koga","2026-06-28 15:52:53",139.5,2,hirokidal
4003,16408879,Septem27,"2026-07-02 14:34:11",138.1,2,hirataira
4004,16372872,"Kirby Tran","2026-07-02 09:20:22",136.0,2,kirbytran
4005,16452649,Mualli,"2026-06-30 16:26:58",132.3,2,mualli
4006,16380227,8et4,"2026-06-20 18:58:58",129.4,2,lab8et4
4007,16382846,ta2yakwhr,"2026-06-17 16:40:45",126.2,1,ta2yakwhr
4008,16385452,SoshiSaito,"2026-06-20 14:53:16",113.6,2,soshisaito
4009,16389376,Kumajiro,"2026-06-25 13:52:23",100.2,2,kumajirosasaoka
4010,16378758,hex,"2026-06-17 08:10:42",97.0,1,lgvrlv
4011,16390817,"Brista T","2026-07-01 19:55:37",94.2,2,bristat
4012,16383966,"Brandon Khuu","2026-06-23 02:27:55",86.9,2,brandonkhuu
4013,16396031,pino,"2026-06-19 19:29:56",72.7,1,ntk1104
4014,16384853,"Breno Mazza","2026-06-25 19:16:17",66.6,2,brenomazza
4015,16448074,xiaocidontrun,"2026-06-30 10:26:40",47.1,2,"limbogliu,xiaocidontrun"
4016,16392917,Joshua,"2026-06-24 11:52:18",39.9,2,joshuathinks
4017,16386597,Aicy14,"2026-06-24 10:20:07",25.2,2,aicy14
4018,16391813,Takashiki,"2026-06-19 04:33:20",14.3,1,takashiki
4019,16388649,orecci,"2026-06-19 15:29:11",11.2,2,orecci
4020,16414408,"tanaka yamada","2026-06-28 09:46:46",-105.3,2,tanakayamada
