Fezandipiti / Alakazam,941.6,Marnie's Grimmsnarl / Marnie's Morgrem,974.2
Lopunny / Froslass,913.0,Marnie's Grimmsnarl / Marnie's Morgrem,954.4
Marnie's Grimmsnarl / Marnie's Morgrem,1074.1,Cynthia's Garchomp / Cynthia's Gabite,1082.7
Fezandipiti / Alakazam,941.6,Marnie's Grimmsnarl / Marnie's Morgrem,930.9
Marnie's Grimmsnarl / Marnie's Morgrem,1002.4,Marnie's Grimmsnarl / Marnie's Morgrem,997.8
N’s Zoroark / N’s Zorua,891.8,Team Rocket's Mewtwo / Team Rocket's Spidops,1004.4
Fezandipiti / Alakazam,1061.7,Marnie's Grimmsnarl / Marnie's Morgrem,930.9
Marnie's Grimmsnarl / Marnie's Morgrem,973.6,Marnie's Grimmsnarl / Marnie's Morgrem,988.6
Kangaskhan / Cornerstone Mask Ogerpon,1081.7,Teal Mask Ogerpon / Hero’s Cape,1008.0
Marnie's Grimmsnarl / Marnie's Morgrem,1011.0,Marnie's Grimmsnarl / Marnie's Morgrem,974.2
Fezandipiti / Alakazam,994.9,Marnie's Grimmsnarl / Marnie's Morgrem,945.9
Marnie's Grimmsnarl / Marnie's Morgrem,959.2,Marnie's Grimmsnarl / Marnie's Morgrem,1074.1
Marnie's Grimmsnarl / Marnie's Morgrem,1074.1,Venusaur / Teal Mask Ogerpon,739.9
Fezandipiti / Alakazam,1189.4,Marnie's Grimmsnarl / Marnie's Morgrem,1134.4
Lopunny / Froslass,998.5,Lopunny / Dudunsparce,1054.9
Fezandipiti / Alakazam,941.6,Dragapult / Meowth,1104.0
Lopunny / Froslass,913.0,Fezandipiti / Alakazam,1013.1
Cynthia's Garchomp / Cynthia's Gabite,1082.7,Marnie's Grimmsnarl / Marnie's Morgrem,1002.4
Marnie's Grimmsnarl / Marnie's Morgrem,973.6,Fezandipiti / Alakazam,911.6
Kangaskhan / Cornerstone Mask Ogerpon,1081.7,Thwackey / Dipplin,929.6
Marnie's Grimmsnarl / Marnie's Morgrem,1015.3,Lopunny / Dudunsparce,933.5
Lopunny / Froslass,997.9,Marnie's Grimmsnarl / Marnie's Morgrem,1111.6
Fezandipiti / Alakazam,969.0,Kangaskhan / Crustle,981.5
Thwackey / Dipplin,1075.3,Fezandipiti / Alakazam,941.6
Fezandipiti / Thwackey,954.3,Marnie's Grimmsnarl / Marnie's Morgrem,1002.4
N’s Zoroark / N’s Zorua,891.8,Marnie's Grimmsnarl / Marnie's Morgrem,930.9
Kangaskhan / Latias,1081.7,Marnie's Grimmsnarl / Marnie's Morgrem,1037.2
Marnie's Grimmsnarl / Marnie's Morgrem,1036.7,Lopunny / Froslass,879.9
Hydrapple / Teal Mask Ogerpon,920.9,Marnie's Grimmsnarl / Marnie's Morgrem,903.0
Lucario / Hariyama,1203.5,Fezandipiti / Alakazam,941.6
Kangaskhan / Teal Mask Ogerpon,1169.7,Fezandipiti / Alakazam,1189.4
Fezandipiti / Alakazam,1099.6,Kangaskhan / Teal Mask Ogerpon,1169.7
Marnie's Grimmsnarl / Marnie's Morgrem,1037.2,Lopunny / Froslass,879.9
Dragapult / Meowth,870.9,Lopunny / Froslass,1185.1
Lopunny / Froslass,1063.2,Teal Mask Ogerpon / Tapu Bulu,1056.8
Lopunny / Dudunsparce,1032.3,Team Rocket's Mewtwo / Team Rocket's Spidops,935.1
Kangaskhan / Crustle,1063.2,Fezandipiti / Alakazam,941.6
Marnie's Grimmsnarl / Marnie's Morgrem,1134.4,Cynthia's Garchomp / Cynthia's Gabite,1082.7
Marnie's Grimmsnarl / Marnie's Morgrem,1002.4,Dragapult / Meowth,1006.7
Marnie's Grimmsnarl / Marnie's Morgrem,981.3,Lopunny / Froslass,885.4
Teal Mask Ogerpon / Hero’s Cape,1008.0,Marnie's Grimmsnarl / Marnie's Morgrem,973.6
Lopunny / Froslass,1004.4,Marnie's Grimmsnarl / Marnie's Morgrem,930.9
Kangaskhan / Cornerstone Mask Ogerpon,1081.7,Marnie's Grimmsnarl / Marnie's Morgrem,1189.4
Marnie's Grimmsnarl / Marnie's Morgrem,1074.1,Lopunny / Froslass,963.8
Marnie's Grimmsnarl / Marnie's Morgrem,968.2,Marnie's Grimmsnarl / Marnie's Morgrem,1074.1
Marnie's Grimmsnarl / Marnie's Morgrem,1035.4,Hydrapple / Teal Mask Ogerpon,920.9
Lucario / Hariyama,1203.5,Hydrapple / Teal Mask Ogerpon,1166.1
Marnie's Grimmsnarl / Marnie's Morgrem,1078.2,Dragapult / Meowth,1006.7
Marnie's Grimmsnarl / Marnie's Morgrem,1189.4,Fezandipiti / Alakazam,948.8
Marnie's Grimmsnarl / Marnie's Morgrem,1111.6,Crustle / Dwebble,950.2
Lopunny / Froslass,963.8,Dragapult / Meowth,870.9
Lopunny / Froslass,1063.2,Lopunny / Dudunsparce,1032.3
Cynthia's Garchomp / Cynthia's Gabite,913.4,Fezandipiti / Alakazam,969.0
Lucario / Dudunsparce,987.1,Marnie's Grimmsnarl / Marnie's Morgrem,893.9
Fezandipiti / Alakazam,941.6,Marnie's Grimmsnarl / Marnie's Morgrem,895.4
Fezandipiti / Alakazam,941.6,Marnie's Grimmsnarl / Marnie's Morgrem,940.5
Fezandipiti / Alakazam,969.0,Marnie's Grimmsnarl / Marnie's Morgrem,1002.4
N’s Zoroark / N’s Zorua,891.8,Lopunny / Froslass,1049.2
Lopunny / Dudunsparce,933.5,Marnie's Grimmsnarl / Marnie's Morgrem,1051.2
Marnie's Grimmsnarl / Marnie's Morgrem,1074.1,Lopunny / Dudunsparce,1054.9
Marnie's Grimmsnarl / Marnie's Morgrem,945.9,Venusaur / Teal Mask Ogerpon,739.9
Teal Mask Ogerpon / Hero’s Cape,631.9,Marnie's Grimmsnarl / Marnie's Morgrem,968.2
Lucario / Hariyama,1203.5,Fezandipiti / Alakazam,991.9
Teal Mask Ogerpon / Hero’s Cape,1008.0,Marnie's Grimmsnarl / Marnie's Morgrem,953.9
Marnie's Grimmsnarl / Marnie's Morgrem,1111.6,Cornerstone Mask Ogerpon / Crustle,959.6
Teal Mask Ogerpon / Tapu Bulu,1056.8,Hydrapple / Teal Mask Ogerpon,873.6
Lopunny / Dudunsparce,1032.3,Lopunny / Teal Mask Ogerpon,999.2
Lopunny / Dudunsparce,913.4,Lopunny / Froslass,913.0
Lopunny / Lillie’s Clefairy,801.5,Fezandipiti / Alakazam,941.6
Marnie's Grimmsnarl / Marnie's Morgrem,1074.1,Fezandipiti / Alakazam,941.6
Cynthia's Garchomp / Cynthia's Gabite,1082.7,Kangaskhan / Crustle,1066.9
Lopunny / Froslass,1084.1,Marnie's Grimmsnarl / Marnie's Morgrem,1002.4
N’s Zoroark / N’s Zorua,891.8,Marnie's Grimmsnarl / Marnie's Morgrem,981.3
Lopunny / Froslass,885.4,Kangaskhan / Crustle,981.5
Marnie's Grimmsnarl / Marnie's Morgrem,973.6,Thwackey / Dipplin,1051.0
Marnie's Grimmsnarl / Marnie's Morgrem,1015.3,Marnie's Grimmsnarl / Marnie's Morgrem,930.9
Kangaskhan / Cornerstone Mask Ogerpon,1081.7,Lopunny / Froslass,1049.2
Fezandipiti / Alakazam,924.1,Lopunny / Dudunsparce,1032.3
Dragapult / Meowth,1054.7,Marnie's Grimmsnarl / Marnie's Morgrem,945.9
Marnie's Grimmsnarl / Marnie's Morgrem,1074.1,Teal Mask Ogerpon / Hero’s Cape,980.8
Venusaur / Kangaskhan,998.3,Marnie's Grimmsnarl / Marnie's Morgrem,968.2
Hydrapple / Teal Mask Ogerpon,920.9,Marnie's Grimmsnarl / Marnie's Morgrem,959.2
Lucario / Hariyama,1203.5,Fezandipiti / Alakazam,1034.0
Marnie's Grimmsnarl / Marnie's Morgrem,1026.1,Marnie's Grimmsnarl / Marnie's Morgrem,967.8
Teal Mask Ogerpon / Tapu Bulu,1056.8,Marnie's Grimmsnarl / Marnie's Morgrem,960.7
Dragapult / Meowth,870.9,Teal Mask Ogerpon / Hero’s Cape,1035.5
Fezandipiti / Alakazam,1035.2,Marnie's Grimmsnarl / Marnie's Morgrem,1111.6
Lopunny / Froslass,1084.1,Kangaskhan / Cornerstone Mask Ogerpon,848.4
Marnie's Grimmsnarl / Marnie's Morgrem,1040.4,Lopunny / Dudunsparce,1032.3
Marnie's Grimmsnarl / Marnie's Morgrem,893.9,Lopunny / Froslass,600.0
Marnie's Grimmsnarl / Marnie's Morgrem,1039.0,Fezandipiti / Alakazam,969.0
Lopunny / Froslass,913.0,Fezandipiti / Alakazam,1035.4
Kangaskhan / Latias,1162.5,Fezandipiti / Alakazam,941.6
Kangaskhan / Crustle,1066.9,Marnie's Grimmsnarl / Marnie's Morgrem,1002.4
N’s Zoroark / N’s Zorua,891.8,Lucario / Hariyama,1110.2
Lopunny / Froslass,885.4,Marnie's Grimmsnarl / Marnie's Morgrem,874.0
Fezandipiti / Alakazam,1120.8,Marnie's Grimmsnarl / Marnie's Morgrem,930.9
Kangaskhan / Cornerstone Mask Ogerpon,1081.7,Crustle / Dwebble,950.2
Lopunny / Froslass,885.4,Lopunny / Froslass,879.9
Lopunny / Dudunsparce,933.5,Marnie's Grimmsnarl / Marnie's Morgrem,1015.3
Marnie's Grimmsnarl / Marnie's Morgrem,1074.1,Marnie's Grimmsnarl / Marnie's Morgrem,966.5
Hydrapple / Teal Mask Ogerpon,920.9,Fezandipiti / Alakazam,959.0
Kangaskhan / Teal Mask Ogerpon,1169.7,Lucario / Hariyama,1203.5
Hydrapple / Teal Mask Ogerpon,1136.8,Marnie's Grimmsnarl / Marnie's Morgrem,1025.2
Marnie's Grimmsnarl / Marnie's Morgrem,1026.1,Marnie's Grimmsnarl / Marnie's Morgrem,889.9
Lopunny / Dudunsparce,1032.3,Marnie's Grimmsnarl / Marnie's Morgrem,1089.9
Fezandipiti / Alakazam,1061.7,Fezandipiti / Alakazam,941.6
Dragapult / Meowth,967.4,Dragapult / Meowth,870.9
Lopunny / Froslass,1185.1,Teal Mask Ogerpon / Tapu Bulu,1056.8
Lopunny / Froslass,913.0,Marnie's Grimmsnarl / Marnie's Morgrem,971.6
Marnie's Grimmsnarl / Marnie's Morgrem,1026.1,Marnie's Grimmsnarl / Marnie's Morgrem,1111.6
Marnie's Grimmsnarl / Marnie's Morgrem,959.2,Cynthia's Garchomp / Cynthia's Gabite,1082.7
Fezandipiti / Alakazam,941.6,Lopunny / Dudunsparce,1054.9
Kangaskhan / Crustle,914.9,Marnie's Grimmsnarl / Marnie's Morgrem,1002.4
Kangaskhan / Crustle,961.3,N’s Zoroark / N’s Zorua,891.8
Lopunny / Froslass,1020.4,Marnie's Grimmsnarl / Marnie's Morgrem,930.9
Kangaskhan / Cornerstone Mask Ogerpon,993.4,Kangaskhan / Cornerstone Mask Ogerpon,1081.7
Marnie's Grimmsnarl / Marnie's Morgrem,1040.4,Lopunny / Dudunsparce,933.5
Fezandipiti / Alakazam,941.6,Marnie's Grimmsnarl / Marnie's Morgrem,1074.1
Hydrapple / Teal Mask Ogerpon,920.9,Kangaskhan / Crustle,1066.9
Marnie's Grimmsnarl / Marnie's Morgrem,1111.6,Marnie's Grimmsnarl / Marnie's Morgrem,1026.1
Dragapult / Meowth,870.9,Cornerstone Mask Ogerpon / Cinderace,778.6
Fezandipiti / Alakazam,878.7,Marnie's Grimmsnarl / Marnie's Morgrem,997.8
Teal Mask Ogerpon / Tapu Bulu,1056.8,Fezandipiti / Alakazam,1061.7
Dragapult / Meowth,870.9,Marnie's Grimmsnarl / Marnie's Morgrem,940.5
Fezandipiti / Alakazam,951.1,Lopunny / Dudunsparce,1032.3
Meganium / Hydrapple,554.2,Marnie's Grimmsnarl / Marnie's Morgrem,893.9
Teal Mask Ogerpon / Hero’s Cape,1025.5,Fezandipiti / Alakazam,941.6
Thwackey / Dipplin,1075.3,Lopunny / Froslass,913.0
Hydrapple / Teal Mask Ogerpon,1166.1,Cynthia's Garchomp / Cynthia's Gabite,1082.7
Lopunny / Froslass,1049.2,Marnie's Grimmsnarl / Marnie's Morgrem,1002.4
Cynthia's Garchomp / Cynthia's Gabite,1082.7,Fezandipiti / Alakazam,941.6
Lopunny / Froslass,885.4,Marnie's Grimmsnarl / Marnie's Morgrem,900.3
Dragapult / Meowth,881.6,Marnie's Grimmsnarl / Marnie's Morgrem,973.6
Marnie's Grimmsnarl / Marnie's Morgrem,1011.0,Kangaskhan / Cornerstone Mask Ogerpon,1081.7
Dragapult / Meowth,1006.7,Marnie's Grimmsnarl / Marnie's Morgrem,968.2
Lucario / Hariyama,1203.5,Kangaskhan / Teal Mask Ogerpon,1169.7
Lopunny / Froslass,1117.5,Lopunny / Lillie’s Clefairy,801.5
Venusaur / Kangaskhan,998.3,Dragapult / Meowth,881.6
Lopunny / Dudunsparce,853.3,Marnie's Grimmsnarl / Marnie's Morgrem,963.3
Dragapult / Meowth,870.9,Marnie's Grimmsnarl / Marnie's Morgrem,1066.9
Kangaskhan / Teal Mask Ogerpon,918.6,Dragapult / Meowth,870.9
Teal Mask Ogerpon / Tapu Bulu,1056.8,Marnie's Grimmsnarl / Marnie's Morgrem,600.0
Fezandipiti / Alakazam,998.9,Lopunny / Dudunsparce,1032.3
Marnie's Grimmsnarl / Marnie's Morgrem,893.9,Marnie's Grimmsnarl / Marnie's Morgrem,953.9
Lopunny / Froslass,1185.1,Marnie's Grimmsnarl / Marnie's Morgrem,1111.6
Dragapult / Meowth,1104.0,Lopunny / Froslass,913.0
Fezandipiti / Alakazam,941.6,Marnie's Grimmsnarl / Marnie's Morgrem,975.5
Dragapult / Dudunsparce,1040.5,Cynthia's Garchomp / Cynthia's Gabite,1082.7
Marnie's Grimmsnarl / Marnie's Morgrem,966.5,Fezandipiti / Alakazam,941.6
Marnie's Grimmsnarl / Marnie's Morgrem,1002.4,Lucario / Hariyama,1099.5
Meganium / Hydrapple,554.2,Marnie's Grimmsnarl / Marnie's Morgrem,968.2
N’s Zoroark / N’s Zorua,891.8,Marnie's Grimmsnarl / Marnie's Morgrem,953.9
Lopunny / Froslass,885.4,Fezandipiti / Alakazam,1012.8
Marnie's Grimmsnarl / Marnie's Morgrem,975.5,Lopunny / Froslass,879.9
Marnie's Grimmsnarl / Marnie's Morgrem,1074.1,Dragapult / Blaziken,881.6
Fezandipiti / Alakazam,871.8,Teal Mask Ogerpon / Hero’s Cape,631.9
Dragapult / Meowth,881.6,Marnie's Grimmsnarl / Marnie's Morgrem,1026.1
Kangaskhan / Teal Mask Ogerpon,918.6,Marnie's Grimmsnarl / Marnie's Morgrem,961.0
Teal Mask Ogerpon / Tapu Bulu,1056.8,Marnie's Grimmsnarl / Marnie's Morgrem,940.5
Dragapult / Meowth,870.9,Lopunny / Froslass,1185.1
Fezandipiti / Alakazam,878.7,Fezandipiti / Alakazam,1035.2
Marnie's Grimmsnarl / Marnie's Morgrem,1111.6,Marnie's Grimmsnarl / Marnie's Morgrem,1055.1
Meganium / Hydrapple,554.2,Venusaur / Kangaskhan,998.3
Marnie's Grimmsnarl / Marnie's Morgrem,893.9,Venusaur / Kangaskhan,998.3
Lopunny / Froslass,913.0,Lopunny / Teal Mask Ogerpon,974.8
Fezandipiti / Alakazam,941.6,Marnie's Grimmsnarl / Marnie's Morgrem,1089.9
Marnie's Grimmsnarl / Marnie's Morgrem,1066.9,N’s Zoroark / N’s Zorua,891.8
Fezandipiti / Alakazam,846.6,Lopunny / Froslass,885.4
Kangaskhan / Cornerstone Mask Ogerpon,1081.7,Fezandipiti / Alakazam,935.6
Fezandipiti / Alakazam,924.1,Marnie's Grimmsnarl / Marnie's Morgrem,1066.9
Marnie's Grimmsnarl / Marnie's Morgrem,1074.1,Marnie's Grimmsnarl / Marnie's Morgrem,988.7
Fezandipiti / Alakazam,1030.4,Marnie's Grimmsnarl / Marnie's Morgrem,988.7
Fezandipiti / Alakazam,959.0,Lopunny / Dudunsparce,853.3
Marnie's Grimmsnarl / Marnie's Morgrem,1026.1,Fezandipiti / Alakazam,989.2
Teal Mask Ogerpon / Tapu Bulu,1056.8,Marnie's Grimmsnarl / Marnie's Morgrem,854.6
Dragapult / Meowth,870.9,Marnie's Grimmsnarl / Marnie's Morgrem,1015.3
Kangaskhan / Latias,1162.5,Dragapult / Meowth,870.9
Meganium / Hydrapple,554.2,Marnie's Grimmsnarl / Marnie's Morgrem,959.2
Lopunny / Dudunsparce,1032.3,Marnie's Grimmsnarl / Marnie's Morgrem,1046.9
Marnie's Grimmsnarl / Marnie's Morgrem,893.9,Lopunny / Froslass,827.5
Lopunny / Froslass,913.0,Fezandipiti / Alakazam,848.2
Fezandipiti / Alakazam,941.6,Fezandipiti / Thwackey,954.3
Fezandipiti / Alakazam,941.6,Lopunny / Froslass,885.4
Cynthia's Garchomp / Cynthia's Gabite,1082.7,Fezandipiti / Alakazam,1099.6
N’s Zoroark / N’s Zorua,891.8,Lopunny / Froslass,1088.1
Marnie's Grimmsnarl / Marnie's Morgrem,973.6,Lopunny / Teal Mask Ogerpon,974.8
Kangaskhan / Cornerstone Mask Ogerpon,1081.7,Marnie's Grimmsnarl / Marnie's Morgrem,1055.1
Marnie's Grimmsnarl / Marnie's Morgrem,1026.1,Fezandipiti / Alakazam,1035.4
Teal Mask Ogerpon / Tapu Bulu,1056.8,Hydrapple / Teal Mask Ogerpon,1136.8
Lopunny / Froslass,963.8,Dragapult / Meowth,870.9
Dragapult / Meowth,870.9,Fezandipiti / Alakazam,694.0
Marnie's Grimmsnarl / Marnie's Morgrem,1037.2,Fezandipiti / Alakazam,878.7
Fezandipiti / Alakazam,1061.7,Marnie's Grimmsnarl / Marnie's Morgrem,1111.6
Meganium / Hydrapple,554.2,Marnie's Grimmsnarl / Marnie's Morgrem,1039.0
Fezandipiti / Alakazam,1017.2,Marnie's Grimmsnarl / Marnie's Morgrem,893.9
Fezandipiti / Alakazam,941.6,Kangaskhan / Cornerstone Mask Ogerpon,978.9
Lucario / Hariyama,991.1,Fezandipiti / Alakazam,941.6
Marnie's Grimmsnarl / Marnie's Morgrem,1015.3,Cynthia's Garchomp / Cynthia's Gabite,1082.7
Marnie's Grimmsnarl / Marnie's Morgrem,1002.4,Marnie's Grimmsnarl / Marnie's Morgrem,975.5
N’s Zoroark / N’s Zorua,891.8,Kangaskhan / Crustle,961.3
Fezandipiti / Alakazam,1030.4,Marnie's Grimmsnarl / Marnie's Morgrem,930.9
Marnie's Grimmsnarl / Marnie's Morgrem,1078.2,Kangaskhan / Latias,1081.7
Marnie's Grimmsnarl / Marnie's Morgrem,927.4,Dragapult / Meowth,870.9
Marnie's Grimmsnarl / Marnie's Morgrem,1026.1,Marnie's Grimmsnarl / Marnie's Morgrem,1189.4
Teal Mask Ogerpon / Tapu Bulu,1056.8,Fezandipiti / Alakazam,991.9
Dragapult / Meowth,870.9,Kangaskhan / Crustle,924.1
Dragapult / Meowth,870.9,Lopunny / Dudunsparce,1032.3
Marnie's Grimmsnarl / Marnie's Morgrem,1111.6,Marnie's Grimmsnarl / Marnie's Morgrem,983.8
Meganium / Hydrapple,554.2,Lucario / Hariyama,991.1
Lopunny / Froslass,913.0,Teal Mask Ogerpon / Tapu Bulu,1056.8
Marnie's Grimmsnarl / Marnie's Morgrem,1078.0,Marnie's Grimmsnarl / Marnie's Morgrem,893.9
Lopunny / Froslass,1063.2,Fezandipiti / Alakazam,941.6
Kangaskhan / Latias,1162.5,Fezandipiti / Alakazam,941.6
Cynthia's Garchomp / Cynthia's Gabite,1082.7,Fezandipiti / Alakazam,935.6
Marnie's Grimmsnarl / Marnie's Morgrem,1002.4,Fezandipiti / Alakazam,924.1
Meganium / Hydrapple,554.2,N’s Zoroark / N’s Zorua,891.8
Lucario / Hariyama,884.1,Teal Mask Ogerpon / Hero’s Cape,1035.5
Lopunny / Dudunsparce,853.3,Kangaskhan / Crustle,914.9
Marnie's Grimmsnarl / Marnie's Morgrem,732.5,N’s Zoroark / N’s Zorua,891.8
Lucario / Hariyama,1099.5,Teal Mask Ogerpon / Tapu Bulu,1056.8
Lopunny / Froslass,1020.4,Dragapult / Meowth,870.9
Fezandipiti / Alakazam,878.7,Marnie's Grimmsnarl / Marnie's Morgrem,1015.3
Marnie's Grimmsnarl / Marnie's Morgrem,1111.6,Marnie's Grimmsnarl / Marnie's Morgrem,968.1
Thwackey / Dipplin,1075.3,Meganium / Hydrapple,554.2
Marnie's Grimmsnarl / Marnie's Morgrem,971.6,Lopunny / Froslass,913.0
Marnie's Grimmsnarl / Marnie's Morgrem,1089.9,Marnie's Grimmsnarl / Marnie's Morgrem,893.9
Lopunny / Dudunsparce,1032.3,Marnie's Grimmsnarl / Marnie's Morgrem,966.5
Fezandipiti / Alakazam,941.6,Marnie's Grimmsnarl / Marnie's Morgrem,997.8
Marnie's Grimmsnarl / Marnie's Morgrem,1011.0,Fezandipiti / Alakazam,941.6
Cynthia's Garchomp / Cynthia's Gabite,1082.7,Marnie's Grimmsnarl / Marnie's Morgrem,959.2
Marnie's Grimmsnarl / Marnie's Morgrem,1002.4,Cynthia's Garchomp / Cynthia's Gabite,913.4
Fezandipiti / Alakazam,1013.1,N’s Zoroark / N’s Zorua,891.8
Kangaskhan / Latias,1081.7,Marnie's Grimmsnarl / Marnie's Morgrem,1009.6
Marnie's Grimmsnarl / Marnie's Morgrem,1002.9,Fezandipiti / Alakazam,1012.8
Kangaskhan / Latias,1162.5,Lopunny / Dudunsparce,913.4
Marnie's Grimmsnarl / Marnie's Morgrem,1026.1,Lopunny / Dudunsparce,853.3
Marnie's Grimmsnarl / Marnie's Morgrem,1036.7,Marnie's Grimmsnarl / Marnie's Morgrem,940.5
Marnie's Grimmsnarl / Marnie's Morgrem,732.5,Marnie's Grimmsnarl / Marnie's Morgrem,988.6
Kangaskhan / Crustle,1063.2,Teal Mask Ogerpon / Tapu Bulu,1056.8
Dragapult / Meowth,870.9,Dragapult / Meowth,1104.0
Marnie's Grimmsnarl / Marnie's Morgrem,1009.6,Fezandipiti / Alakazam,878.7
Dragapult / Meowth,870.9,Team Rocket's Mewtwo / Team Rocket's Spidops,1004.4
Marnie's Grimmsnarl / Marnie's Morgrem,1039.0,Meganium / Hydrapple,554.2
Dragapult / Meowth,1104.0,Lopunny / Froslass,913.0
Lopunny / Dudunsparce,1032.3,Lopunny / Dudunsparce,1105.3
Marnie's Grimmsnarl / Marnie's Morgrem,1040.4,Cynthia's Garchomp / Cynthia's Gabite,1082.7
Fezandipiti / Alakazam,941.6,Lopunny / Froslass,1185.1
Teal Mask Ogerpon / Hero’s Cape,1008.0,Marnie's Grimmsnarl / Marnie's Morgrem,1002.4
Marnie's Grimmsnarl / Marnie's Morgrem,973.6,Lopunny / Dudunsparce,913.4
Lopunny / Dudunsparce,913.4,Kangaskhan / Cornerstone Mask Ogerpon,1081.7
Marnie's Grimmsnarl / Marnie's Morgrem,969.6,Fezandipiti / Alakazam,924.1
Dragapult / Meowth,967.4,Fezandipiti / Rillaboom,941.6
Teal Mask Ogerpon / Tapu Bulu,1056.8,Marnie's Grimmsnarl / Marnie's Morgrem,1026.1
Fezandipiti / Rillaboom,941.6,Marnie's Grimmsnarl / Marnie's Morgrem,732.5
Teal Mask Ogerpon / Tapu Bulu,1056.8,Fezandipiti / Alakazam,1012.8
Marnie's Grimmsnarl / Marnie's Morgrem,959.2,Dragapult / Meowth,870.9
Dragapult / Meowth,870.9,Marnie's Grimmsnarl / Marnie's Morgrem,1022.6
Marnie's Grimmsnarl / Marnie's Morgrem,1111.6,Marnie's Grimmsnarl / Marnie's Morgrem,602.8
Marnie's Grimmsnarl / Marnie's Morgrem,931.0,Meganium / Hydrapple,554.2
Hydrapple / Teal Mask Ogerpon,1166.1,Lopunny / Dudunsparce,1032.3
Marnie's Grimmsnarl / Marnie's Morgrem,1027.6,Lopunny / Froslass,913.0
Marnie's Grimmsnarl / Marnie's Morgrem,1078.0,Marnie's Grimmsnarl / Marnie's Morgrem,893.9
Kangaskhan / Crustle,961.3,Fezandipiti / Alakazam,941.6
Cynthia's Garchomp / Cynthia's Gabite,1082.7,Lopunny / Froslass,963.8
Fezandipiti / Alakazam,941.6,Lucario / Hariyama,1110.2
Marnie's Grimmsnarl / Marnie's Morgrem,1002.4,Kangaskhan / Cornerstone Mask Ogerpon,993.4
Marnie's Grimmsnarl / Marnie's Morgrem,1002.4,Thwackey / Dipplin,1051.0
Kangaskhan / Cornerstone Mask Ogerpon,1081.7,N’s Zoroark / N’s Zorua,891.8
Lopunny / Froslass,885.4,Dragapult / Meowth,1104.0
Fezandipiti / Alakazam,1120.8,Kangaskhan / Cornerstone Mask Ogerpon,1081.7
Kangaskhan / Cornerstone Mask Ogerpon,157.9,Lopunny / Froslass,1110.2
Dragapult / Meowth,913.8,Fezandipiti / Alakazam,917.8
Marnie's Grimmsnarl / Marnie's Morgrem,1002.4,Marnie's Grimmsnarl / Marnie's Morgrem,1026.1
Marnie's Grimmsnarl / Marnie's Morgrem,732.5,Fezandipiti / Alakazam,987.5
Dragapult / Meowth,870.9,Lopunny / Dudunsparce,954.6
Teal Mask Ogerpon / Hero’s Cape,1008.0,Marnie's Grimmsnarl / Marnie's Morgrem,1111.6
Dragapult / Meowth,870.9,Marnie's Grimmsnarl / Marnie's Morgrem,1037.2
Dragapult / Meowth,870.9,Meganium / Hydrapple,554.2
Cynthia's Garchomp / Cynthia's Gabite,1082.7,Marnie's Grimmsnarl / Marnie's Morgrem,1078.2
Dragapult / Meowth,881.6,Marnie's Grimmsnarl / Marnie's Morgrem,1002.4
Lopunny / Froslass,1049.2,Kangaskhan / Cornerstone Mask Ogerpon,1081.7
Lopunny / Froslass,1078.2,Fezandipiti / Alakazam,1034.0
Lopunny / Froslass,913.0,Fezandipiti / Alakazam,935.6
Dragapult / Dudunsparce,1040.5,Marnie's Grimmsnarl / Marnie's Morgrem,893.9
Lopunny / Dudunsparce,1032.3,Lopunny / Dudunsparce,1054.9
Fezandipiti / Alakazam,941.6,Marnie's Grimmsnarl / Marnie's Morgrem,932.0
Hydrapple / Teal Mask Ogerpon,1136.8,Fezandipiti / Alakazam,941.6
Fezandipiti / Alakazam,969.0,Lopunny / Froslass,1049.2
Marnie's Grimmsnarl / Marnie's Morgrem,1009.6,Lopunny / Froslass,885.4
Marnie's Grimmsnarl / Marnie's Morgrem,966.5,Marnie's Grimmsnarl / Marnie's Morgrem,973.6
Teal Mask Ogerpon / Tapu Bulu,1056.8,Marnie's Grimmsnarl / Marnie's Morgrem,1134.4
Marnie's Grimmsnarl / Marnie's Morgrem,945.9,Fezandipiti / Alakazam,1061.7
Kangaskhan / Cornerstone Mask Ogerpon,1084.1,Marnie's Grimmsnarl / Marnie's Morgrem,1099.5
Kangaskhan / Latias,1162.5,Marnie's Grimmsnarl / Marnie's Morgrem,1026.1
Marnie's Grimmsnarl / Marnie's Morgrem,732.5,Lopunny / Froslass,1078.2
Lopunny / Lillie’s Clefairy,801.5,Marnie's Grimmsnarl / Marnie's Morgrem,1111.6
Dragapult / Meowth,870.9,Marnie's Grimmsnarl / Marnie's Morgrem,889.6
Meganium / Hydrapple,554.2,Marnie's Grimmsnarl / Marnie's Morgrem,1037.2
N’s Zoroark / N’s Zorua,891.8,Lopunny / Dudunsparce,1032.3
Fezandipiti / Alakazam,948.8,Lopunny / Froslass,913.0
Cynthia's Garchomp / Cynthia's Gabite,1082.7,Lopunny / Dudunsparce,1105.3
Kangaskhan / Crustle,961.3,Fezandipiti / Alakazam,941.6
Marnie's Grimmsnarl / Marnie's Morgrem,1002.4,Fezandipiti / Alakazam,975.9
Kangaskhan / Cornerstone Mask Ogerpon,1081.7,Marnie's Grimmsnarl / Marnie's Morgrem,1078.0
Teal Mask Ogerpon / Hero’s Cape,1025.5,Marnie's Grimmsnarl / Marnie's Morgrem,1134.4
Fezandipiti / Alakazam,969.4,Kangaskhan / Crustle,981.5
Marnie's Grimmsnarl / Marnie's Morgrem,895.4,Kangaskhan / Cornerstone Mask Ogerpon,824.9
Marnie's Grimmsnarl / Marnie's Morgrem,1002.9,Marnie's Grimmsnarl / Marnie's Morgrem,1066.9
Marnie's Grimmsnarl / Marnie's Morgrem,1040.4,Marnie's Grimmsnarl / Marnie's Morgrem,1026.1
Kangaskhan / Cornerstone Mask Ogerpon,993.4,Marnie's Grimmsnarl / Marnie's Morgrem,732.5
Marnie's Grimmsnarl / Marnie's Morgrem,1055.1,Lopunny / Dudunsparce,1054.9
Dragapult / Meowth,870.9,Lopunny / Froslass,1185.1
Fezandipiti / Alakazam,941.6,Teal Mask Ogerpon / Tapu Bulu,1056.8
Marnie's Grimmsnarl / Marnie's Morgrem,1111.6,Marnie's Grimmsnarl / Marnie's Morgrem,903.0
Dragapult / Meowth,870.9,Fezandipiti / Alakazam,991.9
Dragapult / Meowth,1104.0,Meganium / Hydrapple,554.2
Lopunny / Dudunsparce,1032.3,Fezandipiti / Alakazam,935.6
Dragapult / Dudunsparce,1040.5,Fezandipiti / Alakazam,941.6
Marnie's Grimmsnarl / Marnie's Morgrem,1074.1,Cynthia's Garchomp / Cynthia's Gabite,1082.7
Hydrapple / Teal Mask Ogerpon,1136.8,Fezandipiti / Alakazam,941.6
Marnie's Grimmsnarl / Marnie's Morgrem,1002.4,Marnie's Grimmsnarl / Marnie's Morgrem,600.0
Fezandipiti / Alakazam,1061.7,Marnie's Grimmsnarl / Marnie's Morgrem,1002.4
N’s Zoroark / N’s Zorua,891.8,Lopunny / Dudunsparce,1054.9
Lopunny / Froslass,885.4,Fezandipiti / Alakazam,969.4
Lucario / Hariyama,1117.5,Lopunny / Froslass,967.2
Marnie's Grimmsnarl / Marnie's Morgrem,895.4,Fezandipiti / Alakazam,1025.2
Teal Mask Ogerpon / Hero’s Cape,637.1,Marnie's Grimmsnarl / Marnie's Morgrem,732.5
Lopunny / Dudunsparce,954.6,Lopunny / Teal Mask Ogerpon,974.8
Teal Mask Ogerpon / Hero’s Cape,980.8,Marnie's Grimmsnarl / Marnie's Morgrem,945.9
Fezandipiti / Rillaboom,941.6,Dragapult / Meowth,913.8
Marnie's Grimmsnarl / Marnie's Morgrem,1099.5,Kangaskhan / Cornerstone Mask Ogerpon,1084.1
Fezandipiti / Alakazam,1030.4,Marnie's Grimmsnarl / Marnie's Morgrem,1026.1
Marnie's Grimmsnarl / Marnie's Morgrem,1055.1,Marnie's Grimmsnarl / Marnie's Morgrem,1039.0
Lopunny / Froslass,1088.1,Marnie's Grimmsnarl / Marnie's Morgrem,732.5
Kangaskhan / Latias,1162.5,Dragapult / Meowth,870.9
Kangaskhan / Latias,1162.5,Dragapult / Meowth,870.9
Meganium / Hydrapple,554.2,Rillaboom / Dipplin,683.8
Fezandipiti / Alakazam,941.6,Lopunny / Froslass,1063.2
Fezandipiti / Alakazam,1035.2,Lopunny / Froslass,913.0
Kangaskhan / Cornerstone Mask Ogerpon,157.9,Cynthia's Garchomp / Cynthia's Gabite,1082.7
Fezandipiti / Alakazam,884.0,Fezandipiti / Alakazam,941.6
Marnie's Grimmsnarl / Marnie's Morgrem,1002.4,Marnie's Grimmsnarl / Marnie's Morgrem,983.8
Marnie's Grimmsnarl / Marnie's Morgrem,895.4,Marnie's Grimmsnarl / Marnie's Morgrem,1078.0
Lopunny / Froslass,1049.2,Teal Mask Ogerpon / Hero’s Cape,637.1
Marnie's Grimmsnarl / Marnie's Morgrem,600.0,Fezandipiti / Alakazam,943.0
Lopunny / Dudunsparce,954.6,Team Rocket's Mewtwo / Team Rocket's Spidops,1004.4
Lopunny / Lillie’s Clefairy,801.5,Fezandipiti / Alakazam,943.0
Teal Mask Ogerpon / Hero’s Cape,1008.0,Dragapult / Meowth,913.8
Marnie's Grimmsnarl / Marnie's Morgrem,1099.5,Marnie's Grimmsnarl / Marnie's Morgrem,1039.5
Dragapult / Meowth,875.4,Marnie's Grimmsnarl / Marnie's Morgrem,977.5
Team Rocket's Mewtwo / Team Rocket's Spidops,1004.4,Marnie's Grimmsnarl / Marnie's Morgrem,1055.1
Teal Mask Ogerpon / Tapu Bulu,1056.8,Kangaskhan / Latias,1162.5
Marnie's Grimmsnarl / Marnie's Morgrem,1026.1,Dragapult / Meowth,870.9
Dragapult / Meowth,870.9,Marnie's Grimmsnarl / Marnie's Morgrem,1078.2
Lopunny / Froslass,998.5,Marnie's Grimmsnarl / Marnie's Morgrem,1111.6
Meganium / Hydrapple,554.2,Marnie's Grimmsnarl / Marnie's Morgrem,1002.4
Fezandipiti / Alakazam,941.6,Lopunny / Froslass,885.4
Lopunny / Froslass,913.0,Marnie's Grimmsnarl / Marnie's Morgrem,981.3
Cynthia's Garchomp / Cynthia's Gabite,1082.7,Kangaskhan / Teal Mask Ogerpon,918.6
Fezandipiti / Alakazam,941.6,Fezandipiti / Alakazam,941.6
Lopunny / Froslass,1063.2,Marnie's Grimmsnarl / Marnie's Morgrem,1002.4
Marnie's Grimmsnarl / Marnie's Morgrem,1026.1,N’s Zoroark / N’s Zorua,891.8
Lopunny / Froslass,827.5,Kangaskhan / Crustle,1019.6
Marnie's Grimmsnarl / Marnie's Morgrem,1027.6,Marnie's Grimmsnarl / Marnie's Morgrem,895.4
Marnie's Grimmsnarl / Marnie's Morgrem,600.0,Teal Mask Ogerpon / Hero’s Cape,1008.0
Teal Mask Ogerpon / Hero’s Cape,637.1,Marnie's Grimmsnarl / Marnie's Morgrem,997.8
Lopunny / Dudunsparce,954.6,Marnie's Grimmsnarl / Marnie's Morgrem,978.8
Marnie's Grimmsnarl / Marnie's Morgrem,945.9,Marnie's Grimmsnarl / Marnie's Morgrem,1051.2
Fezandipiti / Alakazam,917.8,Lucario / Hariyama,964.9
Marnie's Grimmsnarl / Marnie's Morgrem,1027.6,Marnie's Grimmsnarl / Marnie's Morgrem,1099.5
Kangaskhan / Crustle,981.5,Dragapult / Meowth,875.4
Marnie's Grimmsnarl / Marnie's Morgrem,732.5,Fezandipiti / Alakazam,924.1
Kangaskhan / Cornerstone Mask Ogerpon,157.9,Teal Mask Ogerpon / Tapu Bulu,1056.8
Dragapult / Meowth,870.9,Kangaskhan / Teal Mask Ogerpon,1169.7
Dragapult / Meowth,870.9,Marnie's Grimmsnarl / Marnie's Morgrem,889.7
Marnie's Grimmsnarl / Marnie's Morgrem,1111.6,Dragapult / Meowth,1104.0
Marnie's Grimmsnarl / Marnie's Morgrem,1037.2,Meganium / Hydrapple,554.2
Dragapult / Meowth,913.8,Lopunny / Froslass,913.0
Fezandipiti / Alakazam,969.0,Lopunny / Dudunsparce,1105.3
Cynthia's Garchomp / Cynthia's Gabite,1082.7,Lopunny / Froslass,1088.1
Fezandipiti / Alakazam,941.6,Kangaskhan / Teal Mask Ogerpon,918.6
Marnie's Grimmsnarl / Marnie's Morgrem,1002.4,Marnie's Grimmsnarl / Marnie's Morgrem,959.2
Kangaskhan / Crustle,924.1,Lopunny / Dudunsparce,946.8
Marnie's Grimmsnarl / Marnie's Morgrem,600.0,Lopunny / Froslass,1004.4
Dragapult / Meowth,959.6,Fezandipiti / Alakazam,1017.2
Dragapult / Meowth,959.6,Marnie's Grimmsnarl / Marnie's Morgrem,895.4
Lopunny / Dudunsparce,954.6,Marnie's Grimmsnarl / Marnie's Morgrem,1027.6
Teal Mask Ogerpon / Hero’s Cape,1008.0,Teal Mask Ogerpon / Hero’s Cape,637.1
Marnie's Grimmsnarl / Marnie's Morgrem,945.9,Lopunny / Dudunsparce,1054.9
Marnie's Grimmsnarl / Marnie's Morgrem,959.2,Marnie's Grimmsnarl / Marnie's Morgrem,1055.1
Marnie's Grimmsnarl / Marnie's Morgrem,1040.4,Marnie's Grimmsnarl / Marnie's Morgrem,965.0
Lopunny / Dudunsparce,954.6,Teal Mask Ogerpon / Tapu Bulu,1056.8
Dragapult / Meowth,870.9,Teal Mask Ogerpon / Hero’s Cape,1008.0
Dragapult / Meowth,870.9,Teal Mask Ogerpon / Hero’s Cape,631.9
Fezandipiti / Alakazam,1052.1,Marnie's Grimmsnarl / Marnie's Morgrem,1111.6
Alakazam / Kadabra,1056.8,Teal Mask Ogerpon / Hero’s Cape,1008.0
Marnie's Grimmsnarl / Marnie's Morgrem,978.8,Lopunny / Dudunsparce,1032.3
Lopunny / Froslass,913.0,Marnie's Grimmsnarl / Marnie's Morgrem,1055.1
Kangaskhan / Crustle,924.1,Fezandipiti / Alakazam,941.6
Marnie's Grimmsnarl / Marnie's Morgrem,1002.4,Cynthia's Garchomp / Cynthia's Gabite,1082.7
Fezandipiti / Alakazam,941.6,Dragapult / Meowth,913.8
Marnie's Grimmsnarl / Marnie's Morgrem,1002.4,Marnie's Grimmsnarl / Marnie's Morgrem,931.0
Thwackey / Dipplin,959.6,Marnie's Grimmsnarl / Marnie's Morgrem,971.7
Fezandipiti / Alakazam,1037.9,Dragapult / Meowth,959.6
Kangaskhan / Crustle,924.1,Marnie's Grimmsnarl / Marnie's Morgrem,945.9
Marnie's Grimmsnarl / Marnie's Morgrem,600.0,Lucario / Hariyama,991.1
Dragapult / Meowth,870.9,Lopunny / Dudunsparce,954.6
Marnie's Grimmsnarl / Marnie's Morgrem,895.4,Fezandipiti / Alakazam,950.8
Marnie's Grimmsnarl / Marnie's Morgrem,1066.9,Marnie's Grimmsnarl / Marnie's Morgrem,945.9
Marnie's Grimmsnarl / Marnie's Morgrem,1026.1,Kangaskhan / Teal Mask Ogerpon,918.6
Lucario / Hariyama,1110.2,Teal Mask Ogerpon / Tapu Bulu,1056.8
Marnie's Grimmsnarl / Marnie's Morgrem,1111.6,Marnie's Grimmsnarl / Marnie's Morgrem,1055.1
Hydrapple / Teal Mask Ogerpon,920.9,Meganium / Hydrapple,554.2
Lopunny / Froslass,1020.4,Lopunny / Froslass,913.0
Marnie's Grimmsnarl / Marnie's Morgrem,1027.6,Fezandipiti / Alakazam,969.0
Fezandipiti / Alakazam,941.6,Marnie's Grimmsnarl / Marnie's Morgrem,968.2
Marnie's Grimmsnarl / Marnie's Morgrem,600.0,Cynthia's Garchomp / Cynthia's Gabite,1082.7
Marnie's Grimmsnarl / Marnie's Morgrem,966.5,Fezandipiti / Alakazam,941.6
Kangaskhan / Crustle,920.6,Marnie's Grimmsnarl / Marnie's Morgrem,1002.4
Thwackey / Dipplin,959.6,Marnie's Grimmsnarl / Marnie's Morgrem,1089.9
Marnie's Grimmsnarl / Marnie's Morgrem,1039.5,Marnie's Grimmsnarl / Marnie's Morgrem,600.0
Lopunny / Dudunsparce,954.6,Marnie's Grimmsnarl / Marnie's Morgrem,931.0
Teal Mask Ogerpon / Hero’s Cape,637.1,Marnie's Grimmsnarl / Marnie's Morgrem,1002.9
Kangaskhan / Cornerstone Mask Ogerpon,918.9,Marnie's Grimmsnarl / Marnie's Morgrem,1055.1
Marnie's Grimmsnarl / Marnie's Morgrem,927.4,Marnie's Grimmsnarl / Marnie's Morgrem,1099.5
Marnie's Grimmsnarl / Marnie's Morgrem,1026.1,Marnie's Grimmsnarl / Marnie's Morgrem,945.9
Marnie's Grimmsnarl / Marnie's Morgrem,961.1,Kangaskhan / Cornerstone Mask Ogerpon,1081.7
Arboliva / Teal Mask Ogerpon,1013.7,Marnie's Grimmsnarl / Marnie's Morgrem,1055.1
Marnie's Grimmsnarl / Marnie's Morgrem,1026.1,Lucario / Hariyama,991.1
Marnie's Grimmsnarl / Marnie's Morgrem,1134.4,Dragapult / Meowth,870.9
Dragapult / Meowth,870.9,Dragapult / Meowth,959.6
Teal Mask Ogerpon / Tapu Bulu,1056.8,Marnie's Grimmsnarl / Marnie's Morgrem,1009.6
Marnie's Grimmsnarl / Marnie's Morgrem,1035.4,Marnie's Grimmsnarl / Marnie's Morgrem,1111.6
Dragapult / Meowth,881.6,Meganium / Hydrapple,554.2
Lopunny / Dudunsparce,1032.3,Arboliva / Teal Mask Ogerpon,1013.7
Lopunny / Froslass,913.0,Teal Mask Ogerpon / Hero’s Cape,1008.0
Marnie's Grimmsnarl / Marnie's Morgrem,1011.0,Fezandipiti / Alakazam,941.6
Cynthia's Garchomp / Cynthia's Gabite,1082.7,Marnie's Grimmsnarl / Marnie's Morgrem,1037.2
Fezandipiti / Alakazam,941.6,Lopunny / Froslass,600.0
Marnie's Grimmsnarl / Marnie's Morgrem,1002.4,Fezandipiti / Alakazam,968.7
Marnie's Grimmsnarl / Marnie's Morgrem,1136.8,Fezandipiti / Alakazam,1189.4
Fezandipiti / Alakazam,600.0,Lopunny / Froslass,1088.1
Kangaskhan / Crustle,924.1,Kangaskhan / Cornerstone Mask Ogerpon,925.5
Dragapult / Meowth,959.6,Cynthia's Garchomp / Cynthia's Gabite,982.7
Teal Mask Ogerpon / Hero’s Cape,637.1,Marnie's Grimmsnarl / Marnie's Morgrem,1055.1
Dragapult / Meowth,1054.7,Marnie's Grimmsnarl / Marnie's Morgrem,895.4
Fezandipiti / Alakazam,1012.8,Marnie's Grimmsnarl / Marnie's Morgrem,600.0
Lopunny / Froslass,1078.2,Marnie's Grimmsnarl / Marnie's Morgrem,945.9
Cynthia's Garchomp / Cynthia's Gabite,1082.7,Lopunny / Dudunsparce,954.6
Kangaskhan / Cornerstone Mask Ogerpon,918.9,Marnie's Grimmsnarl / Marnie's Morgrem,1035.4
Marnie's Grimmsnarl / Marnie's Morgrem,1026.1,Lopunny / Lillie’s Clefairy,801.5
Fezandipiti / Alakazam,1037.9,Marnie's Grimmsnarl / Marnie's Morgrem,1039.0
Lopunny / Dudunsparce,1105.3,Marnie's Grimmsnarl / Marnie's Morgrem,1026.1
Lopunny / Froslass,1088.1,Marnie's Grimmsnarl / Marnie's Morgrem,1055.1
Dragapult / Meowth,870.9,Dragapult / Meowth,1047.2
Dragapult / Meowth,870.9,Fezandipiti / Alakazam,1034.0
Thwackey / Dipplin,1075.3,Teal Mask Ogerpon / Tapu Bulu,1056.8
Marnie's Grimmsnarl / Marnie's Morgrem,1111.6,Lopunny / Froslass,1078.2
Meganium / Hydrapple,554.2,Marnie's Grimmsnarl / Marnie's Morgrem,927.4
Fezandipiti / Alakazam,941.6,Marnie's Grimmsnarl / Marnie's Morgrem,1011.0
Fezandipiti / Alakazam,1013.1,Fezandipiti / Alakazam,969.0
Cynthia's Garchomp / Cynthia's Gabite,1082.7,Kangaskhan / Crustle,924.1
Fezandipiti / Alakazam,1035.2,Marnie's Grimmsnarl / Marnie's Morgrem,1002.4
Marnie's Grimmsnarl / Marnie's Morgrem,1002.4,Kangaskhan / Crustle,1063.2
Marnie's Grimmsnarl / Marnie's Morgrem,1074.1,Lopunny / Froslass,1088.1
Marnie's Grimmsnarl / Marnie's Morgrem,1014.7,Marnie's Grimmsnarl / Marnie's Morgrem,968.1
Kangaskhan / Cornerstone Mask Ogerpon,157.9,Thwackey / Dipplin,959.6
Kangaskhan / Crustle,924.1,Teal Mask Ogerpon / Hero’s Cape,1008.0
Dragapult / Meowth,959.6,Lopunny / Froslass,885.4
Marnie's Grimmsnarl / Marnie's Morgrem,600.0,Fezandipiti / Alakazam,1034.0
Marnie's Grimmsnarl / Marnie's Morgrem,945.9,Marnie's Grimmsnarl / Marnie's Morgrem,932.0
Kangaskhan / Cornerstone Mask Ogerpon,918.9,Teal Mask Ogerpon / Hero’s Cape,1025.5
Marnie's Grimmsnarl / Marnie's Morgrem,1026.1,Fezandipiti / Alakazam,1061.7
Marnie's Grimmsnarl / Marnie's Morgrem,961.1,Dragapult / Blaziken,881.6
Kangaskhan / Cornerstone Mask Ogerpon,824.9,Marnie's Grimmsnarl / Marnie's Morgrem,1026.1
Dragapult / Blaziken,881.6,Dragapult / Meowth,870.9
Dragapult / Meowth,870.9,Lopunny / Teal Mask Ogerpon,999.2
Lopunny / Lillie’s Clefairy,801.5,Teal Mask Ogerpon / Tapu Bulu,1056.8
Marnie's Grimmsnarl / Marnie's Morgrem,1055.1,Thwackey / Dipplin,959.6
Dragapult / Meowth,1054.7,Marnie's Grimmsnarl / Marnie's Morgrem,732.5
Marnie's Grimmsnarl / Marnie's Morgrem,1111.6,Fezandipiti / Alakazam,959.0
Fezandipiti / Alakazam,941.6,Dragapult / Meowth,1006.7
Lopunny / Froslass,1004.4,Meganium / Hydrapple,554.2
Fezandipiti / Alakazam,884.0,Cynthia's Garchomp / Cynthia's Gabite,1082.7
Fezandipiti / Alakazam,941.6,Kangaskhan / Teal Mask Ogerpon,918.6
Marnie's Grimmsnarl / Marnie's Morgrem,1002.4,Kangaskhan / Crustle,924.1
Thwackey / Dipplin,948.6,Fezandipiti / Alakazam,994.9
Marnie's Grimmsnarl / Marnie's Morgrem,1037.2,Marnie's Grimmsnarl / Marnie's Morgrem,1014.7
Dragapult / Meowth,959.6,Fezandipiti / Alakazam,600.0
Marnie's Grimmsnarl / Marnie's Morgrem,1002.4,Kangaskhan / Crustle,924.1
Marnie's Grimmsnarl / Marnie's Morgrem,975.5,Marnie's Grimmsnarl / Marnie's Morgrem,854.9
Kangaskhan / Cornerstone Mask Ogerpon,918.9,Marnie's Grimmsnarl / Marnie's Morgrem,895.4
Lopunny / Froslass,913.0,Marnie's Grimmsnarl / Marnie's Morgrem,600.0
Kangaskhan / Cornerstone Mask Ogerpon,918.9,Thwackey / Dipplin,1051.0
Marnie's Grimmsnarl / Marnie's Morgrem,945.9,Marnie's Grimmsnarl / Marnie's Morgrem,949.6
Kangaskhan / Cornerstone Mask Ogerpon,913.0,Marnie's Grimmsnarl / Marnie's Morgrem,1026.1
Fezandipiti / Alakazam,1037.9,Kangaskhan / Crustle,981.5
Dragapult / Meowth,870.9,Marnie's Grimmsnarl / Marnie's Morgrem,931.0
Marnie's Grimmsnarl / Marnie's Morgrem,1055.1,Marnie's Grimmsnarl / Marnie's Morgrem,1078.2
Teal Mask Ogerpon / Tapu Bulu,1056.8,Lopunny / Lillie’s Clefairy,801.5
Teal Mask Ogerpon / Hero’s Cape,1025.5,Marnie's Grimmsnarl / Marnie's Morgrem,1111.6
Meganium / Hydrapple,554.2,Kangaskhan / Latias,1162.5
Lopunny / Dudunsparce,1032.3,Lopunny / Lillie’s Clefairy,801.5
Marnie's Grimmsnarl / Marnie's Morgrem,1002.9,Lopunny / Froslass,913.0
Fezandipiti / Alakazam,941.6,Marnie's Grimmsnarl / Marnie's Morgrem,1037.2
Cynthia's Garchomp / Cynthia's Gabite,1082.7,Kangaskhan / Crustle,1019.6
Fezandipiti / Alakazam,969.0,Marnie's Grimmsnarl / Marnie's Morgrem,931.0
Fezandipiti / Alakazam,941.6,Fezandipiti / Alakazam,961.1
Kangaskhan / Cornerstone Mask Ogerpon,157.9,Thwackey / Dipplin,1075.3
Marnie's Grimmsnarl / Marnie's Morgrem,927.4,Fezandipiti / Alakazam,600.0
Marnie's Grimmsnarl / Marnie's Morgrem,1036.7,Thwackey / Dipplin,959.6
Kangaskhan / Cornerstone Mask Ogerpon,157.9,Dragapult / Meowth,959.6
Marnie's Grimmsnarl / Marnie's Morgrem,945.9,Fezandipiti / Alakazam,694.0
Marnie's Grimmsnarl / Marnie's Morgrem,969.6,Kangaskhan / Crustle,924.1
Marnie's Grimmsnarl / Marnie's Morgrem,1002.9,Kangaskhan / Crustle,961.3
Marnie's Grimmsnarl / Marnie's Morgrem,889.9,Marnie's Grimmsnarl / Marnie's Morgrem,600.0
Marnie's Grimmsnarl / Marnie's Morgrem,988.6,Teal Mask Ogerpon / Hero’s Cape,637.1
Lucario / Hariyama,991.1,Lopunny / Dudunsparce,954.6
Fezandipiti / Alakazam,1034.0,Teal Mask Ogerpon / Tapu Bulu,1056.8
Marnie's Grimmsnarl / Marnie's Morgrem,1055.1,Marnie's Grimmsnarl / Marnie's Morgrem,981.3
Dragapult / Meowth,870.9,Fezandipiti / Alakazam,1189.4
Dragapult / Meowth,870.9,Dragapult / Meowth,1047.2
Fezandipiti / Alakazam,1035.4,Meganium / Hydrapple,554.2
Marnie's Grimmsnarl / Marnie's Morgrem,1111.6,Lucario / Hariyama,1099.5
Fezandipiti / Alakazam,941.6,Lopunny / Teal Mask Ogerpon,974.8
Kangaskhan / Cornerstone Mask Ogerpon,1084.1,Lopunny / Dudunsparce,1032.3
Lopunny / Froslass,913.0,Marnie's Grimmsnarl / Marnie's Morgrem,966.9
Kangaskhan / Teal Mask Ogerpon,1169.7,Lucario / Hariyama,1203.5
Fezandipiti / Alakazam,1061.7,Fezandipiti / Alakazam,1044.7
Fezandipiti / Alakazam,1012.8,Fezandipiti / Alakazam,941.6
Marnie's Grimmsnarl / Marnie's Morgrem,1136.8,Cynthia's Garchomp / Cynthia's Gabite,1082.7
Marnie's Grimmsnarl / Marnie's Morgrem,1039.0,Marnie's Grimmsnarl / Marnie's Morgrem,732.5
Dragapult / Meowth,1054.7,Lopunny / Dudunsparce,1029.4
Fezandipiti / Alakazam,600.0,Lopunny / Dudunsparce,913.4
Dragapult / Meowth,959.6,Marnie's Grimmsnarl / Marnie's Morgrem,1039.0
Kangaskhan / Crustle,924.1,Dragapult / Dudunsparce,1040.5
Marnie's Grimmsnarl / Marnie's Morgrem,895.4,Dragapult / Dudunsparce,1040.5
Marnie's Grimmsnarl / Marnie's Morgrem,931.0,Marnie's Grimmsnarl / Marnie's Morgrem,600.0
Cynthia's Garchomp / Cynthia's Gabite,1082.7,Marnie's Grimmsnarl / Marnie's Morgrem,945.9
Fezandipiti / Alakazam,964.9,Lopunny / Dudunsparce,954.6
Fezandipiti / Alakazam,991.9,Kangaskhan / Cornerstone Mask Ogerpon,918.9
Marnie's Grimmsnarl / Marnie's Morgrem,1002.9,Marnie's Grimmsnarl / Marnie's Morgrem,1027.6
Kangaskhan / Cornerstone Mask Ogerpon,824.9,Marnie's Grimmsnarl / Marnie's Morgrem,1026.1
Marnie's Grimmsnarl / Marnie's Morgrem,1026.1,Fezandipiti / Alakazam,959.0
Fezandipiti / Alakazam,1035.4,Fezandipiti / Alakazam,1037.9
Marnie's Grimmsnarl / Marnie's Morgrem,1099.5,Fezandipiti / Alakazam,1013.1
Kangaskhan / Teal Mask Ogerpon,1169.7,Dragapult / Meowth,870.9
Marnie's Grimmsnarl / Marnie's Morgrem,1189.4,Marnie's Grimmsnarl / Marnie's Morgrem,1055.1
Dragapult / Meowth,870.9,Marnie's Grimmsnarl / Marnie's Morgrem,945.6
Hydrapple / Teal Mask Ogerpon,920.9,Teal Mask Ogerpon / Tapu Bulu,1056.8
Meganium / Hydrapple,554.2,Marnie's Grimmsnarl / Marnie's Morgrem,911.0
Cynthia's Garchomp / Cynthia's Gabite,1082.7,Kangaskhan / Crustle,1066.9
Fezandipiti / Alakazam,941.6,Fezandipiti / Alakazam,1013.1
Lopunny / Froslass,913.0,Marnie's Grimmsnarl / Marnie's Morgrem,1011.0
Cynthia's Garchomp / Cynthia's Gabite,1082.7,Lopunny / Froslass,1117.5
Lopunny / Teal Mask Ogerpon,929.4,Fezandipiti / Alakazam,941.6
Fezandipiti / Alakazam,994.9,Lopunny / Dudunsparce,913.4
Dragapult / Meowth,1054.7,Marnie's Grimmsnarl / Marnie's Morgrem,889.9
Lopunny / Dudunsparce,1029.4,Marnie's Grimmsnarl / Marnie's Morgrem,1009.6
Fezandipiti / Alakazam,600.0,Kangaskhan / Crustle,1066.9
Dragapult / Meowth,959.6,Marnie's Grimmsnarl / Marnie's Morgrem,959.2
Kangaskhan / Crustle,924.1,Teal Mask Ogerpon / Hero’s Cape,631.9
Lopunny / Dudunsparce,933.5,Teal Mask Ogerpon / Hero’s Cape,637.1
Marnie's Grimmsnarl / Marnie's Morgrem,1039.0,Marnie's Grimmsnarl / Marnie's Morgrem,600.0
Marnie's Grimmsnarl / Marnie's Morgrem,945.9,Marnie's Grimmsnarl / Marnie's Morgrem,732.5
Lopunny / Dudunsparce,954.6,Teal Mask Ogerpon / Hero’s Cape,1025.5
Fezandipiti / Alakazam,1052.1,Kangaskhan / Cornerstone Mask Ogerpon,918.9
Fezandipiti / Alakazam,1037.9,Kangaskhan / Crustle,992.2
Dragapult / Meowth,870.9,Marnie's Grimmsnarl / Marnie's Morgrem,1134.4
Dragapult / Meowth,870.9,Dragapult / Meowth,1054.7
Teal Mask Ogerpon / Tapu Bulu,1056.8,Fezandipiti / Alakazam,694.0
Meganium / Hydrapple,554.2,Cynthia's Garchomp / Cynthia's Gabite,969.6
Lopunny / Dudunsparce,1032.3,Marnie's Grimmsnarl / Marnie's Morgrem,1002.9
Fezandipiti / Alakazam,1099.6,Fezandipiti / Alakazam,941.6
Marnie's Grimmsnarl / Marnie's Morgrem,1074.1,Kangaskhan / Teal Mask Ogerpon,1169.7
Marnie's Grimmsnarl / Marnie's Morgrem,981.3,Fezandipiti / Alakazam,965.9
Marnie's Grimmsnarl / Marnie's Morgrem,1014.7,Alakazam / Kadabra,1056.8
Fezandipiti / Alakazam,600.0,Marnie's Grimmsnarl / Marnie's Morgrem,1066.9
Thwackey / Dipplin,959.6,Fezandipiti / Alakazam,884.0
Kangaskhan / Teal Mask Ogerpon,1169.7,Dragapult / Meowth,959.6
Lopunny / Froslass,1110.2,Kangaskhan / Crustle,924.1
Marnie's Grimmsnarl / Marnie's Morgrem,931.0,Marnie's Grimmsnarl / Marnie's Morgrem,895.4
Lopunny / Dudunsparce,954.6,Marnie's Grimmsnarl / Marnie's Morgrem,944.6
Lopunny / Teal Mask Ogerpon,999.2,Marnie's Grimmsnarl / Marnie's Morgrem,600.0
Cynthia's Garchomp / Cynthia's Gabite,1082.7,Marnie's Grimmsnarl / Marnie's Morgrem,945.9
Marnie's Grimmsnarl / Marnie's Morgrem,1039.0,Fezandipiti / Alakazam,969.4
Lopunny / Teal Mask Ogerpon,999.2,Kangaskhan / Cornerstone Mask Ogerpon,918.9
Fezandipiti / Alakazam,964.9,Kangaskhan / Cornerstone Mask Ogerpon,824.9
Marnie's Grimmsnarl / Marnie's Morgrem,1026.1,Fezandipiti / Alakazam,600.0
Marnie's Grimmsnarl / Marnie's Morgrem,1099.5,Fezandipiti / Alakazam,987.5
Kangaskhan / Crustle,750.4,Fezandipiti / Alakazam,1037.9
Marnie's Grimmsnarl / Marnie's Morgrem,940.5,Marnie's Grimmsnarl / Marnie's Morgrem,961.1
Dragapult / Meowth,870.9,Marnie's Grimmsnarl / Marnie's Morgrem,1134.4
Dragapult / Meowth,870.9,Lopunny / Froslass,997.9
Teal Mask Ogerpon / Tapu Bulu,1056.8,Dragapult / Meowth,1104.0
Lopunny / Dudunsparce,1032.3,Kangaskhan / Teal Mask Ogerpon,918.6
Lopunny / Froslass,913.0,Kangaskhan / Crustle,1019.6
Lopunny / Froslass,729.5,Fezandipiti / Alakazam,941.6
Fezandipiti / Alakazam,989.2,Fezandipiti / Alakazam,969.0
Fezandipiti / Rillaboom,941.6,Cynthia's Garchomp / Cynthia's Gabite,1082.7
Lopunny / Froslass,1004.4,Lopunny / Dudunsparce,1029.4
Marnie's Grimmsnarl / Marnie's Morgrem,945.9,Lopunny / Dudunsparce,933.5
Marnie's Grimmsnarl / Marnie's Morgrem,1022.6,Fezandipiti / Alakazam,600.0
Dragapult / Meowth,959.6,Teal Mask Ogerpon / Hero’s Cape,1025.5
Lopunny / Froslass,997.9,Kangaskhan / Crustle,924.1
Kangaskhan / Latias,1081.7,Marnie's Grimmsnarl / Marnie's Morgrem,895.4
Hydrapple / Teal Mask Ogerpon,1136.8,Marnie's Grimmsnarl / Marnie's Morgrem,945.9
Marnie's Grimmsnarl / Marnie's Morgrem,1078.2,Kangaskhan / Cornerstone Mask Ogerpon,918.9
Kangaskhan / Cornerstone Mask Ogerpon,824.9,Marnie's Grimmsnarl / Marnie's Morgrem,945.9
Marnie's Grimmsnarl / Marnie's Morgrem,1026.1,Lopunny / Dudunsparce,913.4
Dragapult / Meowth,870.9,Fezandipiti / Alakazam,1017.2
Teal Mask Ogerpon / Tapu Bulu,1056.8,Dragapult / Meowth,870.9
Marnie's Grimmsnarl / Marnie's Morgrem,1055.1,Teal Mask Ogerpon / Hero’s Cape,980.8
Dragapult / Blaziken,881.6,Teal Mask Ogerpon / Tapu Bulu,1056.8
Marnie's Grimmsnarl / Marnie's Morgrem,1111.6,Kangaskhan / Cornerstone Mask Ogerpon,157.9
Kangaskhan / Crustle,1066.9,Meganium / Hydrapple,554.2
Lopunny / Dudunsparce,1032.3,Marnie's Grimmsnarl / Marnie's Morgrem,981.3
Lopunny / Froslass,913.0,Cynthia's Garchomp / Cynthia's Gabite,1055.5
Cynthia's Garchomp / Cynthia's Gabite,1082.7,Teal Mask Ogerpon / Hero’s Cape,1025.5
Fezandipiti / Alakazam,1035.2,Fezandipiti / Alakazam,941.6
Marnie's Grimmsnarl / Marnie's Morgrem,875.0,Kangaskhan / Crustle,914.9
Dragapult / Blaziken,881.6,Marnie's Grimmsnarl / Marnie's Morgrem,945.9
Dragapult / Meowth,959.6,Fezandipiti / Alakazam,941.6
Marnie's Grimmsnarl / Marnie's Morgrem,906.9,Fezandipiti / Alakazam,1035.4
N’s Zoroark / N’s Zorua,891.8,Marnie's Grimmsnarl / Marnie's Morgrem,600.0
Marnie's Grimmsnarl / Marnie's Morgrem,949.6,Lopunny / Dudunsparce,954.6
Marnie's Grimmsnarl / Marnie's Morgrem,1002.9,Fezandipiti / Alakazam,959.0
Kangaskhan / Cornerstone Mask Ogerpon,1084.1,Marnie's Grimmsnarl / Marnie's Morgrem,1026.1
Marnie's Grimmsnarl / Marnie's Morgrem,1040.4,Dragapult / Meowth,913.8
Marnie's Grimmsnarl / Marnie's Morgrem,1099.5,Fezandipiti / Alakazam,1035.2
Kangaskhan / Teal Mask Ogerpon,1169.7,Dragapult / Meowth,870.9
Marnie's Grimmsnarl / Marnie's Morgrem,1055.1,Fezandipiti / Alakazam,964.9
Dragapult / Meowth,870.9,Fezandipiti / Alakazam,991.9
Teal Mask Ogerpon / Tapu Bulu,1056.8,Marnie's Grimmsnarl / Marnie's Morgrem,959.2
Marnie's Grimmsnarl / Marnie's Morgrem,1111.6,Marnie's Grimmsnarl / Marnie's Morgrem,1074.1
Meganium / Hydrapple,554.2,Teal Mask Ogerpon / Hero’s Cape,980.8
Dragapult / Meowth,1054.7,Alakazam / Kadabra,1056.8
Fezandipiti / Alakazam,1099.6,Lopunny / Dudunsparce,1032.3
Lopunny / Froslass,913.0,Kangaskhan / Crustle,961.3
Kangaskhan / Cornerstone Mask Ogerpon,918.9,Cynthia's Garchomp / Cynthia's Gabite,1082.7
Venusaur / Kangaskhan,998.3,Marnie's Grimmsnarl / Marnie's Morgrem,1014.7
Kangaskhan / Crustle,924.1,Marnie's Grimmsnarl / Marnie's Morgrem,988.6
Fezandipiti / Alakazam,1035.4,Marnie's Grimmsnarl / Marnie's Morgrem,895.4
Marnie's Grimmsnarl / Marnie's Morgrem,945.9,Marnie's Grimmsnarl / Marnie's Morgrem,1040.4
Lopunny / Dudunsparce,954.6,Marnie's Grimmsnarl / Marnie's Morgrem,878.7
Kangaskhan / Crustle,750.4,Kangaskhan / Cornerstone Mask Ogerpon,918.9
Marnie's Grimmsnarl / Marnie's Morgrem,1026.1,Marnie's Grimmsnarl / Marnie's Morgrem,981.3
Marnie's Grimmsnarl / Marnie's Morgrem,1099.5,Marnie's Grimmsnarl / Marnie's Morgrem,945.9
Dragapult / Meowth,870.9,Fezandipiti / Alakazam,991.9
Kangaskhan / Latias,1162.5,Dragapult / Meowth,870.9
Marnie's Grimmsnarl / Marnie's Morgrem,953.9,Teal Mask Ogerpon / Tapu Bulu,1056.8
Meganium / Hydrapple,554.2,Marnie's Grimmsnarl / Marnie's Morgrem,931.0
Alakazam / Kadabra,1056.8,Marnie's Grimmsnarl / Marnie's Morgrem,1078.0
Cynthia's Garchomp / Cynthia's Gabite,1082.7,Lopunny / Froslass,922.9
Thwackey / Dipplin,959.6,Marnie's Grimmsnarl / Marnie's Morgrem,961.1
Lopunny / Dudunsparce,913.4,Dragapult / Meowth,959.6
Marnie's Grimmsnarl / Marnie's Morgrem,945.9,Kangaskhan / Crustle,981.5
Fezandipiti / Alakazam,1061.7,Marnie's Grimmsnarl / Marnie's Morgrem,961.1
Marnie's Grimmsnarl / Marnie's Morgrem,1111.6,Fezandipiti / Alakazam,1035.2
Lopunny / Froslass,1088.1,Lopunny / Dudunsparce,1032.3
Lopunny / Froslass,913.0,Marnie's Grimmsnarl / Marnie's Morgrem,1078.2
Thwackey / Dipplin,959.6,Dragapult / Dudunsparce,1040.5
Dragapult / Meowth,959.6,Marnie's Grimmsnarl / Marnie's Morgrem,1051.2
Marnie's Grimmsnarl / Marnie's Morgrem,960.8,Marnie's Grimmsnarl / Marnie's Morgrem,895.4
Teal Mask Ogerpon / Hero’s Cape,637.1,Marnie's Grimmsnarl / Marnie's Morgrem,971.7
Lopunny / Dudunsparce,954.6,Fezandipiti / Alakazam,1044.7
Marnie's Grimmsnarl / Marnie's Morgrem,600.0,Marnie's Grimmsnarl / Marnie's Morgrem,945.9
Marnie's Grimmsnarl / Marnie's Morgrem,945.9,Marnie's Grimmsnarl / Marnie's Morgrem,1022.6
Marnie's Grimmsnarl / Marnie's Morgrem,1002.9,Kangaskhan / Cornerstone Mask Ogerpon,1084.1
Venusaur / Kangaskhan,998.3,Kangaskhan / Cornerstone Mask Ogerpon,824.9
Marnie's Grimmsnarl / Marnie's Morgrem,1026.1,Fezandipiti / Alakazam,941.6
Marnie's Grimmsnarl / Marnie's Morgrem,1099.5,Lopunny / Dudunsparce,954.6
Fezandipiti / Alakazam,1037.9,Fezandipiti / Alakazam,994.9
Dragapult / Meowth,870.9,Marnie's Grimmsnarl / Marnie's Morgrem,1134.4
Marnie's Grimmsnarl / Marnie's Morgrem,1055.1,Kangaskhan / Cornerstone Mask Ogerpon,918.9
Dragapult / Meowth,870.9,Marnie's Grimmsnarl / Marnie's Morgrem,1040.4
Marnie's Grimmsnarl / Marnie's Morgrem,1111.6,Marnie's Grimmsnarl / Marnie's Morgrem,554.2
Teal Mask Ogerpon / Tapu Bulu,1056.8,Marnie's Grimmsnarl / Marnie's Morgrem,1189.4
Lopunny / Froslass,913.0,Fezandipiti / Rillaboom,941.6
Hydrapple / Teal Mask Ogerpon,1166.1,Marnie's Grimmsnarl / Marnie's Morgrem,1039.0
Kangaskhan / Crustle,750.4,Thwackey / Dipplin,959.6
Kangaskhan / Crustle,924.1,Marnie's Grimmsnarl / Marnie's Morgrem,958.1
Marnie's Grimmsnarl / Marnie's Morgrem,1002.9,Marnie's Grimmsnarl / Marnie's Morgrem,945.9
Marnie's Grimmsnarl / Marnie's Morgrem,958.1,Lopunny / Dudunsparce,954.6
Marnie's Grimmsnarl / Marnie's Morgrem,945.9,Marnie's Grimmsnarl / Marnie's Morgrem,1037.2
Lopunny / Dudunsparce,1054.9,Kangaskhan / Cornerstone Mask Ogerpon,824.9
Marnie's Grimmsnarl / Marnie's Morgrem,1039.0,Marnie's Grimmsnarl / Marnie's Morgrem,1099.5
Dragapult / Meowth,870.9,Thwackey / Dipplin,1075.3
Lopunny / Froslass,922.9,Marnie's Grimmsnarl / Marnie's Morgrem,975.5
Kangaskhan / Cornerstone Mask Ogerpon,157.9,Dragapult / Meowth,870.9
Marnie's Grimmsnarl / Marnie's Morgrem,1099.5,Marnie's Grimmsnarl / Marnie's Morgrem,1111.6
Fezandipiti / Alakazam,694.0,Teal Mask Ogerpon / Tapu Bulu,1056.8
Meganium / Hydrapple,554.2,Teal Mask Ogerpon / Hero’s Cape,1008.0
Marnie's Grimmsnarl / Marnie's Morgrem,981.3,Marnie's Grimmsnarl / Marnie's Morgrem,1002.9
Kangaskhan / Cornerstone Mask Ogerpon,157.9,Dragapult / Meowth,959.6
Thwackey / Dipplin,959.6,N’s Zoroark / N’s Zorua,891.8
Fezandipiti / Alakazam,1013.1,Fezandipiti / Alakazam,600.0
Dragapult / Meowth,1104.0,Kangaskhan / Crustle,924.1
Teal Mask Ogerpon / Hero’s Cape,1025.5,Marnie's Grimmsnarl / Marnie's Morgrem,600.0
Lopunny / Froslass,827.5,Marnie's Grimmsnarl / Marnie's Morgrem,1002.9
Fezandipiti / Alakazam,911.6,Lopunny / Dudunsparce,954.6
Fezandipiti / Alakazam,600.0,Marnie's Grimmsnarl / Marnie's Morgrem,945.9
Marnie's Grimmsnarl / Marnie's Morgrem,1026.1,Fezandipiti / Alakazam,1053.9
Marnie's Grimmsnarl / Marnie's Morgrem,997.8,Fezandipiti / Alakazam,1037.9
Marnie's Grimmsnarl / Marnie's Morgrem,1055.1,Fezandipiti / Alakazam,1044.7
Dragapult / Meowth,870.9,Marnie's Grimmsnarl / Marnie's Morgrem,1066.9
Marnie's Grimmsnarl / Marnie's Morgrem,1111.6,Marnie's Grimmsnarl / Marnie's Morgrem,1134.4
Marnie's Grimmsnarl / Marnie's Morgrem,732.5,Fezandipiti / Alakazam,1120.8
Fezandipiti / Alakazam,884.0,Meganium / Hydrapple,554.2
Teal Mask Ogerpon / Tapu Bulu,1056.8,Lopunny / Froslass,600.0
Dragapult / Meowth,1054.7,Lopunny / Froslass,913.0
Fezandipiti / Alakazam,600.0,Marnie's Grimmsnarl / Marnie's Morgrem,983.8
Thwackey / Dipplin,1075.3,Alakazam / Kadabra,856.5
Fezandipiti / Alakazam,1012.8,Marnie's Grimmsnarl / Marnie's Morgrem,1014.7
Marnie's Grimmsnarl / Marnie's Morgrem,945.9,Lucario / Hariyama,857.5
Lopunny / Dudunsparce,1029.4,Marnie's Grimmsnarl / Marnie's Morgrem,1023.0
Dragapult / Meowth,959.6,Marnie's Grimmsnarl / Marnie's Morgrem,1005.8
Marnie's Grimmsnarl / Marnie's Morgrem,1046.9,Kangaskhan / Crustle,924.1
Thwackey / Dipplin,959.6,Thwackey / Dipplin,929.6
Marnie's Grimmsnarl / Marnie's Morgrem,1134.4,Marnie's Grimmsnarl / Marnie's Morgrem,1026.1
Marnie's Grimmsnarl / Marnie's Morgrem,945.9,Marnie's Grimmsnarl / Marnie's Morgrem,932.0
Dragapult / Meowth,870.9,Fezandipiti / Alakazam,1034.0
Teal Mask Ogerpon / Tapu Bulu,1056.8,Kangaskhan / Crustle,750.4
Marnie's Grimmsnarl / Marnie's Morgrem,1036.7,Marnie's Grimmsnarl / Marnie's Morgrem,1111.6
Marnie's Grimmsnarl / Marnie's Morgrem,1027.6,Fezandipiti / Alakazam,1037.9
Marnie's Grimmsnarl / Marnie's Morgrem,1055.1,Marnie's Grimmsnarl / Marnie's Morgrem,1015.3
Dragapult / Meowth,870.9,Kangaskhan / Cornerstone Mask Ogerpon,157.9
Hydrapple / Teal Mask Ogerpon,920.9,Marnie's Grimmsnarl / Marnie's Morgrem,1099.5
Marnie's Grimmsnarl / Marnie's Morgrem,600.0,Meganium / Hydrapple,554.2
Lucario / Hariyama,1110.2,Marnie's Grimmsnarl / Marnie's Morgrem,1002.4
Cynthia's Garchomp / Cynthia's Gabite,961.0,Lopunny / Froslass,827.5
Marnie's Grimmsnarl / Marnie's Morgrem,1025.2,Marnie's Grimmsnarl / Marnie's Morgrem,931.0
Kangaskhan / Cornerstone Mask Ogerpon,1081.7,Marnie's Grimmsnarl / Marnie's Morgrem,875.0
Lucario / Hariyama,857.5,Kangaskhan / Cornerstone Mask Ogerpon,1081.7
Thwackey / Dipplin,959.6,Marnie's Grimmsnarl / Marnie's Morgrem,1037.2
Lopunny / Dudunsparce,946.8,Kangaskhan / Crustle,924.1
Marnie's Grimmsnarl / Marnie's Morgrem,600.0,Marnie's Grimmsnarl / Marnie's Morgrem,912.7
Marnie's Grimmsnarl / Marnie's Morgrem,1002.9,Dragapult / Meowth,967.4
Fezandipiti / Alakazam,884.0,Kangaskhan / Cornerstone Mask Ogerpon,824.9
Hydrapple / Teal Mask Ogerpon,920.9,Marnie's Grimmsnarl / Marnie's Morgrem,1026.1
Marnie's Grimmsnarl / Marnie's Morgrem,945.9,Lopunny / Froslass,997.9
Marnie's Grimmsnarl / Marnie's Morgrem,1136.8,Dragapult / Meowth,870.9
Kangaskhan / Crustle,1019.6,Dragapult / Meowth,913.8
Marnie's Grimmsnarl / Marnie's Morgrem,1015.3,Marnie's Grimmsnarl / Marnie's Morgrem,1099.5
Marnie's Grimmsnarl / Marnie's Morgrem,1055.1,Arboliva / Teal Mask Ogerpon,1013.7
Dragapult / Meowth,870.9,Marnie's Grimmsnarl / Marnie's Morgrem,1036.7
Kangaskhan / Cornerstone Mask Ogerpon,157.9,Marnie's Grimmsnarl / Marnie's Morgrem,1111.6
Fezandipiti / Alakazam,951.1,Teal Mask Ogerpon / Tapu Bulu,1056.8
Ethan's Typhlosion / Ethan's Quilava,783.7,Meganium / Hydrapple,554.2
Lopunny / Froslass,1084.1,Marnie's Grimmsnarl / Marnie's Morgrem,1111.6
Cynthia's Garchomp / Cynthia's Gabite,961.0,Lopunny / Dudunsparce,1105.3
Fezandipiti / Alakazam,924.1,Fezandipiti / Alakazam,884.0
Kangaskhan / Crustle,978.3,Thwackey / Dipplin,959.6
Marnie's Grimmsnarl / Marnie's Morgrem,1074.1,Dragapult / Meowth,959.6
Marnie's Grimmsnarl / Marnie's Morgrem,968.2,Marnie's Grimmsnarl / Marnie's Morgrem,945.9
Marnie's Grimmsnarl / Marnie's Morgrem,600.0,Marnie's Grimmsnarl / Marnie's Morgrem,878.7
Marnie's Grimmsnarl / Marnie's Morgrem,1111.6,Marnie's Grimmsnarl / Marnie's Morgrem,1002.9
Marnie's Grimmsnarl / Marnie's Morgrem,945.9,Marnie's Grimmsnarl / Marnie's Morgrem,971.7
Dragapult / Meowth,870.9,Kangaskhan / Teal Mask Ogerpon,1169.7
Teal Mask Ogerpon / Hero’s Cape,1008.0,Marnie's Grimmsnarl / Marnie's Morgrem,1099.5
Lopunny / Froslass,1054.9,Marnie's Grimmsnarl / Marnie's Morgrem,1055.1
Dragapult / Meowth,870.9,Marnie's Grimmsnarl / Marnie's Morgrem,1134.4
Teal Mask Ogerpon / Tapu Bulu,1056.8,Marnie's Grimmsnarl / Marnie's Morgrem,1002.4
Marnie's Grimmsnarl / Marnie's Morgrem,1111.6,Lopunny / Froslass,1185.1
Meganium / Hydrapple,554.2,Teal Mask Ogerpon / Hero’s Cape,1008.0
Fezandipiti / Alakazam,1120.8,Marnie's Grimmsnarl / Marnie's Morgrem,931.0
Marnie's Grimmsnarl / Marnie's Morgrem,968.2,Marnie's Grimmsnarl / Marnie's Morgrem,1015.3
Marnie's Grimmsnarl / Marnie's Morgrem,1040.4,Cynthia's Garchomp / Cynthia's Gabite,961.0
Fezandipiti / Alakazam,1035.4,Thwackey / Dipplin,959.6
Dragapult / Meowth,959.6,Teal Mask Ogerpon / Hero’s Cape,1008.0
Teal Mask Ogerpon / Tapu Bulu,1056.8,Marnie's Grimmsnarl / Marnie's Morgrem,600.0
Fezandipiti / Alakazam,884.0,Lopunny / Dudunsparce,954.6
Kangaskhan / Teal Mask Ogerpon,918.6,Marnie's Grimmsnarl / Marnie's Morgrem,1026.1
Teal Mask Ogerpon / Tapu Bulu,1056.8,Marnie's Grimmsnarl / Marnie's Morgrem,945.9
Dragapult / Meowth,870.9,Kangaskhan / Teal Mask Ogerpon,1169.7
Marnie's Grimmsnarl / Marnie's Morgrem,1099.5,Marnie's Grimmsnarl / Marnie's Morgrem,1066.9
Dragapult / Meowth,870.9,Hydrapple / Teal Mask Ogerpon,920.9
Dragapult / Meowth,881.6,Marnie's Grimmsnarl / Marnie's Morgrem,1055.1
Teal Mask Ogerpon / Tapu Bulu,1056.8,Kangaskhan / Cornerstone Mask Ogerpon,157.9
Marnie's Grimmsnarl / Marnie's Morgrem,1111.6,Ethan's Typhlosion / Ethan's Quilava,783.7
Dragapult / Dudunsparce,1040.5,Cynthia's Garchomp / Cynthia's Gabite,1082.7
Marnie's Grimmsnarl / Marnie's Morgrem,1051.2,Marnie's Grimmsnarl / Marnie's Morgrem,968.2
Marnie's Grimmsnarl / Marnie's Morgrem,1022.6,Lucario / Hariyama,857.5
Lopunny / Froslass,913.0,Fezandipiti / Alakazam,884.0
Marnie's Grimmsnarl / Marnie's Morgrem,1074.1,Dragapult / Meowth,959.6
Kangaskhan / Crustle,924.1,Marnie's Grimmsnarl / Marnie's Morgrem,927.4
Marnie's Grimmsnarl / Marnie's Morgrem,600.0,Cynthia's Garchomp / Cynthia's Gabite,961.0
Thwackey / Dipplin,959.6,Lopunny / Dudunsparce,954.6
Marnie's Grimmsnarl / Marnie's Morgrem,1026.1,Marnie's Grimmsnarl / Marnie's Morgrem,945.9
Marnie's Grimmsnarl / Marnie's Morgrem,945.9,Ethan's Typhlosion / Ethan's Quilava,783.7
Lopunny / Froslass,1063.2,Dragapult / Meowth,870.9
Hydrapple / Teal Mask Ogerpon,1136.8,Marnie's Grimmsnarl / Marnie's Morgrem,1099.5
Dragapult / Meowth,870.9,Fezandipiti / Alakazam,694.0
Marnie's Grimmsnarl / Marnie's Morgrem,1055.1,Lopunny / Froslass,1088.1
Marnie's Grimmsnarl / Marnie's Morgrem,1111.6,Lopunny / Lillie’s Clefairy,801.5
Fezandipiti / Alakazam,1017.2,Cynthia's Garchomp / Cynthia's Gabite,1082.7
Fezandipiti / Alakazam,842.7,Lopunny / Froslass,600.0
Fezandipiti / Alakazam,884.0,Fezandipiti / Alakazam,989.2
Marnie's Grimmsnarl / Marnie's Morgrem,895.7,Alakazam / Kadabra,1056.8
Dragapult / Meowth,959.6,Marnie's Grimmsnarl / Marnie's Morgrem,931.0
Marnie's Grimmsnarl / Marnie's Morgrem,1002.4,Fezandipiti / Alakazam,600.0
Thwackey / Dipplin,959.6,Lopunny / Dudunsparce,1032.3
Marnie's Grimmsnarl / Marnie's Morgrem,959.2,Marnie's Grimmsnarl / Marnie's Morgrem,600.0
Lopunny / Dudunsparce,933.5,Kangaskhan / Crustle,924.1
Marnie's Grimmsnarl / Marnie's Morgrem,1051.2,Lopunny / Dudunsparce,954.6
Marnie's Grimmsnarl / Marnie's Morgrem,968.2,Lopunny / Dudunsparce,1029.4
Lopunny / Dudunsparce,933.5,Marnie's Grimmsnarl / Marnie's Morgrem,945.9
Marnie's Grimmsnarl / Marnie's Morgrem,1089.9,Marnie's Grimmsnarl / Marnie's Morgrem,1026.1
Dragapult / Meowth,870.9,Hydrapple / Teal Mask Ogerpon,1166.1
Dragapult / Meowth,870.9,Dragapult / Meowth,1054.7
Lopunny / Froslass,1078.2,Marnie's Grimmsnarl / Marnie's Morgrem,968.2
Marnie's Grimmsnarl / Marnie's Morgrem,895.7,Kangaskhan / Teal Mask Ogerpon,918.6
Dragapult / Meowth,959.6,Marnie's Grimmsnarl / Marnie's Morgrem,1002.4
Fezandipiti / Alakazam,884.0,Marnie's Grimmsnarl / Marnie's Morgrem,960.7
Lopunny / Froslass,1088.1,Fezandipiti / Alakazam,600.0
Thwackey / Dipplin,959.6,Hydrapple / Teal Mask Ogerpon,1166.1
Fezandipiti / Alakazam,600.0,Kangaskhan / Crustle,924.1
Meganium / Hydrapple,554.2,Marnie's Grimmsnarl / Marnie's Morgrem,600.0
Teal Mask Ogerpon / Hero’s Cape,1025.5,Marnie's Grimmsnarl / Marnie's Morgrem,1002.9
Marnie's Grimmsnarl / Marnie's Morgrem,1026.1,Marnie's Grimmsnarl / Marnie's Morgrem,1005.8
Lopunny / Teal Mask Ogerpon,974.8,Marnie's Grimmsnarl / Marnie's Morgrem,945.9
Dragapult / Meowth,870.9,Hydrapple / Teal Mask Ogerpon,1166.1
Lopunny / Froslass,879.9,Marnie's Grimmsnarl / Marnie's Morgrem,1099.5
Kangaskhan / Crustle,1063.2,Dragapult / Meowth,870.9
Marnie's Grimmsnarl / Marnie's Morgrem,1055.1,Marnie's Grimmsnarl / Marnie's Morgrem,1022.6
Marnie's Grimmsnarl / Marnie's Morgrem,965.0,Dragapult / Meowth,967.4
Lopunny / Froslass,963.8,Lopunny / Lillie’s Clefairy,801.5
Marnie's Grimmsnarl / Marnie's Morgrem,968.2,Marnie's Grimmsnarl / Marnie's Morgrem,959.2
Marnie's Grimmsnarl / Marnie's Morgrem,895.7,Dragapult / Meowth,967.4
Lucario / Hariyama,857.5,Teal Mask Ogerpon / Hero’s Cape,923.9
Dragapult / Meowth,959.6,Dragapult / Meowth,881.6
Fezandipiti / Alakazam,884.0,Teal Mask Ogerpon / Tapu Bulu,973.3
Thwackey / Dipplin,959.6,Lopunny / Froslass,1020.4
Fezandipiti / Alakazam,600.0,Kangaskhan / Crustle,978.3
Lopunny / Teal Mask Ogerpon,999.2,Kangaskhan / Crustle,924.1
Marnie's Grimmsnarl / Marnie's Morgrem,600.0,Lopunny / Lillie’s Clefairy,801.5
Marnie's Grimmsnarl / Marnie's Morgrem,1002.9,Venusaur / Kangaskhan,998.3
Marnie's Grimmsnarl / Marnie's Morgrem,1026.1,Fezandipiti / Alakazam,1017.2
Marnie's Grimmsnarl / Marnie's Morgrem,945.9,Lucario / Dudunsparce,987.1
Dragapult / Meowth,870.9,Lopunny / Dudunsparce,913.4
Lopunny / Froslass,963.8,Marnie's Grimmsnarl / Marnie's Morgrem,1055.1
Lucario / Hariyama,1110.2,Lopunny / Froslass,922.9
Marnie's Grimmsnarl / Marnie's Morgrem,961.1,Lopunny / Dudunsparce,1032.3
Marnie's Grimmsnarl / Marnie's Morgrem,1027.6,Marnie's Grimmsnarl / Marnie's Morgrem,895.7
Marnie's Grimmsnarl / Marnie's Morgrem,968.2,Marnie's Grimmsnarl / Marnie's Morgrem,910.0
Lucario / Hariyama,857.5,Marnie's Grimmsnarl / Marnie's Morgrem,975.5
Kangaskhan / Cornerstone Mask Ogerpon,1081.7,Thwackey / Dipplin,959.6
Lopunny / Froslass,920.9,Marnie's Grimmsnarl / Marnie's Morgrem,1002.9
Dragapult / Meowth,1054.7,Marnie's Grimmsnarl / Marnie's Morgrem,1055.1
Dragapult / Meowth,870.9,Lopunny / Froslass,1117.5
Lopunny / Teal Mask Ogerpon,999.2,Fezandipiti / Alakazam,1037.9
Hydrapple / Teal Mask Ogerpon,1166.1,Dragapult / Meowth,959.6
Fezandipiti / Alakazam,600.0,Marnie's Grimmsnarl / Marnie's Morgrem,929.1
Lopunny / Froslass,997.9,Marnie's Grimmsnarl / Marnie's Morgrem,600.0
Hydrapple / Teal Mask Ogerpon,920.9,Marnie's Grimmsnarl / Marnie's Morgrem,945.9
Kangaskhan / Crustle,1019.6,Marnie's Grimmsnarl / Marnie's Morgrem,968.2
Lopunny / Teal Mask Ogerpon,929.4,Marnie's Grimmsnarl / Marnie's Morgrem,895.7
Kangaskhan / Teal Mask Ogerpon,918.6,Lucario / Hariyama,857.5
Fezandipiti / Alakazam,884.0,Kangaskhan / Crustle,961.3
Dragapult / Meowth,967.4,Lopunny / Froslass,1185.1
Thwackey / Dipplin,959.6,Kangaskhan / Teal Mask Ogerpon,918.6
Lopunny / Teal Mask Ogerpon,999.2,Marnie's Grimmsnarl / Marnie's Morgrem,895.4
Thwackey / Dipplin,1075.3,Lopunny / Dudunsparce,954.6
Marnie's Grimmsnarl / Marnie's Morgrem,1026.1,Fezandipiti / Alakazam,975.9
Marnie's Grimmsnarl / Marnie's Morgrem,1099.5,Kangaskhan / Teal Mask Ogerpon,918.6
Marnie's Grimmsnarl / Marnie's Morgrem,967.8,Marnie's Grimmsnarl / Marnie's Morgrem,1055.1
Lopunny / Froslass,967.2,Fezandipiti / Thwackey,954.3
Kangaskhan / Latias,1162.5,Marnie's Grimmsnarl / Marnie's Morgrem,968.2
Dragapult / Meowth,959.6,Lopunny / Lillie’s Clefairy,801.5
Lucario / Hariyama,857.5,Lucario / Hariyama,1117.5
Thwackey / Dipplin,959.6,Lucario / Hariyama,1099.5
Marnie's Grimmsnarl / Marnie's Morgrem,1051.2,Lopunny / Froslass,1185.1
Marnie's Grimmsnarl / Marnie's Morgrem,1066.9,Kangaskhan / Crustle,924.1
Marnie's Grimmsnarl / Marnie's Morgrem,895.4,Marnie's Grimmsnarl / Marnie's Morgrem,971.7
Marnie's Grimmsnarl / Marnie's Morgrem,1002.9,Lopunny / Lillie’s Clefairy,801.5
Arboliva / Teal Mask Ogerpon,1013.7,Lopunny / Dudunsparce,954.6
Marnie's Grimmsnarl / Marnie's Morgrem,1026.1,Marnie's Grimmsnarl / Marnie's Morgrem,1002.4
Kangaskhan / Crustle,978.3,Teal Mask Ogerpon / Hero’s Cape,1035.5
Hydrapple / Teal Mask Ogerpon,920.9,Teal Mask Ogerpon / Tapu Bulu,1056.8
Alakazam / Kadabra,312.9,Marnie's Grimmsnarl / Marnie's Morgrem,959.2
Venusaur / Teal Mask Ogerpon,739.9,Marnie's Grimmsnarl / Marnie's Morgrem,966.5
Fezandipiti / Alakazam,1006.4,Lopunny / Dudunsparce,1054.9
Kangaskhan / Cornerstone Mask Ogerpon,157.9,Marnie's Grimmsnarl / Marnie's Morgrem,968.2
Marnie's Grimmsnarl / Marnie's Morgrem,974.1,Kangaskhan / Crustle,750.4
Marnie's Grimmsnarl / Marnie's Morgrem,1046.9,Lucario / Hariyama,857.5
Dragapult / Meowth,959.6,Fezandipiti / Alakazam,1061.7
Marnie's Grimmsnarl / Marnie's Morgrem,895.4,Fezandipiti / Alakazam,1120.8
Lopunny / Froslass,1084.1,Marnie's Grimmsnarl / Marnie's Morgrem,1026.1
Kangaskhan / Cornerstone Mask Ogerpon,1084.1,Marnie's Grimmsnarl / Marnie's Morgrem,945.9
Marnie's Grimmsnarl / Marnie's Morgrem,968.2,Marnie's Grimmsnarl / Marnie's Morgrem,1099.5
Lucario / Hariyama,1099.5,Thwackey / Dipplin,959.6
Fezandipiti / Alakazam,694.0,Fezandipiti / Alakazam,1037.9
Lopunny / Froslass,963.8,Alakazam / Kadabra,312.9
Venusaur / Teal Mask Ogerpon,739.9,Kangaskhan / Latias,1081.7
Fezandipiti / Alakazam,1006.4,Cynthia's Garchomp / Cynthia's Gabite,969.6
Fezandipiti / Alakazam,884.0,Kangaskhan / Crustle,1066.9
Dragapult / Meowth,959.6,Marnie's Grimmsnarl / Marnie's Morgrem,1002.9
Fezandipiti / Alakazam,975.9,Lucario / Hariyama,857.5
Kangaskhan / Latias,1162.5,Thwackey / Dipplin,959.6
Marnie's Grimmsnarl / Marnie's Morgrem,1015.3,Fezandipiti / Alakazam,600.0
Kangaskhan / Crustle,924.1,Fezandipiti / Alakazam,941.6
Marnie's Grimmsnarl / Marnie's Morgrem,1039.0,Marnie's Grimmsnarl / Marnie's Morgrem,1002.9
Marnie's Grimmsnarl / Marnie's Morgrem,1026.1,Marnie's Grimmsnarl / Marnie's Morgrem,1027.6
Marnie's Grimmsnarl / Marnie's Morgrem,945.9,Marnie's Grimmsnarl / Marnie's Morgrem,971.7
Lopunny / Teal Mask Ogerpon,999.2,Alakazam / Kadabra,312.9
Venusaur / Teal Mask Ogerpon,739.9,Fezandipiti / Alakazam,1052.1
Lopunny / Froslass,879.9,Marnie's Grimmsnarl / Marnie's Morgrem,968.2
Lopunny / Dudunsparce,933.5,Marnie's Grimmsnarl / Marnie's Morgrem,895.7
Cynthia's Garchomp / Cynthia's Gabite,1082.7,Kangaskhan / Teal Mask Ogerpon,918.6
Fezandipiti / Alakazam,941.6,Fezandipiti / Alakazam,884.0
Marnie's Grimmsnarl / Marnie's Morgrem,1136.8,Dragapult / Meowth,959.6
Thwackey / Dipplin,959.6,Dragapult / Meowth,967.4
Fezandipiti / Alakazam,600.0,Lopunny / Dudunsparce,933.5
Kangaskhan / Cornerstone Mask Ogerpon,993.4,Marnie's Grimmsnarl / Marnie's Morgrem,895.4
Marnie's Grimmsnarl / Marnie's Morgrem,1002.9,Marnie's Grimmsnarl / Marnie's Morgrem,1035.4
Marnie's Grimmsnarl / Marnie's Morgrem,1026.1,Lopunny / Froslass,827.5
Fezandipiti / Alakazam,989.2,Marnie's Grimmsnarl / Marnie's Morgrem,945.9
Lucario / Hariyama,1203.5,Kangaskhan / Latias,1162.5
Marnie's Grimmsnarl / Marnie's Morgrem,600.0,Team Rocket's Mewtwo / Team Rocket's Spidops,1004.4
Venusaur / Teal Mask Ogerpon,739.9,Fezandipiti / Alakazam,694.0
Marnie's Grimmsnarl / Marnie's Morgrem,895.7,Lopunny / Dudunsparce,933.5
Marnie's Grimmsnarl / Marnie's Morgrem,968.2,Marnie's Grimmsnarl / Marnie's Morgrem,1051.2
Marnie's Grimmsnarl / Marnie's Morgrem,974.1,Kangaskhan / Crustle,981.5
Fezandipiti / Alakazam,941.6,Fezandipiti / Alakazam,884.0
Lucario / Hariyama,857.5,Lopunny / Froslass,885.4
Fezandipiti / Alakazam,694.0,Thwackey / Dipplin,959.6
Marnie's Grimmsnarl / Marnie's Morgrem,1002.9,Fezandipiti / Alakazam,933.7
Cynthia's Garchomp / Cynthia's Gabite,1082.7,Marnie's Grimmsnarl / Marnie's Morgrem,1026.1
Teal Mask Ogerpon / Hero’s Cape,1025.5,Marnie's Grimmsnarl / Marnie's Morgrem,945.9
Marnie's Grimmsnarl / Marnie's Morgrem,931.0,Marnie's Grimmsnarl / Marnie's Morgrem,1111.6
Fezandipiti / Alakazam,948.8,Lopunny / Froslass,997.9
Kangaskhan / Cornerstone Mask Ogerpon,972.0,Marnie's Grimmsnarl / Marnie's Morgrem,1002.9
Kangaskhan / Crustle,1063.2,Venusaur / Teal Mask Ogerpon,739.9
Marnie's Grimmsnarl / Marnie's Morgrem,974.1,Kangaskhan / Cornerstone Mask Ogerpon,1081.7
Fezandipiti / Alakazam,991.9,Dragapult / Meowth,959.6
Lucario / Hariyama,857.5,Crustle / Dwebble,950.2
Fezandipiti / Alakazam,884.0,Fezandipiti / Alakazam,941.6
Team Rocket's Mewtwo / Team Rocket's Spidops,984.9,Marnie's Grimmsnarl / Marnie's Morgrem,1026.1
Marnie's Grimmsnarl / Marnie's Morgrem,945.9,Fezandipiti / Alakazam,1061.7
Marnie's Grimmsnarl / Marnie's Morgrem,975.5,Marnie's Grimmsnarl / Marnie's Morgrem,1002.9
Marnie's Grimmsnarl / Marnie's Morgrem,988.6,Marnie's Grimmsnarl / Marnie's Morgrem,968.2
Kangaskhan / Cornerstone Mask Ogerpon,972.0,Lucario / Hariyama,1110.2
Marnie's Grimmsnarl / Marnie's Morgrem,600.0,Hydrapple / Teal Mask Ogerpon,1136.8
Venusaur / Teal Mask Ogerpon,739.9,Marnie's Grimmsnarl / Marnie's Morgrem,1002.9
Fezandipiti / Alakazam,924.1,Marnie's Grimmsnarl / Marnie's Morgrem,974.1
Marnie's Grimmsnarl / Marnie's Morgrem,1099.5,Thwackey / Dipplin,1051.0
Dragapult / Meowth,959.6,Kangaskhan / Crustle,992.2
Marnie's Grimmsnarl / Marnie's Morgrem,949.0,Fezandipiti / Alakazam,884.0
Lucario / Hariyama,857.5,Fezandipiti / Alakazam,1053.9
Fezandipiti / Alakazam,600.0,Marnie's Grimmsnarl / Marnie's Morgrem,1040.4
Lopunny / Froslass,967.2,Kangaskhan / Cornerstone Mask Ogerpon,972.0
Dragapult / Blaziken,881.6,Marnie's Grimmsnarl / Marnie's Morgrem,600.0
Fezandipiti / Alakazam,1061.7,Venusaur / Teal Mask Ogerpon,739.9
Marnie's Grimmsnarl / Marnie's Morgrem,974.1,Marnie's Grimmsnarl / Marnie's Morgrem,975.5
Thwackey / Dipplin,1051.0,Marnie's Grimmsnarl / Marnie's Morgrem,988.6
Lucario / Hariyama,857.5,Marnie's Grimmsnarl / Marnie's Morgrem,983.8
Fezandipiti / Alakazam,884.0,Lopunny / Dudunsparce,946.8
Lopunny / Froslass,1049.2,Kangaskhan / Crustle,924.1
Fezandipiti / Alakazam,969.0,Fezandipiti / Thwackey,954.3
Marnie's Grimmsnarl / Marnie's Morgrem,1039.5,Lopunny / Froslass,913.0
Marnie's Grimmsnarl / Marnie's Morgrem,600.0,Lopunny / Dudunsparce,913.4
Marnie's Grimmsnarl / Marnie's Morgrem,949.3,Kangaskhan / Crustle,961.3
Venusaur / Teal Mask Ogerpon,739.9,Kangaskhan / Crustle,961.3
Lopunny / Teal Mask Ogerpon,999.2,Marnie's Grimmsnarl / Marnie's Morgrem,968.2
Marnie's Grimmsnarl / Marnie's Morgrem,895.7,Marnie's Grimmsnarl / Marnie's Morgrem,889.9
Marnie's Grimmsnarl / Marnie's Morgrem,988.6,Lopunny / Froslass,1049.2
Dragapult / Blaziken,881.6,Dragapult / Meowth,959.6
Lucario / Hariyama,857.5,Lopunny / Froslass,967.2
Fezandipiti / Alakazam,884.0,Kangaskhan / Cornerstone Mask Ogerpon,925.5
Kangaskhan / Crustle,924.1,Teal Mask Ogerpon / Ho-Oh,972.3
Dragapult / Meowth,1104.0,Marnie's Grimmsnarl / Marnie's Morgrem,973.6
Lopunny / Teal Mask Ogerpon,999.2,Meganium / Hydrapple,554.2
Kangaskhan / Latias,1081.7,Marnie's Grimmsnarl / Marnie's Morgrem,949.3
Lopunny / Froslass,967.2,Kangaskhan / Cornerstone Mask Ogerpon,972.0
Fezandipiti / Alakazam,1044.7,Marnie's Grimmsnarl / Marnie's Morgrem,966.9
Marnie's Grimmsnarl / Marnie's Morgrem,1134.4,Marnie's Grimmsnarl / Marnie's Morgrem,600.0
Marnie's Grimmsnarl / Marnie's Morgrem,846.0,Fezandipiti / Alakazam,989.2
Fezandipiti / Alakazam,1055.1,Teal Mask Ogerpon / Hero’s Cape,1008.0
Thwackey / Dipplin,1051.0,Dragapult / Meowth,967.4
Thwackey / Dipplin,959.6,Marnie's Grimmsnarl / Marnie's Morgrem,1025.2
Fezandipiti / Alakazam,694.0,Dragapult / Meowth,959.6
Marnie's Grimmsnarl / Marnie's Morgrem,931.0,Lucario / Hariyama,857.5
Marnie's Grimmsnarl / Marnie's Morgrem,600.0,Fezandipiti / Alakazam,884.0
Fezandipiti / Alakazam,600.0,Marnie's Grimmsnarl / Marnie's Morgrem,978.8
Thwackey / Dipplin,959.6,Lopunny / Froslass,1049.2
Kangaskhan / Crustle,924.1,Lopunny / Teal Mask Ogerpon,999.2
Lopunny / Dudunsparce,933.5,Marnie's Grimmsnarl / Marnie's Morgrem,600.0
Kangaskhan / Cornerstone Mask Ogerpon,974.6,Marnie's Grimmsnarl / Marnie's Morgrem,846.0
Thwackey / Dipplin,1051.0,Marnie's Grimmsnarl / Marnie's Morgrem,960.8
Lopunny / Froslass,1049.2,Fezandipiti / Rillaboom,941.6
Lopunny / Lillie’s Clefairy,801.5,Marnie's Grimmsnarl / Marnie's Morgrem,1025.2
Marnie's Grimmsnarl / Marnie's Morgrem,1136.8,Dragapult / Meowth,959.6
Fezandipiti / Alakazam,884.0,Kangaskhan / Crustle,750.4
Thwackey / Dipplin,959.6,Cynthia's Garchomp / Cynthia's Gabite,825.5
Fezandipiti / Alakazam,1099.6,Thwackey / Dipplin,1075.3
Kangaskhan / Cornerstone Mask Ogerpon,972.0,Marnie's Grimmsnarl / Marnie's Morgrem,1011.0
Marnie's Grimmsnarl / Marnie's Morgrem,1026.1,Marnie's Grimmsnarl / Marnie's Morgrem,888.6
Marnie's Grimmsnarl / Marnie's Morgrem,846.0,Marnie's Grimmsnarl / Marnie's Morgrem,966.5
Venusaur / Teal Mask Ogerpon,739.9,Lopunny / Froslass,827.5
Marnie's Grimmsnarl / Marnie's Morgrem,968.2,Lopunny / Froslass,1185.1
Thwackey / Dipplin,1051.0,Cynthia's Garchomp / Cynthia's Gabite,874.0
Lopunny / Froslass,1049.2,Marnie's Grimmsnarl / Marnie's Morgrem,1002.9
Dragapult / Meowth,959.6,Marnie's Grimmsnarl / Marnie's Morgrem,1040.4
Fezandipiti / Alakazam,994.9,Lucario / Hariyama,857.5
Marnie's Grimmsnarl / Marnie's Morgrem,1040.4,Fezandipiti / Alakazam,600.0
Thwackey / Dipplin,959.6,Fezandipiti / Alakazam,1034.0
Lopunny / Dudunsparce,913.4,Teal Mask Ogerpon / Tapu Bulu,1056.8
Marnie's Grimmsnarl / Marnie's Morgrem,1002.9,Fezandipiti / Alakazam,969.0
Marnie's Grimmsnarl / Marnie's Morgrem,600.0,Kangaskhan / Cornerstone Mask Ogerpon,157.9
Venusaur / Teal Mask Ogerpon,739.9,Fezandipiti / Alakazam,1099.6
Thwackey / Dipplin,1051.0,Lopunny / Teal Mask Ogerpon,999.2
Dragapult / Meowth,959.6,Fezandipiti / Alakazam,694.0
Dragapult / Meowth,1104.0,Fezandipiti / Alakazam,884.0
Fezandipiti / Alakazam,600.0,Arboliva / Teal Mask Ogerpon,1013.7
Lucario / Hariyama,857.5,Kangaskhan / Crustle,750.4
Thwackey / Dipplin,959.6,Fezandipiti / Alakazam,941.6
Lopunny / Froslass,1185.1,Marnie's Grimmsnarl / Marnie's Morgrem,1039.0
Kangaskhan / Teal Mask Ogerpon,1169.7,Venusaur / Teal Mask Ogerpon,739.9
Thwackey / Dipplin,1051.0,Teal Mask Ogerpon / Hero’s Cape,1008.0
Kangaskhan / Cornerstone Mask Ogerpon,972.0,Marnie's Grimmsnarl / Marnie's Morgrem,1027.6
Teal Mask Ogerpon / Hero’s Cape,1035.5,Marnie's Grimmsnarl / Marnie's Morgrem,600.0
Marnie's Grimmsnarl / Marnie's Morgrem,895.7,Lopunny / Dudunsparce,1105.3
Dragapult / Meowth,959.6,Thwackey / Dipplin,1051.0
Marnie's Grimmsnarl / Marnie's Morgrem,968.2,Lopunny / Dudunsparce,1032.3
Fezandipiti / Alakazam,1052.1,Lopunny / Froslass,1049.2
Fezandipiti / Alakazam,1034.0,Dragapult / Meowth,959.6
Fezandipiti / Alakazam,884.0,Lopunny / Froslass,1078.2
Lucario / Hariyama,857.5,Rillaboom / Thwackey,903.3
Fezandipiti / Alakazam,600.0,Teal Mask Ogerpon / Hero’s Cape,1035.5
Marnie's Grimmsnarl / Marnie's Morgrem,977.5,Thwackey / Dipplin,959.6
Venusaur / Kangaskhan,998.3,Dragapult / Meowth,1047.2
Fezandipiti / Alakazam,694.0,Thwackey / Dipplin,1051.0
Dragapult / Meowth,1001.9,Kangaskhan / Teal Mask Ogerpon,918.6
Lopunny / Froslass,913.0,Kangaskhan / Cornerstone Mask Ogerpon,972.0
Marnie's Grimmsnarl / Marnie's Morgrem,600.0,Marnie's Grimmsnarl / Marnie's Morgrem,1089.9
Fezandipiti / Alakazam,991.9,Marnie's Grimmsnarl / Marnie's Morgrem,1009.6
Marnie's Grimmsnarl / Marnie's Morgrem,846.0,Lopunny / Teal Mask Ogerpon,974.8
Empoleon / Genesect,895.1,Lopunny / Froslass,1078.2
Lopunny / Teal Mask Ogerpon,999.2,Venusaur / Teal Mask Ogerpon,739.9
Lopunny / Froslass,1054.9,Marnie's Grimmsnarl / Marnie's Morgrem,895.7
Lopunny / Froslass,998.5,Marnie's Grimmsnarl / Marnie's Morgrem,974.1
Lucario / Hariyama,857.5,Marnie's Grimmsnarl / Marnie's Morgrem,1025.2
Fezandipiti / Alakazam,884.0,Kangaskhan / Crustle,914.9
Cynthia's Garchomp / Cynthia's Gabite,1082.7,Dragapult / Meowth,959.6
Cynthia's Garchomp / Cynthia's Gabite,1082.7,Lucario / Hariyama,857.5
Cynthia's Garchomp / Cynthia's Gabite,913.4,Fezandipiti / Alakazam,600.0
Thwackey / Dipplin,959.6,Marnie's Grimmsnarl / Marnie's Morgrem,1027.6
Hydrapple / Teal Mask Ogerpon,1136.8,Kangaskhan / Latias,1162.5
Marnie's Grimmsnarl / Marnie's Morgrem,1099.5,Marnie's Grimmsnarl / Marnie's Morgrem,898.0
Marnie's Grimmsnarl / Marnie's Morgrem,959.2,Kangaskhan / Crustle,924.1
Marnie's Grimmsnarl / Marnie's Morgrem,1037.2,Lopunny / Teal Mask Ogerpon,974.8
Kangaskhan / Cornerstone Mask Ogerpon,157.9,Marnie's Grimmsnarl / Marnie's Morgrem,959.2
Alakazam / Kadabra,825.8,Kangaskhan / Crustle,750.4
Dragapult / Meowth,959.6,Lopunny / Dudunsparce,806.6
Marnie's Grimmsnarl / Marnie's Morgrem,1035.4,Kangaskhan / Cornerstone Mask Ogerpon,972.0
Thwackey / Dipplin,1051.0,Marnie's Grimmsnarl / Marnie's Morgrem,960.8
Lopunny / Froslass,913.0,Marnie's Grimmsnarl / Marnie's Morgrem,1055.1
Marnie's Grimmsnarl / Marnie's Morgrem,974.1,Fezandipiti / Alakazam,975.9
Marnie's Grimmsnarl / Marnie's Morgrem,600.0,Marnie's Grimmsnarl / Marnie's Morgrem,1039.0
Marnie's Grimmsnarl / Marnie's Morgrem,1025.2,Lopunny / Froslass,879.9
Fezandipiti / Alakazam,1035.2,Fezandipiti / Alakazam,884.0
Dragapult / Meowth,959.6,Marnie's Grimmsnarl / Marnie's Morgrem,1027.6
Marnie's Grimmsnarl / Marnie's Morgrem,898.0,Venusaur / Teal Mask Ogerpon,739.9
Lucario / Hariyama,857.5,Lopunny / Froslass,600.0
Fezandipiti / Alakazam,600.0,Lopunny / Kangaskhan,1111.6
Lopunny / Dudunsparce,1029.4,Dragapult / Meowth,1001.9
Marnie's Grimmsnarl / Marnie's Morgrem,959.2,Thwackey / Dipplin,959.6
Marnie's Grimmsnarl / Marnie's Morgrem,1009.6,Marnie's Grimmsnarl / Marnie's Morgrem,988.6
Lopunny / Froslass,1049.2,Lopunny / Froslass,827.5
Fezandipiti / Alakazam,969.4,Teal Mask Ogerpon / Hero’s Cape,1008.0
N’s Zoroark / N’s Zorua,891.8,Marnie's Grimmsnarl / Marnie's Morgrem,945.9
Alakazam / Kadabra,825.8,Thwackey / Dipplin,1051.0
Fezandipiti / Alakazam,948.8,Alakazam / Kadabra,825.8
Meganium / Hydrapple,554.2,Dragapult / Meowth,1001.9
Kangaskhan / Cornerstone Mask Ogerpon,972.0,Lopunny / Froslass,1054.9
Fezandipiti / Alakazam,1061.7,Marnie's Grimmsnarl / Marnie's Morgrem,1009.6
Lucario / Hariyama,1099.5,Venusaur / Teal Mask Ogerpon,739.9
Empoleon / Genesect,895.1,Marnie's Grimmsnarl / Marnie's Morgrem,1015.3
Lopunny / Froslass,913.0,Kangaskhan / Crustle,1066.9
Marnie's Grimmsnarl / Marnie's Morgrem,1002.4,Marnie's Grimmsnarl / Marnie's Morgrem,968.2
Marnie's Grimmsnarl / Marnie's Morgrem,1089.9,Marnie's Grimmsnarl / Marnie's Morgrem,895.7
Marnie's Grimmsnarl / Marnie's Morgrem,978.8,Thwackey / Dipplin,1051.0
Lopunny / Froslass,1049.2,Marnie's Grimmsnarl / Marnie's Morgrem,960.8
Lopunny / Froslass,997.9,Marnie's Grimmsnarl / Marnie's Morgrem,974.1
Marnie's Grimmsnarl / Marnie's Morgrem,1025.2,Marnie's Grimmsnarl / Marnie's Morgrem,1011.0
Dragapult / Meowth,959.6,Lucario / Hariyama,1110.2
Marnie's Grimmsnarl / Marnie's Morgrem,1099.5,Lucario / Hariyama,857.5
Fezandipiti / Alakazam,1030.4,Fezandipiti / Alakazam,600.0
Marnie's Grimmsnarl / Marnie's Morgrem,1026.1,Marnie's Grimmsnarl / Marnie's Morgrem,1134.4
Marnie's Grimmsnarl / Marnie's Morgrem,1111.6,Fezandipiti / Alakazam,1061.7
Fezandipiti / Alakazam,1052.1,Kangaskhan / Cornerstone Mask Ogerpon,972.0
Marnie's Grimmsnarl / Marnie's Morgrem,600.0,Marnie's Grimmsnarl / Marnie's Morgrem,931.0
Venusaur / Teal Mask Ogerpon,739.9,Marnie's Grimmsnarl / Marnie's Morgrem,1009.6
Fezandipiti / Alakazam,994.9,Venusaur / Teal Mask Ogerpon,739.9
Lopunny / Froslass,913.0,Cornerstone Mask Ogerpon / Barbaracle,888.0
Lopunny / Froslass,963.8,Thwackey / Dipplin,1051.0
Lopunny / Froslass,1049.2,Marnie's Grimmsnarl / Marnie's Morgrem,988.6
Marnie's Grimmsnarl / Marnie's Morgrem,1025.2,Crustle / Dwebble,950.2
Dragapult / Meowth,959.6,Lopunny / Teal Mask Ogerpon,999.2
Fezandipiti / Alakazam,1017.2,Fezandipiti / Alakazam,884.0
Lucario / Hariyama,857.5,Marnie's Grimmsnarl / Marnie's Morgrem,895.7
Fezandipiti / Alakazam,1013.1,Marnie's Grimmsnarl / Marnie's Morgrem,974.1
Kangaskhan / Crustle,1063.2,Marnie's Grimmsnarl / Marnie's Morgrem,1074.1
Marnie's Grimmsnarl / Marnie's Morgrem,895.4,Marnie's Grimmsnarl / Marnie's Morgrem,1037.2
Thwackey / Dipplin,1051.0,Marnie's Grimmsnarl / Marnie's Morgrem,959.2
Lopunny / Froslass,600.0,Kangaskhan / Cornerstone Mask Ogerpon,972.0
Marnie's Grimmsnarl / Marnie's Morgrem,600.0,Lucario / Hariyama,1099.5
Venusaur / Teal Mask Ogerpon,739.9,Cynthia's Garchomp / Cynthia's Gabite,982.7
Cornerstone Mask Ogerpon / Barbaracle,888.0,Lopunny / Froslass,913.0
Thwackey / Dipplin,1051.0,Fezandipiti / Alakazam,994.9
Marnie's Grimmsnarl / Marnie's Morgrem,1025.2,Fezandipiti / Alakazam,1061.7
Dragapult / Meowth,1104.0,Dragapult / Meowth,959.6
Kangaskhan / Teal Mask Ogerpon,1169.7,Marnie's Grimmsnarl / Marnie's Morgrem,1039.0
Hydrapple / Teal Mask Ogerpon,920.9,Thwackey / Dipplin,1051.0
Dragapult / Meowth,1001.9,Marnie's Grimmsnarl / Marnie's Morgrem,1039.0
Kangaskhan / Cornerstone Mask Ogerpon,157.9,Marnie's Grimmsnarl / Marnie's Morgrem,600.0
Empoleon / Genesect,895.1,Fezandipiti / Alakazam,1034.0
Fezandipiti / Alakazam,1055.1,Lopunny / Dudunsparce,1105.3
Marnie's Grimmsnarl / Marnie's Morgrem,975.5,Lopunny / Froslass,913.0
Lopunny / Froslass,1049.2,Fezandipiti / Alakazam,950.8
Marnie's Grimmsnarl / Marnie's Morgrem,895.7,Lopunny / Froslass,1020.4
Marnie's Grimmsnarl / Marnie's Morgrem,1025.2,Marnie's Grimmsnarl / Marnie's Morgrem,981.3
Marnie's Grimmsnarl / Marnie's Morgrem,1189.4,Dragapult / Meowth,959.6
Marnie's Grimmsnarl / Marnie's Morgrem,1074.1,Fezandipiti / Alakazam,941.6
Lucario / Hariyama,857.5,Fezandipiti / Alakazam,991.9
Fezandipiti / Alakazam,884.0,Lucario / Hariyama,1185.1
Kangaskhan / Crustle,978.3,Lopunny / Froslass,1049.2
Lucario / Hariyama,857.5,Marnie's Grimmsnarl / Marnie's Morgrem,846.0
Thwackey / Dipplin,1051.0,Cynthia's Garchomp / Cynthia's Gabite,1082.7
Dragapult / Meowth,1001.9,Teal Mask Ogerpon / Hero’s Cape,1025.5
Venusaur / Teal Mask Ogerpon,739.9,Teal Mask Ogerpon / Ho-Oh,972.3
Fezandipiti / Alakazam,1055.1,Fezandipiti / Alakazam,884.0
Marnie's Grimmsnarl / Marnie's Morgrem,940.5,Empoleon / Genesect,895.1
Marnie's Grimmsnarl / Marnie's Morgrem,983.8,Marnie's Grimmsnarl / Marnie's Morgrem,895.7
Marnie's Grimmsnarl / Marnie's Morgrem,1066.9,Marnie's Grimmsnarl / Marnie's Morgrem,1025.2
Marnie's Grimmsnarl / Marnie's Morgrem,1134.4,Fezandipiti / Alakazam,991.9
Lopunny / Teal Mask Ogerpon,974.8,Fezandipiti / Alakazam,1055.1
Marnie's Grimmsnarl / Marnie's Morgrem,1074.1,Lucario / Hariyama,857.5
Thwackey / Dipplin,1051.0,Marnie's Grimmsnarl / Marnie's Morgrem,959.2
Fezandipiti / Alakazam,1035.4,Dragapult / Meowth,1001.9
Hydrapple / Teal Mask Ogerpon,1166.1,Marnie's Grimmsnarl / Marnie's Morgrem,600.0
Kangaskhan / Cornerstone Mask Ogerpon,972.0,Marnie's Grimmsnarl / Marnie's Morgrem,732.5
Fezandipiti / Alakazam,1006.4,Teal Mask Ogerpon / Hero’s Cape,631.9
Fezandipiti / Alakazam,1055.1,Fezandipiti / Alakazam,1035.2
Teal Mask Ogerpon / Hero’s Cape,1025.5,Venusaur / Teal Mask Ogerpon,739.9
Teal Mask Ogerpon / Hero’s Cape,1035.5,Dragapult / Meowth,1006.7
Lopunny / Froslass,913.0,Marnie's Grimmsnarl / Marnie's Morgrem,988.6
Fezandipiti / Alakazam,1055.1,Thwackey / Dipplin,1051.0
Lopunny / Froslass,1049.2,Kangaskhan / Crustle,750.4
Marnie's Grimmsnarl / Marnie's Morgrem,1078.0,Marnie's Grimmsnarl / Marnie's Morgrem,974.1
Lopunny / Dudunsparce,1029.4,Marnie's Grimmsnarl / Marnie's Morgrem,1025.2
Marnie's Grimmsnarl / Marnie's Morgrem,1051.2,Fezandipiti / Alakazam,1120.8
Lopunny / Dudunsparce,1032.3,Lopunny / Teal Mask Ogerpon,974.8
Marnie's Grimmsnarl / Marnie's Morgrem,983.8,Lopunny / Dudunsparce,1054.9
Marnie's Grimmsnarl / Marnie's Morgrem,997.8,Lucario / Hariyama,857.5
Fezandipiti / Alakazam,975.9,Thwackey / Dipplin,1051.0
Dragapult / Meowth,1001.9,Marnie's Grimmsnarl / Marnie's Morgrem,981.3
Lopunny / Dudunsparce,933.5,Marnie's Grimmsnarl / Marnie's Morgrem,600.0
Fezandipiti / Alakazam,1053.9,Kangaskhan / Cornerstone Mask Ogerpon,972.0
Lopunny / Froslass,913.0,Marnie's Grimmsnarl / Marnie's Morgrem,900.3
Thwackey / Dipplin,929.6,Thwackey / Dipplin,1051.0
Dragapult / Dudunsparce,1040.5,Lopunny / Froslass,1049.2
Fezandipiti / Alakazam,969.0,Kangaskhan / Cornerstone Mask Ogerpon,157.9
Marnie's Grimmsnarl / Marnie's Morgrem,971.7,Fezandipiti / Alakazam,600.0
Marnie's Grimmsnarl / Marnie's Morgrem,983.8,Fezandipiti / Alakazam,1013.1
Lopunny / Teal Mask Ogerpon,974.8,Fezandipiti / Alakazam,914.9
Lucario / Hariyama,857.5,Fezandipiti / Rillaboom,941.6
Marnie's Grimmsnarl / Marnie's Morgrem,903.0,Fezandipiti / Alakazam,964.9
Thwackey / Dipplin,1051.0,Kangaskhan / Cornerstone Mask Ogerpon,933.3
Dragapult / Meowth,1104.0,Marnie's Grimmsnarl / Marnie's Morgrem,600.0
Kangaskhan / Cornerstone Mask Ogerpon,972.0,Thwackey / Dipplin,1051.0
Fezandipiti / Alakazam,1006.4,Teal Mask Ogerpon / Hero’s Cape,1025.5
Venusaur / Teal Mask Ogerpon,739.9,Marnie's Grimmsnarl / Marnie's Morgrem,1025.2
Marnie's Grimmsnarl / Marnie's Morgrem,1066.9,Fezandipiti / Alakazam,1055.1
Lopunny / Froslass,913.0,Marnie's Grimmsnarl / Marnie's Morgrem,1039.0
Lopunny / Froslass,1049.2,Marnie's Grimmsnarl / Marnie's Morgrem,600.0
Marnie's Grimmsnarl / Marnie's Morgrem,974.1,Kangaskhan / Cornerstone Mask Ogerpon,1084.1
Marnie's Grimmsnarl / Marnie's Morgrem,1025.2,Marnie's Grimmsnarl / Marnie's Morgrem,1011.0
Marnie's Grimmsnarl / Marnie's Morgrem,969.6,Lopunny / Teal Mask Ogerpon,974.8
Marnie's Grimmsnarl / Marnie's Morgrem,983.8,Fezandipiti / Alakazam,1035.4
Lopunny / Froslass,1063.2,Marnie's Grimmsnarl / Marnie's Morgrem,600.0
Lopunny / Froslass,913.0,Kangaskhan / Crustle,992.2
Thwackey / Dipplin,1051.0,Fezandipiti / Alakazam,1013.1
Marnie's Grimmsnarl / Marnie's Morgrem,975.5,Lopunny / Froslass,1049.2
Lopunny / Froslass,1063.2,Marnie's Grimmsnarl / Marnie's Morgrem,1074.1
Thwackey / Dipplin,959.6,Marnie's Grimmsnarl / Marnie's Morgrem,903.0
Marnie's Grimmsnarl / Marnie's Morgrem,1036.7,Meganium / Hydrapple,554.2
Dragapult / Meowth,884.6,Marnie's Grimmsnarl / Marnie's Morgrem,1009.6
Fezandipiti / Alakazam,1061.7,Dragapult / Meowth,1089.9
Marnie's Grimmsnarl / Marnie's Morgrem,983.8,Hydrapple / Teal Mask Ogerpon,1136.8
Lopunny / Teal Mask Ogerpon,974.8,Kangaskhan / Latias,1081.7
Lucario / Hariyama,857.5,Fezandipiti / Alakazam,964.9
Marnie's Grimmsnarl / Marnie's Morgrem,1066.9,Thwackey / Dipplin,1051.0
Kangaskhan / Cornerstone Mask Ogerpon,972.0,Marnie's Grimmsnarl / Marnie's Morgrem,1037.2
Marnie's Grimmsnarl / Marnie's Morgrem,600.0,Teal Mask Ogerpon / Hero’s Cape,1025.5
Marnie's Grimmsnarl / Marnie's Morgrem,1002.9,Dragapult / Dudunsparce,1054.7
Fezandipiti / Alakazam,994.9,Venusaur / Teal Mask Ogerpon,739.9
Lopunny / Froslass,913.0,Marnie's Grimmsnarl / Marnie's Morgrem,956.7
Kangaskhan / Latias,1162.5,Lucario / Hariyama,1203.5
Marnie's Grimmsnarl / Marnie's Morgrem,895.7,Empoleon / Genesect,895.1
Thwackey / Dipplin,1051.0,Fezandipiti / Alakazam,1034.0
Fezandipiti / Alakazam,1037.9,Kangaskhan / Cornerstone Mask Ogerpon,1084.1
Fezandipiti / Alakazam,1012.8,Fezandipiti / Alakazam,941.6
Dragapult / Meowth,884.6,Fezandipiti / Alakazam,883.6
Lopunny / Froslass,913.0,Dragapult / Meowth,1089.9
Venusaur / Teal Mask Ogerpon,971.4,Lopunny / Teal Mask Ogerpon,974.8
Marnie's Grimmsnarl / Marnie's Morgrem,1051.2,Lucario / Hariyama,857.5
Marnie's Grimmsnarl / Marnie's Morgrem,903.0,Fezandipiti / Alakazam,1006.4
Thwackey / Dipplin,1051.0,Marnie's Grimmsnarl / Marnie's Morgrem,949.0
Fezandipiti / Alakazam,1013.1,Kangaskhan / Cornerstone Mask Ogerpon,972.0
Fezandipiti / Alakazam,1044.7,Marnie's Grimmsnarl / Marnie's Morgrem,898.0
Marnie's Grimmsnarl / Marnie's Morgrem,927.4,Fezandipiti / Alakazam,1055.1
Marnie's Grimmsnarl / Marnie's Morgrem,1027.6,Lopunny / Froslass,913.0
Marnie's Grimmsnarl / Marnie's Morgrem,1111.6,Thwackey / Dipplin,1051.0
Fezandipiti / Alakazam,991.9,Teal Mask Ogerpon / Tapu Bulu,1056.8
Lopunny / Froslass,1185.1,Lopunny / Teal Mask Ogerpon,974.8
Dragapult / Meowth,884.6,Marnie's Grimmsnarl / Marnie's Morgrem,949.0
Hydrapple / Teal Mask Ogerpon,920.9,Marnie's Grimmsnarl / Marnie's Morgrem,983.8
Cornerstone Mask Ogerpon / Chandelure,895.7,Teal Mask Ogerpon / Hero’s Cape,923.9
Thwackey / Dipplin,1051.0,Fezandipiti / Alakazam,911.6
Kangaskhan / Cornerstone Mask Ogerpon,972.0,Dragapult / Dudunsparce,1054.7
Lopunny / Dudunsparce,1029.4,Marnie's Grimmsnarl / Marnie's Morgrem,600.0
Fezandipiti / Alakazam,1034.0,Fezandipiti / Alakazam,1006.4
Fezandipiti / Alakazam,1035.2,Fezandipiti / Alakazam,1055.1
Lopunny / Froslass,913.0,Fezandipiti / Alakazam,994.9
Thwackey / Dipplin,1051.0,Marnie's Grimmsnarl / Marnie's Morgrem,988.6
Marnie's Grimmsnarl / Marnie's Morgrem,1029.4,Fezandipiti / Alakazam,1055.1
Lopunny / Froslass,1049.2,Marnie's Grimmsnarl / Marnie's Morgrem,927.4
Marnie's Grimmsnarl / Marnie's Morgrem,1134.4,Lopunny / Froslass,1117.5
Marnie's Grimmsnarl / Marnie's Morgrem,969.6,Marnie's Grimmsnarl / Marnie's Morgrem,1026.1
Fezandipiti / Alakazam,969.4,Marnie's Grimmsnarl / Marnie's Morgrem,1055.1
Dragapult / Meowth,884.6,Dragapult / Meowth,884.2
Dragapult / Meowth,884.6,Marnie's Grimmsnarl / Marnie's Morgrem,969.6
Lopunny / Froslass,1185.1,Fezandipiti / Alakazam,1017.2
Teal Mask Ogerpon / Tapu Bulu,1056.8,Marnie's Grimmsnarl / Marnie's Morgrem,983.8
Lopunny / Froslass,1049.2,Cornerstone Mask Ogerpon / Chandelure,895.7
Lucario / Hariyama,857.5,Fezandipiti / Alakazam,1035.2
Lopunny / Froslass,913.0,Thwackey / Dipplin,1051.0
Thwackey / Dipplin,1051.0,Marnie's Grimmsnarl / Marnie's Morgrem,1026.1
Fezandipiti / Alakazam,1006.4,Marnie's Grimmsnarl / Marnie's Morgrem,895.7
Kangaskhan / Crustle,981.3,Kangaskhan / Cornerstone Mask Ogerpon,972.0
Lopunny / Froslass,913.0,Teal Mask Ogerpon / Tapu Bulu,1056.8
Marnie's Grimmsnarl / Marnie's Morgrem,1002.9,Crustle / Dwebble,950.2
Hydrapple / Teal Mask Ogerpon,920.9,Marnie's Grimmsnarl / Marnie's Morgrem,600.0
Lopunny / Froslass,1185.1,Dragapult / Meowth,884.6
Dragapult / Meowth,884.6,Team Rocket's Mewtwo / Team Rocket's Spidops,954.4
Marnie's Grimmsnarl / Marnie's Morgrem,1039.0,Marnie's Grimmsnarl / Marnie's Morgrem,983.8
Cornerstone Mask Ogerpon / Chandelure,895.7,Marnie's Grimmsnarl / Marnie's Morgrem,1078.2
Lucario / Hariyama,857.5,Teal Mask Ogerpon / Hero’s Cape,1025.5
Marnie's Grimmsnarl / Marnie's Morgrem,903.0,Marnie's Grimmsnarl / Marnie's Morgrem,1040.4
Marnie's Grimmsnarl / Marnie's Morgrem,944.6,Kangaskhan / Cornerstone Mask Ogerpon,972.0
Marnie's Grimmsnarl / Marnie's Morgrem,600.0,Fezandipiti / Alakazam,991.9
Fezandipiti / Alakazam,1006.4,Lopunny / Teal Mask Ogerpon,999.2
Lopunny / Froslass,913.0,Hydrapple / Teal Mask Ogerpon,1166.1
Lopunny / Froslass,922.9,Fezandipiti / Alakazam,1055.1
Thwackey / Dipplin,1051.0,Kangaskhan / Team Rocket's Kangaskhan,1028.4
N’s Zoroark / N’s Zorua,891.8,Lopunny / Froslass,1049.2
Dragapult / Meowth,881.6,Teal Mask Ogerpon / Hero’s Cape,631.9
Kangaskhan / Crustle,954.4,Fezandipiti / Alakazam,1034.0
Lopunny / Froslass,600.0,Cornerstone Mask Ogerpon / Chandelure,895.7
Marnie's Grimmsnarl / Marnie's Morgrem,903.0,Kangaskhan / Cornerstone Mask Ogerpon,932.4
Lopunny / Froslass,1185.1,Kangaskhan / Cornerstone Mask Ogerpon,157.9
Venusaur / Kangaskhan,998.3,Lucario / Hariyama,857.5
Fezandipiti / Alakazam,694.0,Kangaskhan / Cornerstone Mask Ogerpon,972.0
Marnie's Grimmsnarl / Marnie's Morgrem,600.0,Thwackey / Dipplin,1051.0
Thwackey / Dipplin,1051.0,Venusaur / Teal Mask Ogerpon,971.4
Marnie's Grimmsnarl / Marnie's Morgrem,983.8,Marnie's Grimmsnarl / Marnie's Morgrem,978.8
Lopunny / Froslass,913.0,Lopunny / Dudunsparce,1105.3
Marnie's Grimmsnarl / Marnie's Morgrem,961.1,Thwackey / Dipplin,1051.0
Marnie's Grimmsnarl / Marnie's Morgrem,1040.4,Lopunny / Froslass,1049.2
Thwackey / Dipplin,1075.3,Marnie's Grimmsnarl / Marnie's Morgrem,1055.1
Fezandipiti / Alakazam,989.2,Marnie's Grimmsnarl / Marnie's Morgrem,895.4
Lucario / Hariyama,857.5,Marnie's Grimmsnarl / Marnie's Morgrem,1025.2
Meganium / Hydrapple,554.2,Marnie's Grimmsnarl / Marnie's Morgrem,983.8
Dragapult / Meowth,884.6,Lopunny / Dudunsparce,1105.3
Marnie's Grimmsnarl / Marnie's Morgrem,903.0,Fezandipiti / Alakazam,991.9
Dragapult / Meowth,1054.7,Lopunny / Froslass,1185.1
Thwackey / Dipplin,1051.0,Marnie's Grimmsnarl / Marnie's Morgrem,945.6
Marnie's Grimmsnarl / Marnie's Morgrem,600.0,Dragapult / Meowth,1104.0
Lopunny / Froslass,967.2,Thwackey / Dipplin,1051.0
Fezandipiti / Alakazam,1006.4,Dragapult / Meowth,1054.7
Kangaskhan / Crustle,924.1,Marnie's Grimmsnarl / Marnie's Morgrem,1099.5
Lopunny / Froslass,1185.1,Dragapult / Dudunsparce,1040.5
Dragapult / Meowth,884.6,Marnie's Grimmsnarl / Marnie's Morgrem,1134.4
Marnie's Grimmsnarl / Marnie's Morgrem,959.2,Marnie's Grimmsnarl / Marnie's Morgrem,983.8
Teal Mask Ogerpon / Hero’s Cape,990.9,Marnie's Grimmsnarl / Marnie's Morgrem,903.0
Lucario / Hariyama,857.5,Kangaskhan / Crustle,961.3
Thwackey / Dipplin,1051.0,Lopunny / Froslass,922.9
Marnie's Grimmsnarl / Marnie's Morgrem,600.0,Marnie's Grimmsnarl / Marnie's Morgrem,895.4
Kangaskhan / Cornerstone Mask Ogerpon,972.0,Marnie's Grimmsnarl / Marnie's Morgrem,1040.4
Marnie's Grimmsnarl / Marnie's Morgrem,966.9,Thwackey / Dipplin,1051.0
Lopunny / Froslass,1088.1,Alakazam / Kadabra,1056.8
Kangaskhan / Cornerstone Mask Ogerpon,157.9,Lopunny / Froslass,1185.1
Dragapult / Meowth,884.6,Marnie's Grimmsnarl / Marnie's Morgrem,1040.4
Teal Mask Ogerpon / Hero’s Cape,1035.5,Marnie's Grimmsnarl / Marnie's Morgrem,983.8
Meganium / Hydrapple,554.2,Marnie's Grimmsnarl / Marnie's Morgrem,903.0
Fezandipiti / Alakazam,950.8,Thwackey / Dipplin,1051.0
Fezandipiti / Alakazam,1052.1,Dragapult / Meowth,1001.9
Teal Mask Ogerpon / Hero’s Cape,1008.0,Marnie's Grimmsnarl / Marnie's Morgrem,600.0
Kangaskhan / Cornerstone Mask Ogerpon,972.0,Lopunny / Froslass,879.9
Lopunny / Froslass,913.0,Lucario / Hariyama,1099.5
Marnie's Grimmsnarl / Marnie's Morgrem,1039.0,Cynthia's Garchomp / Cynthia's Gabite,1082.7
Lopunny / Froslass,1020.4,Venusaur / Kangaskhan,998.3
Fezandipiti / Alakazam,1189.4,Lopunny / Froslass,1185.1
Lopunny / Froslass,1084.1,Dragapult / Meowth,884.6
Marnie's Grimmsnarl / Marnie's Morgrem,1015.3,Marnie's Grimmsnarl / Marnie's Morgrem,903.0
Lucario / Hariyama,964.9,Thwackey / Dipplin,1051.0
Fezandipiti / Alakazam,965.9,Marnie's Grimmsnarl / Marnie's Morgrem,600.0
Marnie's Grimmsnarl / Marnie's Morgrem,1074.1,Dragapult / Dudunsparce,1054.7
Kangaskhan / Crustle,1063.2,Lopunny / Froslass,913.0
Dragapult / Meowth,1006.7,Fezandipiti / Alakazam,1017.2
Lopunny / Froslass,1084.1,Kangaskhan / Cornerstone Mask Ogerpon,925.5
Kangaskhan / Latias,1162.5,Lopunny / Froslass,967.2
Lopunny / Froslass,967.2,Lopunny / Lillie’s Clefairy,801.5
Gardevoir / Lopunny,594.5,Marnie's Grimmsnarl / Marnie's Morgrem,895.7
Fezandipiti / Alakazam,1006.4,Lopunny / Froslass,1185.1
Marnie's Grimmsnarl / Marnie's Morgrem,1051.2,Fezandipiti / Alakazam,998.9
Lopunny / Froslass,885.4,Thwackey / Dipplin,1051.0
Lopunny / Froslass,913.0,Marnie's Grimmsnarl / Marnie's Morgrem,975.5
Marnie's Grimmsnarl / Marnie's Morgrem,903.0,Marnie's Grimmsnarl / Marnie's Morgrem,1066.9
Marnie's Grimmsnarl / Marnie's Morgrem,895.7,Fezandipiti / Alakazam,948.8
Kangaskhan / Crustle,1019.6,Marnie's Grimmsnarl / Marnie's Morgrem,965.0
Gardevoir / Lopunny,594.5,Teal Mask Ogerpon / Hero’s Cape,1025.5
Marnie's Grimmsnarl / Marnie's Morgrem,1074.1,Dragapult / Meowth,884.6
Lopunny / Froslass,1185.1,Marnie's Grimmsnarl / Marnie's Morgrem,1002.9
Marnie's Grimmsnarl / Marnie's Morgrem,983.8,Teal Mask Ogerpon / Ho-Oh,972.3
Dragapult / Meowth,1089.9,Teal Mask Ogerpon / Hero’s Cape,1008.0
Fezandipiti / Alakazam,1034.0,Fezandipiti / Alakazam,998.9
Marnie's Grimmsnarl / Marnie's Morgrem,903.0,Dragapult / Meowth,1104.0
Lopunny / Teal Mask Ogerpon,999.2,Thwackey / Dipplin,1051.0
Marnie's Grimmsnarl / Marnie's Morgrem,600.0,Lopunny / Teal Mask Ogerpon,999.2
Fezandipiti / Alakazam,694.0,Dragapult / Dudunsparce,1054.7
Fezandipiti / Alakazam,1120.8,Kangaskhan / Crustle,981.5
Dragapult / Meowth,1104.0,Dragapult / Meowth,884.6
Marnie's Grimmsnarl / Marnie's Morgrem,983.8,Lucario / Hariyama,857.5
Lopunny / Froslass,1185.1,Kangaskhan / Cornerstone Mask Ogerpon,157.9
Marnie's Grimmsnarl / Marnie's Morgrem,600.0,Thwackey / Dipplin,1051.0
Fezandipiti / Alakazam,1006.4,Fezandipiti / Alakazam,965.9
Marnie's Grimmsnarl / Marnie's Morgrem,903.0,Marnie's Grimmsnarl / Marnie's Morgrem,1023.0
Lopunny / Froslass,1185.1,Kangaskhan / Crustle,1063.2
Meganium / Hydrapple,554.2,Gardevoir / Lopunny,594.5
Dragapult / Meowth,1104.0,Dragapult / Meowth,884.6
Dragapult / Meowth,967.4,Marnie's Grimmsnarl / Marnie's Morgrem,983.8
Fezandipiti / Alakazam,998.9,Marnie's Grimmsnarl / Marnie's Morgrem,1039.0
Fezandipiti / Alakazam,884.0,Lucario / Hariyama,857.5
Marnie's Grimmsnarl / Marnie's Morgrem,903.0,Marnie's Grimmsnarl / Marnie's Morgrem,997.8
Thwackey / Dipplin,1051.0,Marnie's Grimmsnarl / Marnie's Morgrem,1002.9
Dragapult / Meowth,1001.9,Fezandipiti / Alakazam,600.0
Marnie's Grimmsnarl / Marnie's Morgrem,600.0,Fezandipiti / Alakazam,964.9
Fezandipiti / Alakazam,1006.4,Fezandipiti / Alakazam,941.6
Fezandipiti / Alakazam,600.0,Lopunny / Dudunsparce,954.6
Fezandipiti / Alakazam,1030.4,Lopunny / Teal Mask Ogerpon,929.4
Kangaskhan / Latias,1162.5,Lopunny / Froslass,1185.1
Kangaskhan / Crustle,1066.9,Gardevoir / Lopunny,594.5
Dragapult / Meowth,884.6,Marnie's Grimmsnarl / Marnie's Morgrem,988.6
Lucario / Hariyama,1110.2,Kangaskhan / Team Rocket's Kangaskhan,1028.4
Marnie's Grimmsnarl / Marnie's Morgrem,983.8,Marnie's Grimmsnarl / Marnie's Morgrem,966.5
Lucario / Hariyama,964.9,Lopunny / Teal Mask Ogerpon,974.8
Lucario / Hariyama,857.5,Lopunny / Dudunsparce,1054.9
Marnie's Grimmsnarl / Marnie's Morgrem,903.0,Kangaskhan / Crustle,978.3
Marnie's Grimmsnarl / Marnie's Morgrem,1039.5,Thwackey / Dipplin,1051.0
Fezandipiti / Alakazam,871.8,Dragapult / Meowth,1104.0
Marnie's Grimmsnarl / Marnie's Morgrem,600.0,Lopunny / Lillie’s Clefairy,801.5
Fezandipiti / Alakazam,941.6,Fezandipiti / Alakazam,884.0
Marnie's Grimmsnarl / Marnie's Morgrem,1027.6,Thwackey / Dipplin,959.6
Lopunny / Froslass,1185.1,Marnie's Grimmsnarl / Marnie's Morgrem,1037.2
Fezandipiti / Alakazam,1061.7,Marnie's Grimmsnarl / Marnie's Morgrem,983.8
Marnie's Grimmsnarl / Marnie's Morgrem,1037.2,Dragapult / Meowth,1089.9
Lopunny / Froslass,1078.2,Thwackey / Dipplin,1051.0
Marnie's Grimmsnarl / Marnie's Morgrem,1134.4,Lucario / Hariyama,857.5
Fezandipiti / Alakazam,694.0,Marnie's Grimmsnarl / Marnie's Morgrem,903.0
Dragapult / Meowth,1047.2,Marnie's Grimmsnarl / Marnie's Morgrem,1025.2
Thwackey / Dipplin,1075.3,Dragapult / Blaziken,881.6
Marnie's Grimmsnarl / Marnie's Morgrem,1066.9,Lopunny / Teal Mask Ogerpon,929.4
Fezandipiti / Alakazam,1055.1,Dragapult / Meowth,884.6
Lopunny / Froslass,1185.1,Thwackey / Dipplin,1075.3
Gardevoir / Lopunny,594.5,Fezandipiti / Alakazam,884.0
Marnie's Grimmsnarl / Marnie's Morgrem,1029.4,Marnie's Grimmsnarl / Marnie's Morgrem,983.8
Dragapult / Meowth,1089.9,Lucario / Hariyama,857.5
Lopunny / Teal Mask Ogerpon,974.8,Fezandipiti / Alakazam,884.0
Marnie's Grimmsnarl / Marnie's Morgrem,903.0,Thwackey / Dipplin,948.6
Lucario / Hariyama,1099.5,Marnie's Grimmsnarl / Marnie's Morgrem,600.0
Kangaskhan / Crustle,1063.2,Marnie's Grimmsnarl / Marnie's Morgrem,1002.4
Lopunny / Froslass,1185.1,Dragapult / Meowth,1104.0
Marnie's Grimmsnarl / Marnie's Morgrem,1051.2,Dragapult / Meowth,884.6
Fezandipiti / Alakazam,989.2,Marnie's Grimmsnarl / Marnie's Morgrem,983.8
Marnie's Grimmsnarl / Marnie's Morgrem,1078.2,Lopunny / Teal Mask Ogerpon,974.8
Marnie's Grimmsnarl / Marnie's Morgrem,903.0,Marnie's Grimmsnarl / Marnie's Morgrem,732.5
Lopunny / Froslass,600.0,Thwackey / Dipplin,1051.0
Hydrapple / Teal Mask Ogerpon,1136.8,Marnie's Grimmsnarl / Marnie's Morgrem,600.0
Marnie's Grimmsnarl / Marnie's Morgrem,1078.2,Kangaskhan / Teal Mask Ogerpon,1169.7
Thwackey / Dipplin,1075.3,Lopunny / Dudunsparce,913.4
Marnie's Grimmsnarl / Marnie's Morgrem,889.9,Marnie's Grimmsnarl / Marnie's Morgrem,967.8
Marnie's Grimmsnarl / Marnie's Morgrem,983.8,Marnie's Grimmsnarl / Marnie's Morgrem,1022.6
Marnie's Grimmsnarl / Marnie's Morgrem,1025.2,Dragapult / Meowth,1089.9
Lopunny / Froslass,913.0,Marnie's Grimmsnarl / Marnie's Morgrem,903.0
Marnie's Grimmsnarl / Marnie's Morgrem,985.3,Dragapult / Meowth,884.6
Dragapult / Meowth,1001.9,Teal Mask Ogerpon / Hero’s Cape,631.9
Lopunny / Lillie’s Clefairy,801.5,Kangaskhan / Cornerstone Mask Ogerpon,972.0
Lopunny / Froslass,1110.2,Fezandipiti / Alakazam,1044.7
Marnie's Grimmsnarl / Marnie's Morgrem,983.8,Marnie's Grimmsnarl / Marnie's Morgrem,961.1
Teal Mask Ogerpon / Hero’s Cape,1025.5,Marnie's Grimmsnarl / Marnie's Morgrem,1136.8
Marnie's Grimmsnarl / Marnie's Morgrem,600.0,Marnie's Grimmsnarl / Marnie's Morgrem,1022.6
Lopunny / Teal Mask Ogerpon,974.8,Marnie's Grimmsnarl / Marnie's Morgrem,949.0
Fezandipiti / Alakazam,1099.6,Fezandipiti / Alakazam,694.0
Marnie's Grimmsnarl / Marnie's Morgrem,959.2,Marnie's Grimmsnarl / Marnie's Morgrem,817.5
Lopunny / Froslass,1185.1,Lopunny / Froslass,963.8
Dragapult / Dudunsparce,1054.7,Dragapult / Meowth,884.6
Marnie's Grimmsnarl / Marnie's Morgrem,940.5,Lopunny / Froslass,1049.2
Lopunny / Teal Mask Ogerpon,974.8,Teal Mask Ogerpon / Hero’s Cape,990.9
Marnie's Grimmsnarl / Marnie's Morgrem,1027.6,Marnie's Grimmsnarl / Marnie's Morgrem,983.8
Marnie's Grimmsnarl / Marnie's Morgrem,903.0,Fezandipiti / Thwackey,954.3
Fezandipiti / Alakazam,924.1,Thwackey / Dipplin,1051.0
Lopunny / Froslass,885.4,Marnie's Grimmsnarl / Marnie's Morgrem,600.0
Kangaskhan / Cornerstone Mask Ogerpon,972.0,Venusaur / Kangaskhan,998.3
Marnie's Grimmsnarl / Marnie's Morgrem,1055.1,Marnie's Grimmsnarl / Marnie's Morgrem,975.5
Fezandipiti / Alakazam,1037.9,Fezandipiti / Alakazam,1017.2
Cynthia's Garchomp / Cynthia's Gabite,1082.7,Lopunny / Froslass,1185.1
Marnie's Grimmsnarl / Marnie's Morgrem,1040.4,Lopunny / Teal Mask Ogerpon,974.8
Marnie's Grimmsnarl / Marnie's Morgrem,903.0,Marnie's Grimmsnarl / Marnie's Morgrem,944.6
Kangaskhan / Cornerstone Mask Ogerpon,972.0,Arboliva / Teal Mask Ogerpon,1013.7
Kangaskhan / Crustle,1063.2,Kangaskhan / Teal Mask Ogerpon,1169.7
Marnie's Grimmsnarl / Marnie's Morgrem,1111.6,Marnie's Grimmsnarl / Marnie's Morgrem,931.0
Lopunny / Froslass,1185.1,Lopunny / Froslass,913.0
Fezandipiti / Alakazam,991.9,Dragapult / Meowth,884.6
Lopunny / Froslass,998.5,Dragapult / Meowth,1089.9
Lopunny / Teal Mask Ogerpon,974.8,Marnie's Grimmsnarl / Marnie's Morgrem,960.7
Teal Mask Ogerpon / Hero’s Cape,1025.5,Marnie's Grimmsnarl / Marnie's Morgrem,903.0
Marnie's Grimmsnarl / Marnie's Morgrem,600.0,Team Rocket's Mewtwo / Team Rocket's Spidops,1004.4
Lopunny / Froslass,1049.2,Lopunny / Froslass,998.5
Fezandipiti / Alakazam,1006.4,Fezandipiti / Alakazam,1052.1
Teal Mask Ogerpon / Tapu Bulu,1056.8,Fezandipiti / Alakazam,1037.9
Marnie's Grimmsnarl / Marnie's Morgrem,889.9,Cornerstone Mask Ogerpon / Barbaracle,888.0
Teal Mask Ogerpon / Tapu Bulu,1056.8,Lopunny / Froslass,1185.1
Marnie's Grimmsnarl / Marnie's Morgrem,945.9,Dragapult / Meowth,884.6
Marnie's Grimmsnarl / Marnie's Morgrem,966.5,Marnie's Grimmsnarl / Marnie's Morgrem,983.8
Lopunny / Froslass,967.2,Lopunny / Teal Mask Ogerpon,974.8
Marnie's Grimmsnarl / Marnie's Morgrem,903.0,Lucario / Hariyama,1110.2
Lopunny / Froslass,1049.2,Marnie's Grimmsnarl / Marnie's Morgrem,600.0
Fezandipiti / Alakazam,1052.1,Fezandipiti / Alakazam,966.1
Fezandipiti / Alakazam,1037.9,Marnie's Grimmsnarl / Marnie's Morgrem,1025.2
Lopunny / Teal Mask Ogerpon,974.8,Fezandipiti / Alakazam,884.0
Marnie's Grimmsnarl / Marnie's Morgrem,903.0,Fezandipiti / Alakazam,1044.7
Marnie's Grimmsnarl / Marnie's Morgrem,995.9,Lopunny / Froslass,600.0
Kangaskhan / Crustle,1019.6,Fezandipiti / Alakazam,994.9
Fezandipiti / Alakazam,1037.9,Marnie's Grimmsnarl / Marnie's Morgrem,959.2
Lopunny / Froslass,1185.1,Kangaskhan / Crustle,978.3
Lopunny / Teal Mask Ogerpon,974.8,Kangaskhan / Crustle,981.3
Marnie's Grimmsnarl / Marnie's Morgrem,903.0,Lopunny / Froslass,1084.1
Kangaskhan / Crustle,974.6,Marnie's Grimmsnarl / Marnie's Morgrem,1039.0
Fezandipiti / Alakazam,1052.1,Lopunny / Dudunsparce,1029.4
Marnie's Grimmsnarl / Marnie's Morgrem,995.9,Fezandipiti / Alakazam,1013.1
Fezandipiti / Alakazam,919.5,Fezandipiti / Alakazam,1037.9
Hydrapple / Teal Mask Ogerpon,1166.1,Lopunny / Froslass,1185.1
Dragapult / Meowth,1089.9,Marnie's Grimmsnarl / Marnie's Morgrem,1037.2
Dragapult / Blaziken,881.6,Marnie's Grimmsnarl / Marnie's Morgrem,903.0
Lucario / Hariyama,1203.5,Fezandipiti / Alakazam,1189.4
Hydrapple / Teal Mask Ogerpon,1166.1,Marnie's Grimmsnarl / Marnie's Morgrem,1134.4
Marnie's Grimmsnarl / Marnie's Morgrem,1026.1,Dragapult / Meowth,1006.7
Fezandipiti / Alakazam,1037.9,Lopunny / Teal Mask Ogerpon,999.2
Fezandipiti / Alakazam,919.2,Marnie's Grimmsnarl / Marnie's Morgrem,860.3
Lopunny / Froslass,1185.1,Kangaskhan / Latias,1162.5
Dragapult / Meowth,884.6,Kangaskhan / Crustle,1066.9
Lopunny / Lillie’s Clefairy,801.5,Marnie's Grimmsnarl / Marnie's Morgrem,983.8
Cynthia's Garchomp / Cynthia's Gabite,1082.7,Lopunny / Froslass,1049.2
Marnie's Grimmsnarl / Marnie's Morgrem,1039.0,Marnie's Grimmsnarl / Marnie's Morgrem,903.0
Marnie's Grimmsnarl / Marnie's Morgrem,995.9,Fezandipiti / Alakazam,966.1
Fezandipiti / Alakazam,1052.1,Marnie's Grimmsnarl / Marnie's Morgrem,1074.1
Fezandipiti / Alakazam,989.2,Fezandipiti / Alakazam,1037.9
Fezandipiti / Alakazam,919.2,Marnie's Grimmsnarl / Marnie's Morgrem,983.8
Fezandipiti / Alakazam,694.0,Lopunny / Froslass,1185.1
Marnie's Grimmsnarl / Marnie's Morgrem,978.8,Dragapult / Meowth,884.6
Kangaskhan / Team Rocket's Kangaskhan,1028.4,Marnie's Grimmsnarl / Marnie's Morgrem,966.5
Teal Mask Ogerpon / Hero’s Cape,990.9,Marnie's Grimmsnarl / Marnie's Morgrem,983.8
Fezandipiti / Alakazam,1055.1,Marnie's Grimmsnarl / Marnie's Morgrem,903.0
Fezandipiti / Alakazam,1052.1,Teal Mask Ogerpon / Hero’s Cape,1025.5
Kangaskhan / Crustle,974.6,Teal Mask Ogerpon / Hero’s Cape,1008.0
Fezandipiti / Alakazam,1037.9,Marnie's Grimmsnarl / Marnie's Morgrem,956.7
Teal Mask Ogerpon / Hero’s Cape,1035.5,Fezandipiti / Alakazam,919.2
Lopunny / Froslass,1078.2,Fezandipiti / Alakazam,910.2
Dragapult / Meowth,884.6,Marnie's Grimmsnarl / Marnie's Morgrem,1022.6
Kangaskhan / Team Rocket's Kangaskhan,1028.4,Lopunny / Froslass,1088.1
Marnie's Grimmsnarl / Marnie's Morgrem,1040.4,Dragapult / Meowth,1089.9
Marnie's Grimmsnarl / Marnie's Morgrem,889.7,Marnie's Grimmsnarl / Marnie's Morgrem,903.0
Marnie's Grimmsnarl / Marnie's Morgrem,1099.5,Marnie's Grimmsnarl / Marnie's Morgrem,1026.1
Fezandipiti / Alakazam,1052.1,Fezandipiti / Alakazam,966.1
Marnie's Grimmsnarl / Marnie's Morgrem,1134.4,Marnie's Grimmsnarl / Marnie's Morgrem,975.5
Fezandipiti / Alakazam,806.7,Arboliva / Teal Mask Ogerpon,1013.7
Fezandipiti / Alakazam,1037.9,Fezandipiti / Alakazam,1061.7
Fezandipiti / Alakazam,919.2,Kangaskhan / Cornerstone Mask Ogerpon,1084.1
Lopunny / Teal Mask Ogerpon,929.4,Marnie's Grimmsnarl / Marnie's Morgrem,965.0
Lopunny / Froslass,1185.1,Fezandipiti / Alakazam,1012.8
Dragapult / Meowth,884.6,Thwackey / Dipplin,959.6
Marnie's Grimmsnarl / Marnie's Morgrem,1051.2,Kangaskhan / Team Rocket's Kangaskhan,1028.4
Lopunny / Froslass,1049.2,Teal Mask Ogerpon / Hero’s Cape,631.9
Lopunny / Dudunsparce,1105.3,Dragapult / Meowth,1089.9
Lopunny / Froslass,963.8,Marnie's Grimmsnarl / Marnie's Morgrem,903.0
Dragapult / Meowth,1054.7,Marnie's Grimmsnarl / Marnie's Morgrem,1189.4
Marnie's Grimmsnarl / Marnie's Morgrem,1078.2,Lopunny / Froslass,997.9
Fezandipiti / Alakazam,1120.8,Kangaskhan / Cornerstone Mask Ogerpon,972.0
Fezandipiti / Alakazam,1052.1,Kangaskhan / Crustle,992.2
Marnie's Grimmsnarl / Marnie's Morgrem,995.9,Marnie's Grimmsnarl / Marnie's Morgrem,870.9
Fezandipiti / Alakazam,1037.9,Marnie's Grimmsnarl / Marnie's Morgrem,895.4
Fezandipiti / Alakazam,919.2,Fezandipiti / Alakazam,950.8
Kangaskhan / Crustle,961.3,Lopunny / Teal Mask Ogerpon,929.4
Marnie's Grimmsnarl / Marnie's Morgrem,889.7,Marnie's Grimmsnarl / Marnie's Morgrem,1037.2
Lopunny / Froslass,1185.1,Kangaskhan / Latias,1162.5
Dragapult / Meowth,884.6,Kangaskhan / Crustle,1066.9
Dragapult / Blaziken,881.6,Marnie's Grimmsnarl / Marnie's Morgrem,983.8
Dragapult / Dudunsparce,1040.5,Lopunny / Teal Mask Ogerpon,974.8
Lopunny / Froslass,1054.9,Lopunny / Teal Mask Ogerpon,974.8
Marnie's Grimmsnarl / Marnie's Morgrem,1066.9,Lopunny / Froslass,1049.2
Fezandipiti / Alakazam,910.2,Marnie's Grimmsnarl / Marnie's Morgrem,903.0
Lopunny / Froslass,1110.2,Fezandipiti / Alakazam,1052.1
Marnie's Grimmsnarl / Marnie's Morgrem,995.9,Fezandipiti / Alakazam,919.5
Dragapult / Meowth,1104.0,Fezandipiti / Alakazam,1037.9
Lopunny / Teal Mask Ogerpon,929.4,Venusaur / Kangaskhan,998.3
Kangaskhan / Latias,1081.7,Marnie's Grimmsnarl / Marnie's Morgrem,889.7
Lopunny / Froslass,1185.1,Lopunny / Froslass,1110.2
Lopunny / Froslass,1049.2,Fezandipiti / Alakazam,910.2
Dragapult / Meowth,884.6,Marnie's Grimmsnarl / Marnie's Morgrem,817.5
Venusaur / Kangaskhan,998.3,Kangaskhan / Team Rocket's Kangaskhan,1028.4
Lopunny / Froslass,1063.2,Lopunny / Froslass,913.0
Fezandipiti / Alakazam,919.2,Marnie's Grimmsnarl / Marnie's Morgrem,889.7
Lopunny / Froslass,913.0,Marnie's Grimmsnarl / Marnie's Morgrem,995.9
Fezandipiti / Alakazam,991.9,Fezandipiti / Alakazam,1052.1
Fezandipiti / Alakazam,1037.9,Meganium / Hydrapple,554.2
Fezandipiti / Alakazam,919.2,Fezandipiti / Alakazam,994.9
Lopunny / Dudunsparce,954.6,Lopunny / Teal Mask Ogerpon,929.4
Marnie's Grimmsnarl / Marnie's Morgrem,889.7,Lucario / Hariyama,964.9
Lopunny / Froslass,1185.1,Kangaskhan / Cornerstone Mask Ogerpon,157.9
Fezandipiti / Alakazam,1053.9,Dragapult / Meowth,884.6
Kangaskhan / Team Rocket's Kangaskhan,1028.4,Lopunny / Teal Mask Ogerpon,929.4
Fezandipiti / Alakazam,941.6,Marnie's Grimmsnarl / Marnie's Morgrem,983.8
Dragapult / Meowth,1089.9,Marnie's Grimmsnarl / Marnie's Morgrem,927.4
Fezandipiti / Alakazam,919.2,Arboliva / Teal Mask Ogerpon,1013.7
Marnie's Grimmsnarl / Marnie's Morgrem,940.5,Fezandipiti / Alakazam,1052.1
Teal Mask Ogerpon / Hero’s Cape,980.8,Marnie's Grimmsnarl / Marnie's Morgrem,995.9
Thwackey / Dipplin,1075.3,Kangaskhan / Crustle,1019.6
Kangaskhan / Crustle,992.2,Fezandipiti / Alakazam,919.2
Lopunny / Froslass,1185.1,Dragapult / Meowth,1054.7
Dragapult / Meowth,884.6,Marnie's Grimmsnarl / Marnie's Morgrem,903.0
Marnie's Grimmsnarl / Marnie's Morgrem,1066.9,Kangaskhan / Team Rocket's Kangaskhan,1028.4
Lopunny / Froslass,1049.2,Marnie's Grimmsnarl / Marnie's Morgrem,1134.4
Dragapult / Meowth,1089.9,Fezandipiti / Alakazam,1034.0
Fezandipiti / Thwackey,954.3,Lopunny / Dudunsparce,933.5
Lopunny / Froslass,1078.2,Fezandipiti / Alakazam,919.2
Marnie's Grimmsnarl / Marnie's Morgrem,1039.5,Fezandipiti / Alakazam,1052.1
Dragapult / Meowth,1104.0,Marnie's Grimmsnarl / Marnie's Morgrem,995.9
Lopunny / Froslass,913.0,Fezandipiti / Alakazam,1037.9
Kangaskhan / Crustle,992.2,Fezandipiti / Alakazam,919.2
Kangaskhan / Teal Mask Ogerpon,1169.7,Lopunny / Froslass,1185.1
Dragapult / Meowth,884.6,Marnie's Grimmsnarl / Marnie's Morgrem,895.7
Kangaskhan / Team Rocket's Kangaskhan,1028.4,Kangaskhan / Latias,1081.7
Fezandipiti / Alakazam,694.0,Lopunny / Froslass,1049.2
Marnie's Grimmsnarl / Marnie's Morgrem,1002.9,Lopunny / Dudunsparce,1105.3
Dragapult / Meowth,884.6,Fezandipiti / Alakazam,969.0
Marnie's Grimmsnarl / Marnie's Morgrem,983.8,Marnie's Grimmsnarl / Marnie's Morgrem,995.9
Marnie's Grimmsnarl / Marnie's Morgrem,978.8,Fezandipiti / Alakazam,919.2
Fezandipiti / Alakazam,1052.1,Marnie's Grimmsnarl / Marnie's Morgrem,1022.6
Lopunny / Froslass,913.0,Kangaskhan / Crustle,974.6
Marnie's Grimmsnarl / Marnie's Morgrem,1039.0,Fezandipiti / Alakazam,919.2
Fezandipiti / Alakazam,1037.9,Lopunny / Froslass,963.1
Hydrapple / Teal Mask Ogerpon,1166.1,Lopunny / Froslass,1185.1
Teal Mask Ogerpon / Hero’s Cape,980.8,Marnie's Grimmsnarl / Marnie's Morgrem,1036.7
Marnie's Grimmsnarl / Marnie's Morgrem,974.1,Kangaskhan / Crustle,914.9
Cynthia's Garchomp / Cynthia's Gabite,1082.7,Marnie's Grimmsnarl / Marnie's Morgrem,600.0
Thwackey / Dipplin,959.6,Marnie's Grimmsnarl / Marnie's Morgrem,971.6
Cynthia's Garchomp / Cynthia's Gabite,972.7,Ethan's Typhlosion / Ethan's Quilava,783.7
Marnie's Grimmsnarl / Marnie's Morgrem,1099.5,Fezandipiti / Alakazam,919.2
Marnie's Grimmsnarl / Marnie's Morgrem,1134.4,Lopunny / Froslass,1185.1
Marnie's Grimmsnarl / Marnie's Morgrem,1011.0,Lopunny / Froslass,1049.2
Fezandipiti / Alakazam,919.2,Lopunny / Froslass,1020.4
Dragapult / Meowth,884.6,Thwackey / Dipplin,1075.3
Fezandipiti / Alakazam,1037.9,Kangaskhan / Cornerstone Mask Ogerpon,157.9
Fezandipiti / Alakazam,1052.1,Fezandipiti / Alakazam,919.2
Teal Mask Ogerpon / Hero’s Cape,1008.0,Marnie's Grimmsnarl / Marnie's Morgrem,983.8
Lopunny / Froslass,1049.2,Marnie's Grimmsnarl / Marnie's Morgrem,966.5
Kangaskhan / Latias,1081.7,Cynthia's Garchomp / Cynthia's Gabite,972.7
Teal Mask Ogerpon / Hero’s Cape,927.7,Marnie's Grimmsnarl / Marnie's Morgrem,1078.2
Marnie's Grimmsnarl / Marnie's Morgrem,974.1,Lopunny / Dudunsparce,1105.3
Fezandipiti / Alakazam,1052.1,Venusaur / Kangaskhan,998.3
Marnie's Grimmsnarl / Marnie's Morgrem,995.9,Alakazam / Kadabra,1056.8
Thwackey / Dipplin,1051.0,Fezandipiti / Alakazam,1037.9
Fezandipiti / Alakazam,1034.0,Fezandipiti / Alakazam,806.7
Marnie's Grimmsnarl / Marnie's Morgrem,1022.6,Fezandipiti / Alakazam,919.2
Dragapult / Meowth,884.6,Marnie's Grimmsnarl / Marnie's Morgrem,889.7
Kangaskhan / Teal Mask Ogerpon,918.6,Dragapult / Meowth,884.6
Lopunny / Froslass,1049.2,Marnie's Grimmsnarl / Marnie's Morgrem,966.9
Marnie's Grimmsnarl / Marnie's Morgrem,889.7,Fezandipiti / Alakazam,969.0
Teal Mask Ogerpon / Hero’s Cape,927.7,Marnie's Grimmsnarl / Marnie's Morgrem,995.9
Fezandipiti / Alakazam,1037.9,Fezandipiti / Alakazam,1120.8
Venusaur / Kangaskhan,998.3,Fezandipiti / Alakazam,919.2
Kangaskhan / Teal Mask Ogerpon,1169.7,Lopunny / Froslass,1185.1
Dragapult / Meowth,884.6,Dragapult / Meowth,1047.2
Lopunny / Dudunsparce,1105.3,Fezandipiti / Alakazam,941.6
Lopunny / Froslass,1049.2,Lopunny / Froslass,1020.4
Kangaskhan / Cornerstone Mask Ogerpon,157.9,Meganium / Hydrapple,554.2
Marnie's Grimmsnarl / Marnie's Morgrem,1051.2,Marnie's Grimmsnarl / Marnie's Morgrem,889.7
Teal Mask Ogerpon / Hero’s Cape,927.7,Kangaskhan / Crustle,750.4
Lopunny / Froslass,600.0,Marnie's Grimmsnarl / Marnie's Morgrem,974.1
Fezandipiti / Alakazam,1052.1,Thwackey / Dipplin,1075.3
Marnie's Grimmsnarl / Marnie's Morgrem,995.9,Fezandipiti / Alakazam,994.9
Marnie's Grimmsnarl / Marnie's Morgrem,1039.5,Fezandipiti / Alakazam,1037.9
Marnie's Grimmsnarl / Marnie's Morgrem,1025.2,Fezandipiti / Alakazam,919.2
Lopunny / Froslass,1185.1,Thwackey / Dipplin,1075.3
Fezandipiti / Alakazam,910.2,Marnie's Grimmsnarl / Marnie's Morgrem,1040.4
Dragapult / Meowth,884.6,Marnie's Grimmsnarl / Marnie's Morgrem,1025.2
Fezandipiti / Alakazam,1034.0,Dragapult / Blaziken,881.6
Marnie's Grimmsnarl / Marnie's Morgrem,974.1,Fezandipiti / Alakazam,989.2
Lopunny / Froslass,1185.1,Marnie's Grimmsnarl / Marnie's Morgrem,1074.1
Fezandipiti / Alakazam,1056.9,Lopunny / Dudunsparce,954.6
Teal Mask Ogerpon / Hero’s Cape,927.7,Teal Mask Ogerpon / Hero’s Cape,990.9
Fezandipiti / Alakazam,1052.1,Teal Mask Ogerpon / Hero’s Cape,1008.0
Fezandipiti / Alakazam,806.7,Kangaskhan / Crustle,992.2
Marnie's Grimmsnarl / Marnie's Morgrem,889.9,Fezandipiti / Alakazam,1037.9
Thwackey / Dipplin,959.6,Fezandipiti / Alakazam,919.2
Marnie's Grimmsnarl / Marnie's Morgrem,977.5,Dragapult / Meowth,884.6
Kangaskhan / Crustle,1019.6,Fezandipiti / Alakazam,884.0
Marnie's Grimmsnarl / Marnie's Morgrem,889.7,Cynthia's Garchomp / Cynthia's Gabite,972.7
Fezandipiti / Alakazam,1056.9,Fezandipiti / Alakazam,950.8
Dragapult / Meowth,1089.9,Teal Mask Ogerpon / Hero’s Cape,927.7
Marnie's Grimmsnarl / Marnie's Morgrem,1037.2,Marnie's Grimmsnarl / Marnie's Morgrem,974.1
Fezandipiti / Alakazam,1052.1,Lopunny / Froslass,1110.2
Marnie's Grimmsnarl / Marnie's Morgrem,995.9,Lopunny / Froslass,998.5
Fezandipiti / Alakazam,1037.9,Fezandipiti / Alakazam,941.6
Marnie's Grimmsnarl / Marnie's Morgrem,978.8,Marnie's Grimmsnarl / Marnie's Morgrem,1046.9
Dragapult / Meowth,1054.7,Fezandipiti / Alakazam,919.2
Thwackey / Dipplin,959.6,Lopunny / Froslass,1185.1
Dragapult / Meowth,884.6,Teal Mask Ogerpon / Hero’s Cape,1025.5
Fezandipiti / Alakazam,1006.4,Thwackey / Dipplin,959.6
Marnie's Grimmsnarl / Marnie's Morgrem,1037.2,Marnie's Grimmsnarl / Marnie's Morgrem,889.7
Arboliva / Teal Mask Ogerpon,1013.7,Fezandipiti / Alakazam,1056.9
Teal Mask Ogerpon / Hero’s Cape,927.7,Marnie's Grimmsnarl / Marnie's Morgrem,1027.6
Marnie's Grimmsnarl / Marnie's Morgrem,1037.2,Fezandipiti / Alakazam,1052.1
Marnie's Grimmsnarl / Marnie's Morgrem,1074.1,Fezandipiti / Alakazam,806.7
Kangaskhan / Crustle,1019.6,Marnie's Grimmsnarl / Marnie's Morgrem,965.0
Marnie's Grimmsnarl / Marnie's Morgrem,1037.2,Fezandipiti / Alakazam,1037.9
Dragapult / Dudunsparce,1040.5,Lopunny / Froslass,1185.1
Marnie's Grimmsnarl / Marnie's Morgrem,889.7,Cynthia's Garchomp / Cynthia's Gabite,1082.7
Cornerstone Mask Ogerpon / Barbaracle,888.0,Marnie's Grimmsnarl / Marnie's Morgrem,974.1
Dragapult / Meowth,884.6,Lopunny / Froslass,967.2
Fezandipiti / Alakazam,965.9,Teal Mask Ogerpon / Hero’s Cape,923.9
Marnie's Grimmsnarl / Marnie's Morgrem,1002.4,Lopunny / Froslass,827.5
Marnie's Grimmsnarl / Marnie's Morgrem,1005.8,Kangaskhan / Cornerstone Mask Ogerpon,933.3
Marnie's Grimmsnarl / Marnie's Morgrem,889.7,Marnie's Grimmsnarl / Marnie's Morgrem,889.9
Fezandipiti / Alakazam,1056.9,Chandelure / Lampent,942.1
Venusaur / Teal Mask Ogerpon,739.9,N’s Zoroark / N’s Zorua,1088.1
Lopunny / Teal Mask Ogerpon,999.2,Teal Mask Ogerpon / Hero’s Cape,927.7
Kangaskhan / Crustle,1063.2,Marnie's Grimmsnarl / Marnie's Morgrem,974.1
Fezandipiti / Alakazam,1052.1,Kangaskhan / Cornerstone Mask Ogerpon,157.9
Fezandipiti / Alakazam,989.2,Kangaskhan / Crustle,1019.6
Marnie's Grimmsnarl / Marnie's Morgrem,1134.4,Lopunny / Froslass,1185.1
Kangaskhan / Cornerstone Mask Ogerpon,1081.7,Dragapult / Meowth,884.6
Kangaskhan / Cornerstone Mask Ogerpon,157.9,Kangaskhan / Latias,1162.5
Dragapult / Meowth,1104.0,Marnie's Grimmsnarl / Marnie's Morgrem,1002.4
Marnie's Grimmsnarl / Marnie's Morgrem,956.7,Marnie's Grimmsnarl / Marnie's Morgrem,1005.8
Fezandipiti / Alakazam,1056.9,Fezandipiti / Alakazam,953.1
Lopunny / Lillie’s Clefairy,801.5,Archaludon / Cinderace,751.2
Venusaur / Teal Mask Ogerpon,739.9,Fezandipiti / Alakazam,1013.1
Marnie's Grimmsnarl / Marnie's Morgrem,927.4,Teal Mask Ogerpon / Hero’s Cape,927.7
Fezandipiti / Alakazam,1052.1,Lopunny / Froslass,1185.1
Marnie's Grimmsnarl / Marnie's Morgrem,995.9,Marnie's Grimmsnarl / Marnie's Morgrem,860.3
Marnie's Grimmsnarl / Marnie's Morgrem,974.1,Kangaskhan / Crustle,974.6
Marnie's Grimmsnarl / Marnie's Morgrem,1134.4,Fezandipiti / Alakazam,1037.9
Kangaskhan / Crustle,1019.6,Marnie's Grimmsnarl / Marnie's Morgrem,964.8
Lopunny / Froslass,1185.1,Marnie's Grimmsnarl / Marnie's Morgrem,889.9
Marnie's Grimmsnarl / Marnie's Morgrem,1111.6,Fezandipiti / Alakazam,950.8
Fezandipiti / Alakazam,1037.9,Lucario / Hariyama,857.5
Chandelure / Lampent,942.1,Lopunny / Teal Mask Ogerpon,999.2
Marnie's Grimmsnarl / Marnie's Morgrem,889.7,Marnie's Grimmsnarl / Marnie's Morgrem,889.9
Marnie's Grimmsnarl / Marnie's Morgrem,1005.8,Fezandipiti / Alakazam,1056.9
Marnie's Grimmsnarl / Marnie's Morgrem,1078.2,Marnie's Grimmsnarl / Marnie's Morgrem,600.0
Venusaur / Teal Mask Ogerpon,739.9,Teal Mask Ogerpon / Hero’s Cape,990.9
Kangaskhan / Crustle,1019.6,Kangaskhan / Crustle,961.3
Fezandipiti / Alakazam,1052.1,Fezandipiti / Alakazam,991.9
Marnie's Grimmsnarl / Marnie's Morgrem,1046.9,Marnie's Grimmsnarl / Marnie's Morgrem,959.2
Marnie's Grimmsnarl / Marnie's Morgrem,1037.2,Marnie's Grimmsnarl / Marnie's Morgrem,995.9
Fezandipiti / Alakazam,1034.0,Marnie's Grimmsnarl / Marnie's Morgrem,889.7
Kangaskhan / Crustle,1019.6,Marnie's Grimmsnarl / Marnie's Morgrem,1002.4
Dragapult / Meowth,1047.2,Lopunny / Froslass,1185.1
Marnie's Grimmsnarl / Marnie's Morgrem,903.0,Lucario / Hariyama,1110.2
Marnie's Grimmsnarl / Marnie's Morgrem,1036.7,Fezandipiti / Alakazam,919.2
Marnie's Grimmsnarl / Marnie's Morgrem,600.0,Chandelure / Lampent,942.1
Dragapult / Meowth,1054.7,Marnie's Grimmsnarl / Marnie's Morgrem,1002.4
Marnie's Grimmsnarl / Marnie's Morgrem,1005.8,Kangaskhan / Cornerstone Mask Ogerpon,1081.7
Marnie's Grimmsnarl / Marnie's Morgrem,1051.2,Marnie's Grimmsnarl / Marnie's Morgrem,889.7
Venusaur / Teal Mask Ogerpon,739.9,Marnie's Grimmsnarl / Marnie's Morgrem,1066.9
Team Rocket's Mewtwo / Team Rocket's Spidops,1004.4,Marnie's Grimmsnarl / Marnie's Morgrem,974.1
Fezandipiti / Alakazam,1052.1,Kangaskhan / Cornerstone Mask Ogerpon,157.9
Teal Mask Ogerpon / Hero’s Cape,1008.0,Marnie's Grimmsnarl / Marnie's Morgrem,995.9
Dragapult / Meowth,1047.2,Fezandipiti / Alakazam,1037.9
Kangaskhan / Crustle,1019.6,Lopunny / Froslass,1020.4
Fezandipiti / Alakazam,1055.1,Marnie's Grimmsnarl / Marnie's Morgrem,1005.8
Fezandipiti / Alakazam,884.0,Marnie's Grimmsnarl / Marnie's Morgrem,1011.0
Marnie's Grimmsnarl / Marnie's Morgrem,1046.9,Fezandipiti / Alakazam,1056.9
Lopunny / Froslass,1049.2,Marnie's Grimmsnarl / Marnie's Morgrem,600.0
Fezandipiti / Alakazam,1035.4,Venusaur / Teal Mask Ogerpon,739.9
Fezandipiti / Alakazam,1055.1,Teal Mask Ogerpon / Hero’s Cape,927.7
Fezandipiti / Alakazam,1052.1,Lopunny / Froslass,1185.1
Marnie's Grimmsnarl / Marnie's Morgrem,995.9,N’s Zoroark / N’s Zorua,1088.1
Teal Mask Ogerpon / Hero’s Cape,990.9,Fezandipiti / Alakazam,1037.9
Marnie's Grimmsnarl / Marnie's Morgrem,1025.2,Kangaskhan / Crustle,1019.6
Marnie's Grimmsnarl / Marnie's Morgrem,1046.9,Lopunny / Teal Mask Ogerpon,999.2
Chandelure / Lampent,942.1,Marnie's Grimmsnarl / Marnie's Morgrem,973.6
Fezandipiti / Alakazam,1056.9,Arboliva / Teal Mask Ogerpon,1013.7
Lopunny / Dudunsparce,913.4,Venusaur / Teal Mask Ogerpon,739.9
Lucario / Hariyama,857.5,Marnie's Grimmsnarl / Marnie's Morgrem,975.5
Teal Mask Ogerpon / Tapu Bulu,973.3,Kangaskhan / Crustle,1019.6
Fezandipiti / Alakazam,948.8,Marnie's Grimmsnarl / Marnie's Morgrem,889.7
Marnie's Grimmsnarl / Marnie's Morgrem,945.9,Marnie's Grimmsnarl / Marnie's Morgrem,929.1
Fezandipiti / Alakazam,1052.1,Kangaskhan / Teal Mask Ogerpon,1169.7
Marnie's Grimmsnarl / Marnie's Morgrem,995.9,Marnie's Grimmsnarl / Marnie's Morgrem,1099.5
Kangaskhan / Team Rocket's Kangaskhan,1028.4,Venusaur / Kangaskhan,998.3
Chandelure / Lampent,942.1,Teal Mask Ogerpon / Tapu Bulu,973.3
Marnie's Grimmsnarl / Marnie's Morgrem,959.2,Marnie's Grimmsnarl / Marnie's Morgrem,1005.8
Lopunny / Dudunsparce,913.4,Venusaur / Teal Mask Ogerpon,739.9
Marnie's Grimmsnarl / Marnie's Morgrem,975.5,Lopunny / Froslass,967.2
Fezandipiti / Alakazam,694.0,Fezandipiti / Alakazam,1052.1
Arboliva / Teal Mask Ogerpon,1082.7,Marnie's Grimmsnarl / Marnie's Morgrem,1055.1
Fezandipiti / Alakazam,1044.7,Marnie's Grimmsnarl / Marnie's Morgrem,995.9
Lopunny / Froslass,1078.2,Kangaskhan / Crustle,974.6
Fezandipiti / Alakazam,1037.9,Kangaskhan / Crustle,972.3
Lopunny / Dudunsparce,1029.4,Kangaskhan / Crustle,1019.6
Marnie's Grimmsnarl / Marnie's Morgrem,1099.5,Marnie's Grimmsnarl / Marnie's Morgrem,1046.9
Marnie's Grimmsnarl / Marnie's Morgrem,1136.8,Thwackey / Dipplin,1075.3
Teal Mask Ogerpon / Hero’s Cape,1035.5,Marnie's Grimmsnarl / Marnie's Morgrem,889.7
Chandelure / Lampent,942.1,Dragapult / Meowth,1104.0
Fezandipiti / Alakazam,1030.4,Fezandipiti / Alakazam,1037.9
Lopunny / Dudunsparce,1054.9,Teal Mask Ogerpon / Hero’s Cape,927.7
Marnie's Grimmsnarl / Marnie's Morgrem,1111.6,Marnie's Grimmsnarl / Marnie's Morgrem,1005.8
Marnie's Grimmsnarl / Marnie's Morgrem,1002.4,Marnie's Grimmsnarl / Marnie's Morgrem,974.1
Fezandipiti / Alakazam,950.8,Fezandipiti / Alakazam,1056.9
Chandelure / Lampent,942.1,Marnie's Grimmsnarl / Marnie's Morgrem,1025.2
Marnie's Grimmsnarl / Marnie's Morgrem,1005.8,Marnie's Grimmsnarl / Marnie's Morgrem,945.9
Cynthia's Garchomp / Cynthia's Gabite,1082.7,Marnie's Grimmsnarl / Marnie's Morgrem,1005.8
Lucario / Hariyama,964.9,Marnie's Grimmsnarl / Marnie's Morgrem,975.5
Marnie's Grimmsnarl / Marnie's Morgrem,974.1,Marnie's Grimmsnarl / Marnie's Morgrem,895.7
Dragapult / Meowth,1054.7,Fezandipiti / Alakazam,1052.1
Venusaur / Teal Mask Ogerpon,971.4,Marnie's Grimmsnarl / Marnie's Morgrem,995.9
Fezandipiti / Alakazam,1185.1,Fezandipiti / Alakazam,1037.9
Hydrapple / Teal Mask Ogerpon,1136.8,Marnie's Grimmsnarl / Marnie's Morgrem,981.3
Lopunny / Froslass,922.9,Marnie's Grimmsnarl / Marnie's Morgrem,1011.0
Fezandipiti / Alakazam,884.0,Lucario / Hariyama,1110.2
Marnie's Grimmsnarl / Marnie's Morgrem,1005.8,Fezandipiti / Alakazam,1035.4
Fezandipiti / Alakazam,1006.4,Fezandipiti / Alakazam,1056.9
Thwackey / Dipplin,1051.0,Venusaur / Teal Mask Ogerpon,739.9
Team Rocket's Mewtwo / Team Rocket's Spidops,1004.4,Fezandipiti / Alakazam,1001.1
Fezandipiti / Alakazam,1052.1,Kangaskhan / Latias,1162.5
Arboliva / Teal Mask Ogerpon,1082.7,Marnie's Grimmsnarl / Marnie's Morgrem,1039.0
Marnie's Grimmsnarl / Marnie's Morgrem,974.1,Marnie's Grimmsnarl / Marnie's Morgrem,1040.4
Marnie's Grimmsnarl / Marnie's Morgrem,995.9,Fezandipiti / Alakazam,1120.8
Fezandipiti / Alakazam,1037.9,Venusaur / Kangaskhan,998.3
Fezandipiti / Alakazam,806.7,Cynthia's Garchomp / Cynthia's Gabite,913.4
Teal Mask Ogerpon / Tapu Bulu,1056.8,Kangaskhan / Latias,1162.5
Marnie's Grimmsnarl / Marnie's Morgrem,959.2,Fezandipiti / Alakazam,1099.6
Thwackey / Dipplin,1051.0,Marnie's Grimmsnarl / Marnie's Morgrem,1026.1
Lopunny / Dudunsparce,933.5,Fezandipiti / Alakazam,1120.8
Fezandipiti / Alakazam,1012.8,Marnie's Grimmsnarl / Marnie's Morgrem,983.8
Lucario / Hariyama,1203.5,Lopunny / Froslass,1110.2
Lopunny / Froslass,920.9,Chandelure / Lampent,942.1
Fezandipiti / Alakazam,884.0,Marnie's Grimmsnarl / Marnie's Morgrem,1005.8
Lopunny / Froslass,963.8,Marnie's Grimmsnarl / Marnie's Morgrem,1005.8
Fezandipiti / Alakazam,1056.9,Marnie's Grimmsnarl / Marnie's Morgrem,953.9
Marnie's Grimmsnarl / Marnie's Morgrem,1005.8,Lopunny / Froslass,885.4
Marnie's Grimmsnarl / Marnie's Morgrem,927.4,Teal Mask Ogerpon / Hero’s Cape,927.7
Marnie's Grimmsnarl / Marnie's Morgrem,975.5,Marnie's Grimmsnarl / Marnie's Morgrem,959.2
Marnie's Grimmsnarl / Marnie's Morgrem,1055.1,Fezandipiti / Alakazam,1001.1
Lopunny / Froslass,1088.1,Marnie's Grimmsnarl / Marnie's Morgrem,974.1
Fezandipiti / Alakazam,1055.1,Fezandipiti / Alakazam,1052.1
Lucario / Hariyama,991.1,Marnie's Grimmsnarl / Marnie's Morgrem,995.9
Kangaskhan / Crustle,1019.6,Marnie's Grimmsnarl / Marnie's Morgrem,1051.2
Fezandipiti / Alakazam,1037.9,Fezandipiti / Alakazam,1001.1
Marnie's Grimmsnarl / Marnie's Morgrem,1011.0,Fezandipiti / Alakazam,884.0
Teal Mask Ogerpon / Hero’s Cape,990.9,Chandelure / Lampent,942.1
Marnie's Grimmsnarl / Marnie's Morgrem,1005.8,Lopunny / Froslass,879.9
Fezandipiti / Alakazam,1006.4,Fezandipiti / Alakazam,895.8
Marnie's Grimmsnarl / Marnie's Morgrem,971.7,Fezandipiti / Alakazam,1056.9
Marnie's Grimmsnarl / Marnie's Morgrem,600.0,Lopunny / Froslass,997.9
Lucario / Hariyama,857.5,Dragapult / Dudunsparce,912.2
Teal Mask Ogerpon / Hero’s Cape,980.8,Teal Mask Ogerpon / Hero’s Cape,927.7
Fezandipiti / Alakazam,1189.4,Fezandipiti / Alakazam,1052.1
Marnie's Grimmsnarl / Marnie's Morgrem,974.1,Fezandipiti / Alakazam,1035.2
Lopunny / Froslass,1054.9,Marnie's Grimmsnarl / Marnie's Morgrem,995.9
Arboliva / Teal Mask Ogerpon,1082.7,Lopunny / Froslass,1054.9
N’s Zoroark / N’s Zorua,1088.1,Kangaskhan / Crustle,1019.6
Lucario / Hariyama,1110.2,Fezandipiti / Alakazam,1037.9
Fezandipiti / Alakazam,924.1,Marnie's Grimmsnarl / Marnie's Morgrem,1078.2
Marnie's Grimmsnarl / Marnie's Morgrem,600.0,Fezandipiti / Alakazam,694.0
Fezandipiti / Alakazam,884.0,Fezandipiti / Alakazam,1034.0
Fezandipiti / Alakazam,1034.0,Fezandipiti / Alakazam,845.0
Marnie's Grimmsnarl / Marnie's Morgrem,1005.8,Fezandipiti / Alakazam,969.0
Team Rocket's Mewtwo / Team Rocket's Spidops,1004.4,Fezandipiti / Alakazam,1056.9
Dragapult / Meowth,1047.2,Marnie's Grimmsnarl / Marnie's Morgrem,975.5
Marnie's Grimmsnarl / Marnie's Morgrem,1078.2,Marnie's Grimmsnarl / Marnie's Morgrem,974.1
Fezandipiti / Alakazam,1052.1,Thwackey / Dipplin,1075.3
Fezandipiti / Alakazam,1037.9,Fezandipiti / Alakazam,1035.2
Marnie's Grimmsnarl / Marnie's Morgrem,995.9,Lopunny / Froslass,967.2
Kangaskhan / Crustle,1019.6,Kangaskhan / Crustle,961.3
Fezandipiti / Alakazam,948.8,Marnie's Grimmsnarl / Marnie's Morgrem,945.9
Marnie's Grimmsnarl / Marnie's Morgrem,1189.4,Fezandipiti / Alakazam,884.0
Marnie's Grimmsnarl / Marnie's Morgrem,1005.8,Marnie's Grimmsnarl / Marnie's Morgrem,1040.4
Fezandipiti / Alakazam,1056.9,Marnie's Grimmsnarl / Marnie's Morgrem,959.2
Arboliva / Teal Mask Ogerpon,1082.7,Marnie's Grimmsnarl / Marnie's Morgrem,967.8
Fezandipiti / Alakazam,1052.1,Marnie's Grimmsnarl / Marnie's Morgrem,1039.0
Marnie's Grimmsnarl / Marnie's Morgrem,974.1,Lucario / Hariyama,1117.5
Lopunny / Froslass,997.9,Marnie's Grimmsnarl / Marnie's Morgrem,995.9
Kangaskhan / Crustle,1019.6,Lopunny / Dudunsparce,913.4
Team Rocket's Mewtwo / Team Rocket's Spidops,1004.4,Fezandipiti / Alakazam,1037.9
Fezandipiti / Alakazam,806.7,Marnie's Grimmsnarl / Marnie's Morgrem,1015.3
Marnie's Grimmsnarl / Marnie's Morgrem,945.9,Fezandipiti / Alakazam,1053.9
Arboliva / Teal Mask Ogerpon,1082.7,Marnie's Grimmsnarl / Marnie's Morgrem,971.6
Chandelure / Lampent,942.1,Marnie's Grimmsnarl / Marnie's Morgrem,981.3
Kangaskhan / Latias,1162.5,Lopunny / Froslass,913.0
Marnie's Grimmsnarl / Marnie's Morgrem,983.8,Marnie's Grimmsnarl / Marnie's Morgrem,1005.8
Marnie's Grimmsnarl / Marnie's Morgrem,1051.2,Fezandipiti / Alakazam,895.8
Lopunny / Froslass,997.9,Fezandipiti / Alakazam,1056.9
Marnie's Grimmsnarl / Marnie's Morgrem,975.5,Lopunny / Froslass,1078.2
Fezandipiti / Alakazam,1052.1,Team Rocket's Mewtwo / Team Rocket's Spidops,1004.4
Kangaskhan / Latias,1162.5,Fezandipiti / Alakazam,884.0
Dragapult / Meowth,1089.9,Marnie's Grimmsnarl / Marnie's Morgrem,965.0
Fezandipiti / Alakazam,884.0,Marnie's Grimmsnarl / Marnie's Morgrem,889.9
Kangaskhan / Crustle,1019.6,Marnie's Grimmsnarl / Marnie's Morgrem,1005.8
Chandelure / Lampent,942.1,Lopunny / Froslass,879.9
Marnie's Grimmsnarl / Marnie's Morgrem,1015.3,Fezandipiti / Alakazam,1001.1
Dragapult / Meowth,1104.0,Fezandipiti / Alakazam,1052.1
Fezandipiti / Alakazam,1006.4,Arboliva / Teal Mask Ogerpon,1082.7
Marnie's Grimmsnarl / Marnie's Morgrem,974.1,Marnie's Grimmsnarl / Marnie's Morgrem,889.9
Kangaskhan / Crustle,1019.6,Team Rocket's Mewtwo / Team Rocket's Spidops,1004.4
Fezandipiti / Alakazam,1037.9,Venusaur / Kangaskhan,998.3
Fezandipiti / Alakazam,1037.9,Marnie's Grimmsnarl / Marnie's Morgrem,1040.4
Fezandipiti / Alakazam,878.7,Lopunny / Teal Mask Ogerpon,999.2
Lopunny / Froslass,997.9,Kangaskhan / Crustle,903.5
Marnie's Grimmsnarl / Marnie's Morgrem,971.7,Chandelure / Lampent,942.1
Fezandipiti / Alakazam,884.0,Fezandipiti / Alakazam,1034.0
Lopunny / Teal Mask Ogerpon,929.4,Marnie's Grimmsnarl / Marnie's Morgrem,1005.8
Teal Mask Ogerpon / Tapu Bulu,1056.8,Dragapult / Dudunsparce,912.2
Marnie's Grimmsnarl / Marnie's Morgrem,975.5,Kangaskhan / Crustle,1066.9
Fezandipiti / Alakazam,1001.1,Marnie's Grimmsnarl / Marnie's Morgrem,997.8
Fezandipiti / Alakazam,1037.9,Dragapult / Blaziken,881.6
Fezandipiti / Alakazam,1037.9,Arboliva / Teal Mask Ogerpon,1082.7
Fezandipiti / Alakazam,1052.1,Fezandipiti / Alakazam,884.0
Marnie's Grimmsnarl / Marnie's Morgrem,966.5,Marnie's Grimmsnarl / Marnie's Morgrem,974.1
Kangaskhan / Crustle,1019.6,Fezandipiti / Alakazam,1013.1
Marnie's Grimmsnarl / Marnie's Morgrem,1002.9,Cynthia's Garchomp / Cynthia's Gabite,913.4
Fezandipiti / Alakazam,884.0,Kangaskhan / Crustle,914.9
Chandelure / Lampent,942.1,Kangaskhan / Crustle,981.5
Marnie's Grimmsnarl / Marnie's Morgrem,1005.8,Marnie's Grimmsnarl / Marnie's Morgrem,1002.9
Kangaskhan / Crustle,992.2,Dragapult / Meowth,920.9
Fezandipiti / Alakazam,1056.9,Kangaskhan / Latias,881.2
Fezandipiti / Alakazam,895.8,Fezandipiti / Alakazam,1044.7
Marnie's Grimmsnarl / Marnie's Morgrem,988.6,Marnie's Grimmsnarl / Marnie's Morgrem,975.5
Thwackey / Dipplin,1075.3,Fezandipiti / Alakazam,1052.1
Marnie's Grimmsnarl / Marnie's Morgrem,995.9,Dragapult / Meowth,1047.2
Marnie's Grimmsnarl / Marnie's Morgrem,1099.5,Fezandipiti / Alakazam,884.0
Thwackey / Dipplin,959.6,Marnie's Grimmsnarl / Marnie's Morgrem,1005.8
Fezandipiti / Alakazam,969.0,Fezandipiti / Alakazam,1056.9
Marnie's Grimmsnarl / Marnie's Morgrem,1005.8,Cynthia's Garchomp / Cynthia's Gabite,1082.7
Dragapult / Meowth,991.9,Marnie's Grimmsnarl / Marnie's Morgrem,978.8
Marnie's Grimmsnarl / Marnie's Morgrem,975.5,Meganium / Hydrapple,554.2
Kangaskhan / Latias,1162.5,Fezandipiti / Alakazam,1052.1
Dragapult / Meowth,1006.7,Arboliva / Teal Mask Ogerpon,1082.7
Marnie's Grimmsnarl / Marnie's Morgrem,975.5,Marnie's Grimmsnarl / Marnie's Morgrem,974.1
Lopunny / Froslass,1084.1,Dragapult / Meowth,1054.7
Marnie's Grimmsnarl / Marnie's Morgrem,1074.1,Fezandipiti / Alakazam,991.9
Fezandipiti / Alakazam,881.7,Dragapult / Meowth,1006.7
Fezandipiti / Alakazam,878.7,Fezandipiti / Alakazam,1037.9
Fezandipiti / Alakazam,884.0,Lopunny / Froslass,1185.1
Marnie's Grimmsnarl / Marnie's Morgrem,1074.1,Marnie's Grimmsnarl / Marnie's Morgrem,1005.8
Marnie's Grimmsnarl / Marnie's Morgrem,1066.9,Fezandipiti / Alakazam,1056.9
Chandelure / Lampent,942.1,Dragapult / Meowth,991.9
Venusaur / Teal Mask Ogerpon,739.9,Marnie's Grimmsnarl / Marnie's Morgrem,966.5
Fezandipiti / Alakazam,1035.2,Fezandipiti / Alakazam,1001.1
Fezandipiti / Alakazam,1052.1,Dragapult / Meowth,1054.7
Arboliva / Teal Mask Ogerpon,1082.7,Lopunny / Froslass,1049.2
Kangaskhan / Latias,1081.7,Marnie's Grimmsnarl / Marnie's Morgrem,974.1
Dragapult / Meowth,884.6,Fezandipiti / Alakazam,884.0
Marnie's Grimmsnarl / Marnie's Morgrem,1005.8,Fezandipiti / Alakazam,968.7
Fezandipiti / Alakazam,1056.9,Fezandipiti / Alakazam,1061.7
Marnie's Grimmsnarl / Marnie's Morgrem,1005.8,Marnie's Grimmsnarl / Marnie's Morgrem,1022.6
Dragapult / Blaziken,881.6,Fezandipiti / Alakazam,1120.8
Marnie's Grimmsnarl / Marnie's Morgrem,959.2,Fezandipiti / Alakazam,1052.1
Fezandipiti / Alakazam,895.8,Fezandipiti / Alakazam,1013.1
Dragapult / Meowth,920.9,Fezandipiti / Alakazam,941.6
Marnie's Grimmsnarl / Marnie's Morgrem,1099.5,Fezandipiti / Alakazam,878.7
Marnie's Grimmsnarl / Marnie's Morgrem,975.5,Fezandipiti / Alakazam,969.0
Dragapult / Meowth,1089.9,Kangaskhan / Latias,1203.5
Marnie's Grimmsnarl / Marnie's Morgrem,860.3,Marnie's Grimmsnarl / Marnie's Morgrem,895.4
Fezandipiti / Alakazam,881.7,Fezandipiti / Alakazam,878.7
Fezandipiti / Alakazam,884.0,Marnie's Grimmsnarl / Marnie's Morgrem,995.9
Fezandipiti / Alakazam,1056.9,Lopunny / Froslass,600.0
Venusaur / Teal Mask Ogerpon,739.9,Arboliva / Teal Mask Ogerpon,1082.7
Teal Mask Ogerpon / Hero’s Cape,1035.5,Marnie's Grimmsnarl / Marnie's Morgrem,975.5
Thwackey / Dipplin,1075.3,Fezandipiti / Alakazam,1052.1
Dragapult / Meowth,991.9,Marnie's Grimmsnarl / Marnie's Morgrem,903.0
Marnie's Grimmsnarl / Marnie's Morgrem,1005.8,Kangaskhan / Crustle,1019.6
Marnie's Grimmsnarl / Marnie's Morgrem,1015.3,Marnie's Grimmsnarl / Marnie's Morgrem,975.5
Fezandipiti / Alakazam,881.7,Cynthia's Garchomp / Cynthia's Gabite,1082.7
Marnie's Grimmsnarl / Marnie's Morgrem,959.2,Starmie / Froslass,706.2
Marnie's Grimmsnarl / Marnie's Morgrem,1099.5,Dragapult / Meowth,1089.9
Fezandipiti / Alakazam,884.0,Lopunny / Froslass,1084.1
Marnie's Grimmsnarl / Marnie's Morgrem,1005.8,Marnie's Grimmsnarl / Marnie's Morgrem,927.4
Lucario / Hariyama,1099.5,Dragapult / Meowth,1104.0
Fezandipiti / Alakazam,1120.8,Dragapult / Blaziken,881.6
Marnie's Grimmsnarl / Marnie's Morgrem,1005.8,Marnie's Grimmsnarl / Marnie's Morgrem,1015.3
Marnie's Grimmsnarl / Marnie's Morgrem,1055.1,Dragapult / Meowth,991.9
Fezandipiti / Alakazam,1052.1,Marnie's Grimmsnarl / Marnie's Morgrem,966.9
Dragapult / Meowth,920.9,Marnie's Grimmsnarl / Marnie's Morgrem,1040.4
Fezandipiti / Alakazam,1017.2,Lopunny / Froslass,1063.2
Teal Mask Ogerpon / Hero’s Cape,923.9,Venusaur / Teal Mask Ogerpon,739.9
Marnie's Grimmsnarl / Marnie's Morgrem,889.9,Fezandipiti / Alakazam,917.8
Marnie's Grimmsnarl / Marnie's Morgrem,1074.1,Fezandipiti / Alakazam,881.7
Fezandipiti / Alakazam,884.0,Lopunny / Froslass,600.0
Marnie's Grimmsnarl / Marnie's Morgrem,1002.4,Marnie's Grimmsnarl / Marnie's Morgrem,963.3
Marnie's Grimmsnarl / Marnie's Morgrem,1002.4,Chandelure / Lampent,942.1
Kangaskhan / Cornerstone Mask Ogerpon,1081.7,Marnie's Grimmsnarl / Marnie's Morgrem,1005.8
Fezandipiti / Alakazam,1056.9,Fezandipiti / Alakazam,1037.9
Marnie's Grimmsnarl / Marnie's Morgrem,1023.0,Marnie's Grimmsnarl / Marnie's Morgrem,1005.8
Marnie's Grimmsnarl / Marnie's Morgrem,927.4,Venusaur / Teal Mask Ogerpon,739.9
Lopunny / Froslass,913.0,Marnie's Grimmsnarl / Marnie's Morgrem,1036.7
Hydrapple / Teal Mask Ogerpon,1166.1,Kangaskhan / Latias,1162.5
Fezandipiti / Alakazam,1052.1,Kangaskhan / Teal Mask Ogerpon,1169.7
Marnie's Grimmsnarl / Marnie's Morgrem,889.9,Kangaskhan / Cornerstone Mask Ogerpon,925.5
Marnie's Grimmsnarl / Marnie's Morgrem,1040.4,Fezandipiti / Alakazam,881.7
Teal Mask Ogerpon / Hero’s Cape,951.7,Fezandipiti / Alakazam,1037.9
Lopunny / Froslass,963.8,Dragapult / Meowth,1089.9
Marnie's Grimmsnarl / Marnie's Morgrem,1039.0,Marnie's Grimmsnarl / Marnie's Morgrem,1002.4
Fezandipiti / Alakazam,1056.9,Teal Mask Ogerpon / Hero’s Cape,1025.5
Marnie's Grimmsnarl / Marnie's Morgrem,1056.9,Marnie's Grimmsnarl / Marnie's Morgrem,903.0
Dragapult / Meowth,991.9,Teal Mask Ogerpon / Hero’s Cape,1008.0
N’s Zoroark / N’s Zorua,1088.1,Lopunny / Froslass,1049.2
Lopunny / Froslass,1117.5,Thwackey / Dipplin,1075.3
Fezandipiti / Alakazam,1037.9,Lucario / Hariyama,906.8
Marnie's Grimmsnarl / Marnie's Morgrem,889.9,Marnie's Grimmsnarl / Marnie's Morgrem,1051.2
Kangaskhan / Cornerstone Mask Ogerpon,848.4,N’s Zoroark / N’s Zorua,1088.1
Fezandipiti / Alakazam,881.7,Lopunny / Froslass,885.4
Teal Mask Ogerpon / Hero’s Cape,951.7,Marnie's Grimmsnarl / Marnie's Morgrem,977.5
Dragapult / Meowth,1089.9,Marnie's Grimmsnarl / Marnie's Morgrem,1066.9
Marnie's Grimmsnarl / Marnie's Morgrem,600.0,Fezandipiti / Alakazam,884.0
Dragapult / Meowth,920.9,Lopunny / Teal Mask Ogerpon,999.2
Fezandipiti / Alakazam,1056.9,Marnie's Grimmsnarl / Marnie's Morgrem,971.7
Marnie's Grimmsnarl / Marnie's Morgrem,946.5,Marnie's Grimmsnarl / Marnie's Morgrem,1056.9
Marnie's Grimmsnarl / Marnie's Morgrem,976.2,Marnie's Grimmsnarl / Marnie's Morgrem,975.5
Marnie's Grimmsnarl / Marnie's Morgrem,1134.4,Hydrapple / Teal Mask Ogerpon,1136.8
Marnie's Grimmsnarl / Marnie's Morgrem,945.9,Thwackey / Dipplin,1051.0
Marnie's Grimmsnarl / Marnie's Morgrem,890.6,Fezandipiti / Alakazam,989.2
Lopunny / Froslass,1063.2,Marnie's Grimmsnarl / Marnie's Morgrem,889.9
Lucario / Hariyama,906.8,Lopunny / Teal Mask Ogerpon,974.8
Fezandipiti / Alakazam,1006.4,Kangaskhan / Cornerstone Mask Ogerpon,848.4
Fezandipiti / Alakazam,881.7,Fezandipiti / Alakazam,1037.9
Dragapult / Meowth,1089.9,Dragapult / Dudunsparce,1040.5
Lopunny / Lillie’s Clefairy,801.5,Fezandipiti / Alakazam,884.0
Dragapult / Meowth,920.9,Marnie's Grimmsnarl / Marnie's Morgrem,974.1
Fezandipiti / Alakazam,1056.9,Teal Mask Ogerpon / Tapu Bulu,1056.8
Marnie's Grimmsnarl / Marnie's Morgrem,1025.2,Lucario / Hariyama,906.8
Marnie's Grimmsnarl / Marnie's Morgrem,889.9,Lopunny / Teal Mask Ogerpon,929.4
Lopunny / Teal Mask Ogerpon,999.2,Kangaskhan / Cornerstone Mask Ogerpon,848.4
Teal Mask Ogerpon / Hero’s Cape,951.7,Marnie's Grimmsnarl / Marnie's Morgrem,927.4
Fezandipiti / Alakazam,884.0,Marnie's Grimmsnarl / Marnie's Morgrem,878.7
Fezandipiti / Alakazam,1056.9,Fezandipiti / Alakazam,965.9
Teal Mask Ogerpon / Hero’s Cape,951.7,Dragapult / Meowth,920.9
Marnie's Grimmsnarl / Marnie's Morgrem,1056.9,Marnie's Grimmsnarl / Marnie's Morgrem,966.9
Dragapult / Meowth,991.9,Marnie's Grimmsnarl / Marnie's Morgrem,1051.2
Kangaskhan / Cornerstone Mask Ogerpon,157.9,Kangaskhan / Crustle,1063.2
Thwackey / Dipplin,1075.3,Fezandipiti / Alakazam,884.0
Marnie's Grimmsnarl / Marnie's Morgrem,1005.8,Marnie's Grimmsnarl / Marnie's Morgrem,1011.0
Lopunny / Froslass,967.2,Marnie's Grimmsnarl / Marnie's Morgrem,889.9
Fezandipiti / Alakazam,693.3,Fezandipiti / Alakazam,1012.8
Marnie's Grimmsnarl / Marnie's Morgrem,995.9,Fezandipiti / Alakazam,881.7
Teal Mask Ogerpon / Hero’s Cape,951.7,Marnie's Grimmsnarl / Marnie's Morgrem,1025.2
Fezandipiti / Alakazam,1013.1,Dragapult / Meowth,1089.9
Fezandipiti / Alakazam,884.0,Hydrapple / Teal Mask Ogerpon,1136.8
Lopunny / Froslass,1084.1,Marnie's Grimmsnarl / Marnie's Morgrem,1002.4
Lucario / Hariyama,1110.2,Dragapult / Meowth,920.9
Marnie's Grimmsnarl / Marnie's Morgrem,1099.5,Fezandipiti / Alakazam,1056.9
Marnie's Grimmsnarl / Marnie's Morgrem,1011.0,Dragapult / Meowth,991.9
Teal Mask Ogerpon / Tapu Bulu,973.3,Marnie's Grimmsnarl / Marnie's Morgrem,600.0
Venusaur / Teal Mask Ogerpon,739.9,Marnie's Grimmsnarl / Marnie's Morgrem,927.4
Fezandipiti / Alakazam,1013.1,Lucario / Hariyama,906.8
Marnie's Grimmsnarl / Marnie's Morgrem,1099.5,Marnie's Grimmsnarl / Marnie's Morgrem,889.9
Lopunny / Froslass,966.1,Teal Mask Ogerpon / Hero’s Cape,631.9
Fezandipiti / Alakazam,881.7,Lopunny / Froslass,1078.2
Lopunny / Froslass,913.0,Teal Mask Ogerpon / Hero’s Cape,951.7
Fezandipiti / Alakazam,884.0,Marnie's Grimmsnarl / Marnie's Morgrem,1002.4
Dragapult / Meowth,920.9,Teal Mask Ogerpon / Hero’s Cape,1008.0
Fezandipiti / Alakazam,1056.9,Fezandipiti / Alakazam,1034.0
Marnie's Grimmsnarl / Marnie's Morgrem,1056.9,Fezandipiti / Alakazam,884.0
Marnie's Grimmsnarl / Marnie's Morgrem,1029.4,Dragapult / Meowth,991.9
Marnie's Grimmsnarl / Marnie's Morgrem,1005.8,Marnie's Grimmsnarl / Marnie's Morgrem,935.2
Lopunny / Froslass,1054.9,Marnie's Grimmsnarl / Marnie's Morgrem,889.9
Meganium / Hydrapple,554.2,Lopunny / Froslass,966.1
Lopunny / Froslass,1110.2,Cornerstone Mask Ogerpon / Barbaracle,888.0
Teal Mask Ogerpon / Hero’s Cape,951.7,Team Rocket's Mewtwo / Team Rocket's Spidops,1004.4
Dragapult / Meowth,1089.9,Teal Mask Ogerpon / Hero’s Cape,980.8
Fezandipiti / Alakazam,884.0,Kangaskhan / Cornerstone Mask Ogerpon,157.9
Kangaskhan / Latias,1162.5,Marnie's Grimmsnarl / Marnie's Morgrem,1002.4
Marnie's Grimmsnarl / Marnie's Morgrem,1066.9,Dragapult / Meowth,920.9
Fezandipiti / Alakazam,1056.9,Marnie's Grimmsnarl / Marnie's Morgrem,959.2
Dragapult / Meowth,991.9,Marnie's Grimmsnarl / Marnie's Morgrem,1056.9
Marnie's Grimmsnarl / Marnie's Morgrem,1005.8,Fezandipiti / Alakazam,950.8
Fezandipiti / Alakazam,881.7,Marnie's Grimmsnarl / Marnie's Morgrem,1011.0
Teal Mask Ogerpon / Hero’s Cape,951.7,Marnie's Grimmsnarl / Marnie's Morgrem,782.3
Marnie's Grimmsnarl / Marnie's Morgrem,959.0,Marnie's Grimmsnarl / Marnie's Morgrem,1002.9
Marnie's Grimmsnarl / Marnie's Morgrem,974.2,Lucario / Hariyama,857.5
Kangaskhan / Cornerstone Mask Ogerpon,157.9,Fezandipiti / Alakazam,884.0
Fezandipiti / Alakazam,1056.9,Teal Mask Ogerpon / Hero’s Cape,923.9
Dragapult / Meowth,920.9,Fezandipiti / Alakazam,881.7
Dragapult / Blaziken,881.6,Kangaskhan / Crustle,924.1
Fezandipiti / Alakazam,948.8,Dragapult / Meowth,884.6
Fezandipiti / Alakazam,881.7,Fezandipiti / Alakazam,694.0
Lopunny / Dudunsparce,1054.9,Teal Mask Ogerpon / Hero’s Cape,951.7
Dragapult / Meowth,1089.9,Marnie's Grimmsnarl / Marnie's Morgrem,927.4
Kangaskhan / Cornerstone Mask Ogerpon,993.4,Fezandipiti / Alakazam,884.0
Dragapult / Meowth,920.9,Arboliva / Teal Mask Ogerpon,1013.7
Teal Mask Ogerpon / Hero’s Cape,990.9,Marnie's Grimmsnarl / Marnie's Morgrem,1002.4
Fezandipiti / Alakazam,1056.9,Venusaur / Teal Mask Ogerpon,739.9
Marnie's Grimmsnarl / Marnie's Morgrem,1022.6,Marnie's Grimmsnarl / Marnie's Morgrem,1046.9
Starmie / Froslass,869.2,Marnie's Grimmsnarl / Marnie's Morgrem,878.7
Marnie's Grimmsnarl / Marnie's Morgrem,1005.8,Teal Mask Ogerpon / Hero’s Cape,980.8
Fezandipiti / Alakazam,1061.7,Marnie's Grimmsnarl / Marnie's Morgrem,1039.0
Fezandipiti / Alakazam,1030.4,Lopunny / Froslass,966.1
Marnie's Grimmsnarl / Marnie's Morgrem,1022.6,Fezandipiti / Alakazam,881.7
Teal Mask Ogerpon / Hero’s Cape,951.7,Fezandipiti / Alakazam,1006.4
Marnie's Grimmsnarl / Marnie's Morgrem,959.0,Lopunny / Froslass,922.9
Fezandipiti / Alakazam,1061.7,Dragapult / Meowth,1089.9
Marnie's Grimmsnarl / Marnie's Morgrem,974.2,Marnie's Grimmsnarl / Marnie's Morgrem,1066.9
Marnie's Grimmsnarl / Marnie's Morgrem,931.8,Fezandipiti / Alakazam,884.0
Dragapult / Meowth,920.9,Teal Mask Ogerpon / Hero’s Cape,1035.5
Fezandipiti / Alakazam,1056.9,Dragapult / Meowth,1089.9
Marnie's Grimmsnarl / Marnie's Morgrem,944.6,Marnie's Grimmsnarl / Marnie's Morgrem,1056.9
Lucario / Hariyama,1110.2,Marnie's Grimmsnarl / Marnie's Morgrem,1078.0
Kangaskhan / Team Rocket's Kangaskhan,1028.4,Lopunny / Dudunsparce,1032.3
Venusaur / Teal Mask Ogerpon,739.9,Marnie's Grimmsnarl / Marnie's Morgrem,975.5
Marnie's Grimmsnarl / Marnie's Morgrem,1099.5,Marnie's Grimmsnarl / Marnie's Morgrem,1005.8
Fezandipiti / Alakazam,1061.7,Marnie's Grimmsnarl / Marnie's Morgrem,960.7
Marnie's Grimmsnarl / Marnie's Morgrem,940.5,Marnie's Grimmsnarl / Marnie's Morgrem,907.2
Fezandipiti / Alakazam,881.7,Marnie's Grimmsnarl / Marnie's Morgrem,1027.6
Marnie's Grimmsnarl / Marnie's Morgrem,1025.2,Teal Mask Ogerpon / Hero’s Cape,951.7
Dragapult / Meowth,1089.9,Marnie's Grimmsnarl / Marnie's Morgrem,1078.0
Venusaur / Teal Mask Ogerpon,739.9,Fezandipiti / Alakazam,884.0
Teal Mask Ogerpon / Hero’s Cape,631.9,Marnie's Grimmsnarl / Marnie's Morgrem,1002.4
Dragapult / Meowth,920.9,Fezandipiti / Alakazam,1006.4
Dragapult / Meowth,1047.2,Fezandipiti / Alakazam,1056.9
Marnie's Grimmsnarl / Marnie's Morgrem,1134.4,Fezandipiti / Alakazam,884.0
Fezandipiti / Alakazam,1056.9,Marnie's Grimmsnarl / Marnie's Morgrem,1005.8
Fezandipiti / Alakazam,1061.7,Fezandipiti / Alakazam,1017.2
Fezandipiti / Alakazam,1035.4,Fezandipiti / Alakazam,881.7
Teal Mask Ogerpon / Hero’s Cape,951.7,Cynthia's Garchomp / Cynthia's Gabite,913.4
Marnie's Grimmsnarl / Marnie's Morgrem,1039.5,Cynthia's Garchomp / Cynthia's Gabite,1082.7
Teal Mask Ogerpon / Hero’s Cape,1008.0,Thwackey / Dipplin,1051.0
Marnie's Grimmsnarl / Marnie's Morgrem,959.0,Venusaur / Teal Mask Ogerpon,739.9
Dragapult / Meowth,920.9,Marnie's Grimmsnarl / Marnie's Morgrem,959.2
Fezandipiti / Alakazam,884.0,Fezandipiti / Alakazam,806.7
Cynthia's Garchomp / Cynthia's Gabite,982.7,Fezandipiti / Alakazam,1056.9
Kangaskhan / Crustle,1019.6,Kangaskhan / Cornerstone Mask Ogerpon,1084.1
Marnie's Grimmsnarl / Marnie's Morgrem,1051.2,Venusaur / Kangaskhan,998.3
Marnie's Grimmsnarl / Marnie's Morgrem,974.1,Starmie / Froslass,869.2
Marnie's Grimmsnarl / Marnie's Morgrem,1005.8,Fezandipiti / Alakazam,694.0
Fezandipiti / Alakazam,1061.7,Lopunny / Dudunsparce,1032.3
Marnie's Grimmsnarl / Marnie's Morgrem,889.9,Cynthia's Garchomp / Cynthia's Gabite,982.7
Cynthia's Garchomp / Cynthia's Gabite,1055.5,Fezandipiti / Alakazam,881.7
Fezandipiti / Alakazam,1035.2,Teal Mask Ogerpon / Hero’s Cape,951.7
Marnie's Grimmsnarl / Marnie's Morgrem,959.0,Fezandipiti / Alakazam,1006.4
Dragapult / Meowth,1054.7,Dragapult / Meowth,1089.9
Marnie's Grimmsnarl / Marnie's Morgrem,1002.9,Marnie's Grimmsnarl / Marnie's Morgrem,974.2
Fezandipiti / Alakazam,1061.7,Dragapult / Meowth,920.9
Fezandipiti / Alakazam,884.0,Teal Mask Ogerpon / Hero’s Cape,990.9
Kangaskhan / Teal Mask Ogerpon,1169.7,Teal Mask Ogerpon / Tapu Bulu,1056.8
Kangaskhan / Latias,1162.5,Marnie's Grimmsnarl / Marnie's Morgrem,983.8
Lopunny / Froslass,997.8,Lopunny / Dudunsparce,933.5
Fezandipiti / Alakazam,1061.7,Dragapult / Meowth,967.4
Fezandipiti / Alakazam,884.0,Thwackey / Dipplin,1075.3
Marnie's Grimmsnarl / Marnie's Morgrem,1005.8,Kangaskhan / Crustle,992.2
Marnie's Grimmsnarl / Marnie's Morgrem,1005.8,Marnie's Grimmsnarl / Marnie's Morgrem,940.5
Fezandipiti / Alakazam,1061.7,Kangaskhan / Cornerstone Mask Ogerpon,993.4
Marnie's Grimmsnarl / Marnie's Morgrem,967.8,Marnie's Grimmsnarl / Marnie's Morgrem,889.9
Lucario / Hariyama,1099.5,Marnie's Grimmsnarl / Marnie's Morgrem,976.2
Dragapult / Meowth,1089.9,Fezandipiti / Alakazam,1035.2
Marnie's Grimmsnarl / Marnie's Morgrem,959.0,Dragapult / Meowth,991.9
Lucario / Hariyama,1203.5,Hydrapple / Teal Mask Ogerpon,1166.1
Lopunny / Froslass,1185.1,Fezandipiti / Alakazam,1017.2
Marnie's Grimmsnarl / Marnie's Morgrem,1066.9,Marnie's Grimmsnarl / Marnie's Morgrem,1002.4
Dragapult / Meowth,920.9,Fezandipiti / Alakazam,924.1
Lopunny / Froslass,1078.2,Teal Mask Ogerpon / Hero’s Cape,951.7
Archaludon / Cinderace,737.6,Venusaur / Teal Mask Ogerpon,739.9
Marnie's Grimmsnarl / Marnie's Morgrem,823.7,Team Rocket's Mewtwo / Team Rocket's Spidops,935.1
Fezandipiti / Alakazam,1061.7,Marnie's Grimmsnarl / Marnie's Morgrem,974.2
Thwackey / Dipplin,959.6,Marnie's Grimmsnarl / Marnie's Morgrem,1005.8
Marnie's Grimmsnarl / Marnie's Morgrem,1005.8,Lopunny / Froslass,827.5
Marnie's Grimmsnarl / Marnie's Morgrem,889.9,Cynthia's Garchomp / Cynthia's Gabite,1082.7
Lopunny / Froslass,966.1,Lopunny / Dudunsparce,933.5
Teal Mask Ogerpon / Hero’s Cape,951.7,Teal Mask Ogerpon / Tapu Bulu,973.3
Dragapult / Meowth,1089.9,Marnie's Grimmsnarl / Marnie's Morgrem,1005.8
Dragapult / Meowth,920.9,Marnie's Grimmsnarl / Marnie's Morgrem,932.0
Fezandipiti / Alakazam,1034.0,Marnie's Grimmsnarl / Marnie's Morgrem,1026.1
Marnie's Grimmsnarl / Marnie's Morgrem,1066.9,Marnie's Grimmsnarl / Marnie's Morgrem,1037.2
Marnie's Grimmsnarl / Marnie's Morgrem,954.3,Meganium / Hydrapple,554.2
Marnie's Grimmsnarl / Marnie's Morgrem,823.7,Marnie's Grimmsnarl / Marnie's Morgrem,1025.2
Fezandipiti / Alakazam,1061.7,Lopunny / Froslass,922.9
Marnie's Grimmsnarl / Marnie's Morgrem,1134.4,Fezandipiti / Alakazam,1061.7
Teal Mask Ogerpon / Hero’s Cape,1025.5,Marnie's Grimmsnarl / Marnie's Morgrem,959.0
Fezandipiti / Alakazam,1189.4,Teal Mask Ogerpon / Hero’s Cape,951.7
Dragapult / Meowth,1089.9,Marnie's Grimmsnarl / Marnie's Morgrem,929.1
Kangaskhan / Cornerstone Mask Ogerpon,993.4,Marnie's Grimmsnarl / Marnie's Morgrem,954.3
Marnie's Grimmsnarl / Marnie's Morgrem,981.3,Marnie's Grimmsnarl / Marnie's Morgrem,823.7
Fezandipiti / Alakazam,1061.7,Alakazam / Kadabra,1056.8
Kangaskhan / Cornerstone Mask Ogerpon,982.1,Marnie's Grimmsnarl / Marnie's Morgrem,967.4
Teal Mask Ogerpon / Hero’s Cape,980.8,Marnie's Grimmsnarl / Marnie's Morgrem,1005.8
Fezandipiti / Alakazam,1120.8,Marnie's Grimmsnarl / Marnie's Morgrem,889.9
Kangaskhan / Latias,1081.7,Marnie's Grimmsnarl / Marnie's Morgrem,1005.8
Marnie's Grimmsnarl / Marnie's Morgrem,1015.3,Marnie's Grimmsnarl / Marnie's Morgrem,959.0
Fezandipiti / Alakazam,966.1,Teal Mask Ogerpon / Hero’s Cape,951.7
Kangaskhan / Cornerstone Mask Ogerpon,993.4,Dragapult / Meowth,1089.9
Kangaskhan / Crustle,1063.2,Marnie's Grimmsnarl / Marnie's Morgrem,1136.8
Kangaskhan / Crustle,978.3,Fezandipiti / Alakazam,1061.7
Fezandipiti / Alakazam,965.9,Kangaskhan / Cornerstone Mask Ogerpon,982.1
Fezandipiti / Alakazam,1052.1,Archaludon / Cinderace,737.6
Fezandipiti / Alakazam,1061.7,Fezandipiti / Alakazam,1055.1
Marnie's Grimmsnarl / Marnie's Morgrem,1051.2,Marnie's Grimmsnarl / Marnie's Morgrem,1005.8
Marnie's Grimmsnarl / Marnie's Morgrem,1005.8,Dragapult / Meowth,884.6
Teal Mask Ogerpon / Hero’s Cape,951.7,Marnie's Grimmsnarl / Marnie's Morgrem,1026.1
Marnie's Grimmsnarl / Marnie's Morgrem,903.0,Dragapult / Meowth,1089.9
Marnie's Grimmsnarl / Marnie's Morgrem,868.6,Marnie's Grimmsnarl / Marnie's Morgrem,954.3
Archaludon / Cinderace,737.6,Marnie's Grimmsnarl / Marnie's Morgrem,910.9
Fezandipiti / Alakazam,1061.7,Marnie's Grimmsnarl / Marnie's Morgrem,944.6
Dragapult / Meowth,1089.9,Kangaskhan / Cornerstone Mask Ogerpon,982.1
Fezandipiti / Alakazam,1052.1,Kangaskhan / Crustle,992.2
Marnie's Grimmsnarl / Marnie's Morgrem,983.8,Fezandipiti / Alakazam,1061.7
Teal Mask Ogerpon / Hero’s Cape,1035.5,Teal Mask Ogerpon / Hero’s Cape,951.7
Marnie's Grimmsnarl / Marnie's Morgrem,600.0,Fezandipiti / Alakazam,1001.1
Lopunny / Froslass,1088.1,Marnie's Grimmsnarl / Marnie's Morgrem,1037.2
Marnie's Grimmsnarl / Marnie's Morgrem,974.1,Archaludon / Cinderace,737.6
Fezandipiti / Alakazam,1120.8,Fezandipiti / Alakazam,1061.7
Lopunny / Froslass,879.9,Kangaskhan / Cornerstone Mask Ogerpon,982.1
Marnie's Grimmsnarl / Marnie's Morgrem,1005.8,Fezandipiti / Alakazam,1052.1
Fezandipiti / Alakazam,1061.7,Fezandipiti / Alakazam,1006.4
Marnie's Grimmsnarl / Marnie's Morgrem,1005.8,Marnie's Grimmsnarl / Marnie's Morgrem,944.6
Kangaskhan / Crustle,954.4,Teal Mask Ogerpon / Hero’s Cape,951.7
Lucario / Hariyama,1117.5,Dragapult / Meowth,1089.9
Lopunny / Teal Mask Ogerpon,999.2,Fezandipiti / Alakazam,1185.1
Lucario / Hariyama,964.9,Teal Mask Ogerpon / Hero’s Cape,1025.5
Lopunny / Froslass,998.5,Fezandipiti / Alakazam,1061.7
Fezandipiti / Alakazam,1052.1,Thwackey / Dipplin,929.6
Marnie's Grimmsnarl / Marnie's Morgrem,1022.6,Fezandipiti / Alakazam,1061.7
Marnie's Grimmsnarl / Marnie's Morgrem,896.2,Fezandipiti / Alakazam,1120.8
Fezandipiti / Alakazam,1099.6,Dragapult / Dudunsparce,1040.5
Dragapult / Blaziken,881.6,Dragapult / Meowth,1089.9
Marnie's Grimmsnarl / Marnie's Morgrem,974.2,Marnie's Grimmsnarl / Marnie's Morgrem,981.3
Fezandipiti / Alakazam,1061.7,Fezandipiti / Alakazam,948.8
Fezandipiti / Alakazam,1052.1,Marnie's Grimmsnarl / Marnie's Morgrem,1026.1
Marnie's Grimmsnarl / Marnie's Morgrem,1011.0,Kangaskhan / Cornerstone Mask Ogerpon,982.1
Dragapult / Meowth,1089.9,Fezandipiti / Alakazam,1061.7
Lopunny / Froslass,1088.1,Fezandipiti / Alakazam,948.8
Lopunny / Froslass,966.1,Fezandipiti / Alakazam,1017.2
Lopunny / Froslass,913.0,Teal Mask Ogerpon / Hero’s Cape,951.7
Dragapult / Meowth,1089.9,Teal Mask Ogerpon / Hero’s Cape,1025.5
Dragapult / Meowth,1089.9,Fezandipiti / Alakazam,948.8
Meowth / Latias,875.6,Venusaur / Teal Mask Ogerpon,739.9
Fezandipiti / Alakazam,918.9,Marnie's Grimmsnarl / Marnie's Morgrem,895.7
Lucario / Riolu,1049.2,Marnie's Grimmsnarl / Marnie's Morgrem,959.0
Fezandipiti / Alakazam,1052.1,Marnie's Grimmsnarl / Marnie's Morgrem,866.8
Fezandipiti / Alakazam,1061.7,Lucario / Hariyama,1117.5
Kangaskhan / Cornerstone Mask Ogerpon,982.1,Team Rocket's Mewtwo / Team Rocket's Spidops,1004.4
Fezandipiti / Alakazam,1061.7,Kangaskhan / Crustle,1066.9
Marnie's Grimmsnarl / Marnie's Morgrem,1005.8,Fezandipiti / Alakazam,1017.2
Fezandipiti / Rillaboom,941.6,Fezandipiti / Alakazam,884.0
Marnie's Grimmsnarl / Marnie's Morgrem,965.0,Fezandipiti / Alakazam,1006.4
Thwackey / Dipplin,959.6,Marnie's Grimmsnarl / Marnie's Morgrem,959.0
Lopunny / Froslass,997.9,Dragapult / Meowth,1089.9
Lopunny / Froslass,1110.2,Fezandipiti / Alakazam,1056.9
Fezandipiti / Alakazam,1061.7,Marnie's Grimmsnarl / Marnie's Morgrem,1027.6
Lucario / Hariyama,1099.5,Marnie's Grimmsnarl / Marnie's Morgrem,1005.8
Fezandipiti / Alakazam,1052.1,Marnie's Grimmsnarl / Marnie's Morgrem,974.1
Marnie's Grimmsnarl / Marnie's Morgrem,1078.2,Fezandipiti / Alakazam,1061.7
Marnie's Grimmsnarl / Marnie's Morgrem,945.9,Lucario / Riolu,1049.2
Meowth / Latias,875.6,Team Rocket's Mewtwo / Team Rocket's Spidops,1004.4
Dragapult / Dudunsparce,1040.5,Dragapult / Meowth,1089.9
Lopunny / Froslass,963.8,Dragapult / Dudunsparce,1040.5
Meganium / Hydrapple,554.2,Meowth / Latias,875.6
Lucario / Riolu,1049.2,Marnie's Grimmsnarl / Marnie's Morgrem,944.6
Fezandipiti / Alakazam,1055.1,Fezandipiti / Alakazam,1061.7
Fezandipiti / Alakazam,1061.7,Fezandipiti / Alakazam,1052.1
Fezandipiti / Alakazam,1056.9,Fezandipiti / Alakazam,1061.7
Venusaur / Kangaskhan,998.3,Marnie's Grimmsnarl / Marnie's Morgrem,1005.8
Fezandipiti / Alakazam,1034.0,Lopunny / Froslass,966.1
Lopunny / Froslass,1078.2,Teal Mask Ogerpon / Hero’s Cape,951.7
Dragapult / Meowth,1089.9,Hydrapple / Teal Mask Ogerpon,1166.1
Marnie's Grimmsnarl / Marnie's Morgrem,1005.8,Lopunny / Lillie’s Clefairy,801.5
Marnie's Grimmsnarl / Marnie's Morgrem,974.1,Fezandipiti / Alakazam,1061.7
Fezandipiti / Alakazam,1052.1,Lopunny / Dudunsparce,913.4
Fezandipiti / Alakazam,1061.7,Marnie's Grimmsnarl / Marnie's Morgrem,1066.9
Fezandipiti / Alakazam,969.0,Marnie's Grimmsnarl / Marnie's Morgrem,1005.8
Marnie's Grimmsnarl / Marnie's Morgrem,889.9,Kangaskhan / Cornerstone Mask Ogerpon,993.4
Marnie's Grimmsnarl / Marnie's Morgrem,1022.6,Dragapult / Meowth,1006.7
Meowth / Latias,875.6,Marnie's Grimmsnarl / Marnie's Morgrem,966.5
Lucario / Riolu,1049.2,Marnie's Grimmsnarl / Marnie's Morgrem,961.1
Marnie's Grimmsnarl / Marnie's Morgrem,1002.9,Cynthia's Garchomp / Cynthia's Gabite,1105.3
Fezandipiti / Alakazam,1052.1,Fezandipiti / Alakazam,1061.7
Fezandipiti / Alakazam,1052.1,Kangaskhan / Crustle,920.6
Fezandipiti / Alakazam,1061.7,Fezandipiti / Alakazam,884.0
Dragapult / Blaziken,881.6,Fezandipiti / Alakazam,975.9
Marnie's Grimmsnarl / Marnie's Morgrem,997.8,Marnie's Grimmsnarl / Marnie's Morgrem,889.9
Meowth / Latias,875.6,Marnie's Grimmsnarl / Marnie's Morgrem,866.8
Fezandipiti / Alakazam,1061.7,Marnie's Grimmsnarl / Marnie's Morgrem,973.6
Fezandipiti / Alakazam,1052.1,Fezandipiti / Alakazam,1013.1
Fezandipiti / Alakazam,1061.7,Marnie's Grimmsnarl / Marnie's Morgrem,1015.3
Dragapult / Meowth,1104.0,Marnie's Grimmsnarl / Marnie's Morgrem,1040.4
Meowth / Latias,875.6,Kangaskhan / Crustle,924.1
Fezandipiti / Alakazam,918.9,Lopunny / Froslass,600.0
Lopunny / Froslass,920.9,Fezandipiti / Alakazam,1052.1
Marnie's Grimmsnarl / Marnie's Morgrem,889.9,Fezandipiti / Alakazam,1061.7
Fezandipiti / Alakazam,1061.7,Venusaur / Teal Mask Ogerpon,739.9
Lopunny / Froslass,997.9,Marnie's Grimmsnarl / Marnie's Morgrem,934.4
Marnie's Grimmsnarl / Marnie's Morgrem,1005.8,Marnie's Grimmsnarl / Marnie's Morgrem,1066.9
Marnie's Grimmsnarl / Marnie's Morgrem,981.3,Marnie's Grimmsnarl / Marnie's Morgrem,1189.4
Meowth / Latias,875.6,Fezandipiti / Alakazam,1061.7
Lucario / Hariyama,906.8,Lopunny / Froslass,1078.2
Marnie's Grimmsnarl / Marnie's Morgrem,1051.2,Lopunny / Froslass,966.1
Lucario / Riolu,1049.2,Marnie's Grimmsnarl / Marnie's Morgrem,971.7
Fezandipiti / Alakazam,948.8,Kangaskhan / Cornerstone Mask Ogerpon,982.1
Fezandipiti / Alakazam,1034.0,Fezandipiti / Alakazam,1061.7
Fezandipiti / Alakazam,1061.7,Marnie's Grimmsnarl / Marnie's Morgrem,1037.2
Marnie's Grimmsnarl / Marnie's Morgrem,1039.5,Fezandipiti / Alakazam,1052.1
Fezandipiti / Alakazam,1001.1,Fezandipiti / Alakazam,1037.9
Cynthia's Garchomp / Cynthia's Gabite,972.7,Meowth / Latias,875.6
Lucario / Riolu,1049.2,Marnie's Grimmsnarl / Marnie's Morgrem,866.8
Marnie's Grimmsnarl / Marnie's Morgrem,1066.9,Fezandipiti / Alakazam,1061.7
Fezandipiti / Alakazam,1061.7,Marnie's Grimmsnarl / Marnie's Morgrem,903.0
Marnie's Grimmsnarl / Marnie's Morgrem,1005.8,Dragapult / Blaziken,881.6
Fezandipiti / Rillaboom,941.6,Fezandipiti / Alakazam,1037.9
Fezandipiti / Alakazam,941.6,Kangaskhan / Crustle,961.3
Dragapult / Meowth,920.9,Kangaskhan / Crustle,992.2
Meowth / Latias,875.6,Lopunny / Froslass,879.9
Lucario / Riolu,1049.2,Fezandipiti / Alakazam,953.1
Fezandipiti / Alakazam,1061.7,Kangaskhan / Crustle,924.1
Fezandipiti / Alakazam,1052.1,Kangaskhan / Crustle,1066.9
Fezandipiti / Alakazam,1061.7,Fezandipiti / Alakazam,1035.4
Marnie's Grimmsnarl / Marnie's Morgrem,1025.2,Lucario / Hariyama,906.8
Marnie's Grimmsnarl / Marnie's Morgrem,1074.1,Kangaskhan / Crustle,1019.6
Lucario / Hariyama,1117.5,Kangaskhan / Crustle,1019.6
Marnie's Grimmsnarl / Marnie's Morgrem,889.9,Meowth / Latias,875.6
Fezandipiti / Alakazam,1035.2,Lucario / Riolu,1049.2
Cynthia's Garchomp / Cynthia's Gabite,1105.3,Marnie's Grimmsnarl / Marnie's Morgrem,1078.2
Kangaskhan / Cornerstone Mask Ogerpon,982.1,Marnie's Grimmsnarl / Marnie's Morgrem,973.6
Marnie's Grimmsnarl / Marnie's Morgrem,1051.2,Fezandipiti / Alakazam,1052.1
Fezandipiti / Alakazam,1061.7,Marnie's Grimmsnarl / Marnie's Morgrem,971.7
Fezandipiti / Alakazam,1052.1,Fezandipiti / Alakazam,1061.7
Alakazam / Kadabra,1056.8,Fezandipiti / Rillaboom,941.6
Teal Mask Ogerpon / Tapu Bulu,1056.8,Meowth / Latias,875.6
Cynthia's Garchomp / Cynthia's Gabite,1105.3,Kangaskhan / Crustle,974.6
Fezandipiti / Alakazam,1053.9,Kangaskhan / Cornerstone Mask Ogerpon,993.4
Fezandipiti / Alakazam,969.0,Fezandipiti / Alakazam,1061.7
Fezandipiti / Alakazam,1052.1,Dragapult / Blaziken,881.6
Fezandipiti / Alakazam,1061.7,Marnie's Grimmsnarl / Marnie's Morgrem,903.0
Marnie's Grimmsnarl / Marnie's Morgrem,927.4,Fezandipiti / Alakazam,1044.7
Lucario / Cornerstone Mask Ogerpon,991.9,Marnie's Grimmsnarl / Marnie's Morgrem,900.3
Lucario / Riolu,1049.2,Fezandipiti / Alakazam,806.7
Lucario / Cornerstone Mask Ogerpon,991.9,Fezandipiti / Alakazam,959.1
Kangaskhan / Cornerstone Mask Ogerpon,982.1,Teal Mask Ogerpon / Hero’s Cape,1025.5
Marnie's Grimmsnarl / Marnie's Morgrem,600.0,Marnie's Grimmsnarl / Marnie's Morgrem,1046.9
Lopunny / Froslass,1185.1,Fezandipiti / Alakazam,1052.1
Lopunny / Dudunsparce,1032.3,Meowth / Latias,875.6
Hydrapple / Teal Mask Ogerpon,1136.8,Fezandipiti / Alakazam,918.9
Cynthia's Garchomp / Cynthia's Gabite,1105.3,Lucario / Hariyama,857.5
Fezandipiti / Alakazam,941.6,Lopunny / Froslass,913.0
Fezandipiti / Alakazam,1061.7,Kangaskhan / Teal Mask Ogerpon,1169.7
Marnie's Grimmsnarl / Marnie's Morgrem,1074.1,Kangaskhan / Latias,1162.5
Fezandipiti / Alakazam,1120.8,Marnie's Grimmsnarl / Marnie's Morgrem,960.8
Fezandipiti / Alakazam,959.1,Marnie's Grimmsnarl / Marnie's Morgrem,1037.2
Marnie's Grimmsnarl / Marnie's Morgrem,1046.9,Kangaskhan / Team Rocket's Kangaskhan,1028.4
Meowth / Latias,875.6,Teal Mask Ogerpon / Hero’s Cape,980.8
Lucario / Riolu,1049.2,Fezandipiti / Alakazam,987.5
Cynthia's Garchomp / Cynthia's Gabite,1105.3,Marnie's Grimmsnarl / Marnie's Morgrem,969.6
Fezandipiti / Alakazam,1061.7,Venusaur / Kangaskhan,998.3
Kangaskhan / Teal Mask Ogerpon,1169.7,Fezandipiti / Alakazam,1052.1
Marnie's Grimmsnarl / Marnie's Morgrem,1111.6,Fezandipiti / Alakazam,1061.7
Dragapult / Blaziken,881.6,Fezandipiti / Rillaboom,941.6
Kangaskhan / Teal Mask Ogerpon,1169.7,Marnie's Grimmsnarl / Marnie's Morgrem,1074.1
Marnie's Grimmsnarl / Marnie's Morgrem,1074.1,Dragapult / Meowth,1054.7
Lopunny / Froslass,1117.5,Marnie's Grimmsnarl / Marnie's Morgrem,1111.6
Fezandipiti / Alakazam,959.1,Kangaskhan / Crustle,978.3
Marnie's Grimmsnarl / Marnie's Morgrem,1046.9,Kangaskhan / Crustle,978.3
Dragapult / Meowth,1006.7,Meowth / Latias,875.6
Lucario / Riolu,1049.2,Kangaskhan / Crustle,1063.2
Cynthia's Garchomp / Cynthia's Gabite,1105.3,Fezandipiti / Alakazam,881.7
Marnie's Grimmsnarl / Marnie's Morgrem,1025.2,Kangaskhan / Cornerstone Mask Ogerpon,982.1
Lopunny / Froslass,913.0,Fezandipiti / Alakazam,1052.1
Fezandipiti / Alakazam,884.0,Fezandipiti / Alakazam,1061.7
Marnie's Grimmsnarl / Marnie's Morgrem,1005.8,Marnie's Grimmsnarl / Marnie's Morgrem,1002.9
Marnie's Grimmsnarl / Marnie's Morgrem,889.9,Dragapult / Meowth,1089.9
Fezandipiti / Alakazam,941.6,Fezandipiti / Alakazam,959.1
Lucario / Riolu,1049.2,Dragapult / Meowth,884.6
Thwackey / Dipplin,1051.0,Cynthia's Garchomp / Cynthia's Gabite,1105.3
Thwackey / Seaking,761.5,Teal Mask Ogerpon / Hero’s Cape,1008.0
Kangaskhan / Crustle,1019.6,Kangaskhan / Cornerstone Mask Ogerpon,982.1
Fezandipiti / Alakazam,1052.1,Kangaskhan / Crustle,750.4
Fezandipiti / Alakazam,1052.1,Fezandipiti / Alakazam,1061.7
Fezandipiti / Alakazam,959.1,Marnie's Grimmsnarl / Marnie's Morgrem,1005.8
Kangaskhan / Cornerstone Mask Ogerpon,157.9,Marnie's Grimmsnarl / Marnie's Morgrem,1136.8
Fezandipiti / Rillaboom,941.6,Fezandipiti / Alakazam,965.9
Fezandipiti / Alakazam,959.1,Lopunny / Froslass,967.2
Lucario / Riolu,1049.2,Teal Mask Ogerpon / Tapu Bulu,1056.8
Fezandipiti / Alakazam,1061.7,Hydrapple / Teal Mask Ogerpon,1136.8
Marnie's Grimmsnarl / Marnie's Morgrem,1005.8,Lucario / Hariyama,991.1
Fezandipiti / Alakazam,1052.1,Fezandipiti / Alakazam,1006.4
Thwackey / Dipplin,1075.3,Fezandipiti / Alakazam,1055.1
Dragapult / Meowth,1104.0,Lopunny / Teal Mask Ogerpon,999.2
Lopunny / Froslass,1063.2,Lopunny / Froslass,1084.1
Lucario / Hariyama,964.9,Lopunny / Teal Mask Ogerpon,999.2
Kangaskhan / Team Rocket's Kangaskhan,1028.4,Fezandipiti / Alakazam,917.8
Teal Mask Ogerpon / Hero’s Cape,1008.0,Cynthia's Garchomp / Cynthia's Gabite,1105.3
Marnie's Grimmsnarl / Marnie's Morgrem,1046.9,Fezandipiti / Alakazam,959.1
Marnie's Grimmsnarl / Marnie's Morgrem,1074.1,Fezandipiti / Alakazam,895.8
Lopunny / Dudunsparce,913.4,Fezandipiti / Alakazam,917.8
Fezandipiti / Alakazam,911.8,Marnie's Grimmsnarl / Marnie's Morgrem,1046.9
Fezandipiti / Alakazam,959.1,Lopunny / Dudunsparce,954.6
Fezandipiti / Alakazam,959.1,Fezandipiti / Alakazam,989.2
Lucario / Riolu,1049.2,Dragapult / Meowth,1054.7
Cynthia's Garchomp / Cynthia's Gabite,982.7,Cynthia's Garchomp / Cynthia's Gabite,1105.3
Marnie's Grimmsnarl / Marnie's Morgrem,966.5,Kangaskhan / Cornerstone Mask Ogerpon,982.1
Thwackey / Seaking,761.5,Marnie's Grimmsnarl / Marnie's Morgrem,1025.2
Fezandipiti / Alakazam,1061.7,Dragapult / Meowth,920.9
Thwackey / Dipplin,1075.3,Fezandipiti / Alakazam,1052.1
Marnie's Grimmsnarl / Marnie's Morgrem,1005.8,Lopunny / Froslass,913.0
Marnie's Grimmsnarl / Marnie's Morgrem,1036.7,Fezandipiti / Alakazam,975.9
Meganium / Hydrapple,554.2,Marnie's Grimmsnarl / Marnie's Morgrem,1074.1
Marnie's Grimmsnarl / Marnie's Morgrem,1014.7,Kangaskhan / Crustle,920.6
Fezandipiti / Alakazam,966.1,Marnie's Grimmsnarl / Marnie's Morgrem,1066.9
Fezandipiti / Alakazam,959.1,Marnie's Grimmsnarl / Marnie's Morgrem,1036.7
Marnie's Grimmsnarl / Marnie's Morgrem,1046.9,Kangaskhan / Crustle,981.5
Fezandipiti / Alakazam,1030.4,Lucario / Riolu,1049.2
Marnie's Grimmsnarl / Marnie's Morgrem,1037.2,Team Rocket's Mewtwo / Team Rocket's Spidops,865.8
Cynthia's Garchomp / Cynthia's Gabite,1105.3,Marnie's Grimmsnarl / Marnie's Morgrem,1015.3
Lopunny / Froslass,1023.0,Thwackey / Seaking,761.5
Kangaskhan / Cornerstone Mask Ogerpon,982.1,Lopunny / Teal Mask Ogerpon,999.2
Marnie's Grimmsnarl / Marnie's Morgrem,1111.6,Fezandipiti / Alakazam,1061.7
Fezandipiti / Alakazam,1035.2,Fezandipiti / Alakazam,1052.1
Teal Mask Ogerpon / Hero’s Cape,951.7,Marnie's Grimmsnarl / Marnie's Morgrem,1027.6
Marnie's Grimmsnarl / Marnie's Morgrem,1014.7,Kangaskhan / Crustle,923.3
Cynthia's Garchomp / Cynthia's Gabite,1105.3,Fezandipiti / Alakazam,917.8
Fezandipiti / Alakazam,959.1,Lopunny / Dudunsparce,913.4
Marnie's Grimmsnarl / Marnie's Morgrem,1039.5,Lucario / Riolu,1049.2
Dragapult / Meowth,1047.2,Lopunny / Froslass,1023.0
Lopunny / Froslass,963.8,Kangaskhan / Cornerstone Mask Ogerpon,982.1
Lopunny / Froslass,1049.2,Kangaskhan / Crustle,992.2
Kangaskhan / Cornerstone Mask Ogerpon,1081.7,Fezandipiti / Alakazam,1052.1
Marnie's Grimmsnarl / Marnie's Morgrem,1014.7,Lopunny / Froslass,997.9
Marnie's Grimmsnarl / Marnie's Morgrem,963.3,Fezandipiti / Alakazam,1055.1
Lopunny / Froslass,1023.0,Fezandipiti / Alakazam,959.1
Lopunny / Froslass,913.0,Marnie's Grimmsnarl / Marnie's Morgrem,1046.9
Lucario / Riolu,1049.2,Marnie's Grimmsnarl / Marnie's Morgrem,1002.9
Lopunny / Froslass,1023.0,Kangaskhan / Cornerstone Mask Ogerpon,982.1
Thwackey / Seaking,761.5,Marnie's Grimmsnarl / Marnie's Morgrem,903.0
Marnie's Grimmsnarl / Marnie's Morgrem,1022.6,Fezandipiti / Alakazam,1061.7
Marnie's Grimmsnarl / Marnie's Morgrem,1134.4,Fezandipiti / Alakazam,1052.1
Marnie's Grimmsnarl / Marnie's Morgrem,1134.4,Marnie's Grimmsnarl / Marnie's Morgrem,1002.9
Dragapult / Dudunsparce,1040.5,Kangaskhan / Cornerstone Mask Ogerpon,982.1
Cynthia's Garchomp / Cynthia's Gabite,1105.3,Lopunny / Froslass,963.1
Fezandipiti / Alakazam,906.9,Cynthia's Garchomp / Cynthia's Gabite,1030.4
Marnie's Grimmsnarl / Marnie's Morgrem,975.5,Fezandipiti / Alakazam,959.1
Lopunny / Froslass,1117.5,Thwackey / Seaking,761.5
Fezandipiti / Alakazam,1035.4,Fezandipiti / Alakazam,966.1
Team Rocket's Mewtwo / Team Rocket's Spidops,1004.4,Fezandipiti / Alakazam,1061.7
Marnie's Grimmsnarl / Marnie's Morgrem,1014.7,Marnie's Grimmsnarl / Marnie's Morgrem,1022.6
Marnie's Grimmsnarl / Marnie's Morgrem,1134.4,Lopunny / Froslass,600.0
Marnie's Grimmsnarl / Marnie's Morgrem,1040.4,Marnie's Grimmsnarl / Marnie's Morgrem,973.6
Marnie's Grimmsnarl / Marnie's Morgrem,1014.7,Lucario / Riolu,1049.2
Marnie's Grimmsnarl / Marnie's Morgrem,1026.1,Marnie's Grimmsnarl / Marnie's Morgrem,1005.8
Lopunny / Teal Mask Ogerpon,974.8,Fezandipiti / Alakazam,1061.7
Fezandipiti / Alakazam,1189.4,Lucario / Hariyama,1203.5
Dragapult / Meowth,1104.0,Fezandipiti / Alakazam,906.9
Lopunny / Froslass,1117.5,Marnie's Grimmsnarl / Marnie's Morgrem,1014.7
Fezandipiti / Alakazam,959.1,Marnie's Grimmsnarl / Marnie's Morgrem,945.6
Kangaskhan / Latias,1162.5,Lucario / Riolu,1049.2
Cynthia's Garchomp / Cynthia's Gabite,1105.3,Fezandipiti / Alakazam,1047.2
Marnie's Grimmsnarl / Marnie's Morgrem,1134.4,Team Rocket's Mewtwo / Team Rocket's Spidops,1004.4
Fezandipiti / Alakazam,1053.9,Lopunny / Froslass,967.2
Fezandipiti / Alakazam,1061.7,Fezandipiti / Alakazam,1017.2
Marnie's Grimmsnarl / Marnie's Morgrem,974.2,Fezandipiti / Alakazam,1099.6
Kangaskhan / Crustle,1063.2,Fezandipiti / Alakazam,906.9
Marnie's Grimmsnarl / Marnie's Morgrem,1002.4,Fezandipiti / Alakazam,959.1
Marnie's Grimmsnarl / Marnie's Morgrem,1046.9,Lopunny / Froslass,998.5
Lucario / Riolu,1049.2,Marnie's Grimmsnarl / Marnie's Morgrem,1040.4
Cynthia's Garchomp / Cynthia's Gabite,1105.3,Marnie's Grimmsnarl / Marnie's Morgrem,1039.0
Thwackey / Seaking,761.5,Lucario / Hariyama,964.9
Marnie's Grimmsnarl / Marnie's Morgrem,1134.4,Marnie's Grimmsnarl / Marnie's Morgrem,1025.2
Fezandipiti / Alakazam,694.0,Lopunny / Froslass,913.0
Kangaskhan / Cornerstone Mask Ogerpon,157.9,Marnie's Grimmsnarl / Marnie's Morgrem,946.5
Fezandipiti / Alakazam,1120.8,Marnie's Grimmsnarl / Marnie's Morgrem,959.2
Fezandipiti / Alakazam,1061.7,Lopunny / Froslass,1117.5
Marnie's Grimmsnarl / Marnie's Morgrem,1046.9,Fezandipiti / Alakazam,966.1
Marnie's Grimmsnarl / Marnie's Morgrem,1014.7,Fezandipiti / Alakazam,975.9
Team Rocket's Mewtwo / Team Rocket's Spidops,1004.4,Fezandipiti / Alakazam,959.1
Dragapult / Meowth,1104.0,Marnie's Grimmsnarl / Marnie's Morgrem,1046.9
Lucario / Riolu,1049.2,Fezandipiti / Alakazam,1017.2
Cynthia's Garchomp / Cynthia's Gabite,1105.3,Dragapult / Dudunsparce,1040.5
Fezandipiti / Alakazam,1035.2,Lopunny / Froslass,1023.0
Marnie's Grimmsnarl / Marnie's Morgrem,1134.4,Marnie's Grimmsnarl / Marnie's Morgrem,1022.6
Cynthia's Garchomp / Cynthia's Gabite,1105.3,Marnie's Grimmsnarl / Marnie's Morgrem,1099.5
Marnie's Grimmsnarl / Marnie's Morgrem,981.3,Kangaskhan / Cornerstone Mask Ogerpon,982.1
Fezandipiti / Alakazam,694.0,Marnie's Grimmsnarl / Marnie's Morgrem,1014.7
Marnie's Grimmsnarl / Marnie's Morgrem,963.3,Marnie's Grimmsnarl / Marnie's Morgrem,1015.3
Marnie's Grimmsnarl / Marnie's Morgrem,969.6,Fezandipiti / Alakazam,959.1
Marnie's Grimmsnarl / Marnie's Morgrem,1046.9,Marnie's Grimmsnarl / Marnie's Morgrem,956.7
Cynthia's Garchomp / Cynthia's Gabite,1105.3,Marnie's Grimmsnarl / Marnie's Morgrem,973.6
Lopunny / Lillie’s Clefairy,801.5,Marnie's Grimmsnarl / Marnie's Morgrem,978.8
Thwackey / Seaking,761.5,Fezandipiti / Alakazam,1030.4
Hydrapple / Teal Mask Ogerpon,1166.1,Lopunny / Froslass,1110.2
Fezandipiti / Alakazam,1047.2,Marnie's Grimmsnarl / Marnie's Morgrem,600.0
Marnie's Grimmsnarl / Marnie's Morgrem,1074.1,Teal Mask Ogerpon / Hero’s Cape,990.9
Dragapult / Meowth,884.6,Fezandipiti / Alakazam,966.1
Marnie's Grimmsnarl / Marnie's Morgrem,1014.7,Thwackey / Dipplin,1075.3
Marnie's Grimmsnarl / Marnie's Morgrem,1039.0,Fezandipiti / Alakazam,959.1
Marnie's Grimmsnarl / Marnie's Morgrem,600.0,Lucario / Riolu,1049.2
Fezandipiti / Alakazam,1052.1,Marnie's Grimmsnarl / Marnie's Morgrem,1046.9
Dragapult / Meowth,920.9,Cynthia's Garchomp / Cynthia's Gabite,1105.3
Lopunny / Lillie’s Clefairy,801.5,Thwackey / Seaking,761.5
Marnie's Grimmsnarl / Marnie's Morgrem,1134.4,Marnie's Grimmsnarl / Marnie's Morgrem,1051.2
Lopunny / Froslass,966.1,Thwackey / Seaking,761.5
Marnie's Grimmsnarl / Marnie's Morgrem,974.2,Fezandipiti / Alakazam,1047.2
Marnie's Grimmsnarl / Marnie's Morgrem,1074.1,Kangaskhan / Crustle,1066.9
Marnie's Grimmsnarl / Marnie's Morgrem,1014.7,Fezandipiti / Alakazam,1056.9
Teal Mask Ogerpon / Hero’s Cape,1025.5,Marnie's Grimmsnarl / Marnie's Morgrem,1046.9
Lucario / Riolu,1049.2,Lopunny / Froslass,1185.1
Alakazam / Kadabra,1056.8,Cynthia's Garchomp / Cynthia's Gabite,1105.3
Marnie's Grimmsnarl / Marnie's Morgrem,1134.4,Cynthia's Garchomp / Cynthia's Gabite,982.7
Marnie's Grimmsnarl / Marnie's Morgrem,1039.0,Kangaskhan / Cornerstone Mask Ogerpon,972.0
Kangaskhan / Latias,1081.7,Marnie's Grimmsnarl / Marnie's Morgrem,974.2
Marnie's Grimmsnarl / Marnie's Morgrem,1134.4,Marnie's Grimmsnarl / Marnie's Morgrem,1074.1
Marnie's Grimmsnarl / Marnie's Morgrem,963.3,Fezandipiti / Alakazam,1037.9
Lopunny / Froslass,1185.1,Marnie's Grimmsnarl / Marnie's Morgrem,1014.7
Fezandipiti / Alakazam,1013.1,Marnie's Grimmsnarl / Marnie's Morgrem,1046.9
Kangaskhan / Latias,1162.5,Marnie's Grimmsnarl / Marnie's Morgrem,1134.4
Fezandipiti / Alakazam,1006.4,Marnie's Grimmsnarl / Marnie's Morgrem,1134.4
Cynthia's Garchomp / Cynthia's Gabite,1105.3,Marnie's Grimmsnarl / Marnie's Morgrem,1055.1
Lucario / Riolu,1049.2,Lopunny / Froslass,1088.1
Marnie's Grimmsnarl / Marnie's Morgrem,1002.9,Marnie's Grimmsnarl / Marnie's Morgrem,974.2
Marnie's Grimmsnarl / Marnie's Morgrem,1099.5,Marnie's Grimmsnarl / Marnie's Morgrem,1074.1
Marnie's Grimmsnarl / Marnie's Morgrem,1014.7,Marnie's Grimmsnarl / Marnie's Morgrem,945.9
Marnie's Grimmsnarl / Marnie's Morgrem,963.3,Marnie's Grimmsnarl / Marnie's Morgrem,971.6
Marnie's Grimmsnarl / Marnie's Morgrem,1046.9,Marnie's Grimmsnarl / Marnie's Morgrem,932.0
Fezandipiti / Alakazam,959.1,Kangaskhan / Crustle,924.1
Lucario / Riolu,1049.2,Lopunny / Froslass,963.8
Cynthia's Garchomp / Cynthia's Gabite,1105.3,Lopunny / Froslass,920.9
Marnie's Grimmsnarl / Marnie's Morgrem,1039.5,Lopunny / Froslass,1054.9
Fezandipiti / Alakazam,959.1,Arboliva / Teal Mask Ogerpon,1013.7
Fezandipiti / Rillaboom,941.6,Lopunny / Froslass,879.9
Marnie's Grimmsnarl / Marnie's Morgrem,963.3,Marnie's Grimmsnarl / Marnie's Morgrem,949.0
Cynthia's Garchomp / Cynthia's Gabite,1105.3,Kangaskhan / Crustle,961.3
Lucario / Riolu,1049.2,Lopunny / Froslass,1185.1
Fezandipiti / Alakazam,1047.2,Lopunny / Froslass,913.0
Marnie's Grimmsnarl / Marnie's Morgrem,1046.9,Lopunny / Dudunsparce,946.8
Marnie's Grimmsnarl / Marnie's Morgrem,1025.2,Fezandipiti / Alakazam,959.1
Fezandipiti / Alakazam,959.1,Fezandipiti / Alakazam,1030.4
Lopunny / Froslass,949.3,Meganium / Hydrapple,554.2
Marnie's Grimmsnarl / Marnie's Morgrem,932.0,Fezandipiti / Alakazam,1047.2
Marnie's Grimmsnarl / Marnie's Morgrem,963.3,Marnie's Grimmsnarl / Marnie's Morgrem,1002.4
Marnie's Grimmsnarl / Marnie's Morgrem,1066.9,Marnie's Grimmsnarl / Marnie's Morgrem,1014.7
Arboliva / Teal Mask Ogerpon,1082.7,Lucario / Riolu,1049.2
Cynthia's Garchomp / Cynthia's Gabite,1105.3,Dragapult / Meowth,1104.0
Marnie's Grimmsnarl / Marnie's Morgrem,961.1,Teal Mask Ogerpon / Hero’s Cape,631.9
Marnie's Grimmsnarl / Marnie's Morgrem,995.9,Fezandipiti / Alakazam,1047.2
Marnie's Grimmsnarl / Marnie's Morgrem,1074.1,Marnie's Grimmsnarl / Marnie's Morgrem,953.9
Marnie's Grimmsnarl / Marnie's Morgrem,1014.7,Lopunny / Froslass,963.8
Venusaur / Kangaskhan,998.3,Marnie's Grimmsnarl / Marnie's Morgrem,963.3
Lopunny / Dudunsparce,913.4,Marnie's Grimmsnarl / Marnie's Morgrem,1046.9
Lopunny / Lillie’s Clefairy,801.5,Fezandipiti / Alakazam,959.1
Lucario / Riolu,1049.2,Kangaskhan / Latias,1162.5
Marnie's Grimmsnarl / Marnie's Morgrem,1015.3,Cynthia's Garchomp / Cynthia's Gabite,1105.3
Cynthia's Garchomp / Cynthia's Gabite,1082.7,Kangaskhan / Cornerstone Mask Ogerpon,982.1
Lucario / Hariyama,857.5,Marnie's Grimmsnarl / Marnie's Morgrem,1078.0
Marnie's Grimmsnarl / Marnie's Morgrem,1074.1,Marnie's Grimmsnarl / Marnie's Morgrem,974.1
Dragapult / Meowth,1089.9,Marnie's Grimmsnarl / Marnie's Morgrem,1014.7
Marnie's Grimmsnarl / Marnie's Morgrem,1056.9,Marnie's Grimmsnarl / Marnie's Morgrem,963.3
Fezandipiti / Alakazam,969.0,Marnie's Grimmsnarl / Marnie's Morgrem,988.6
Fezandipiti / Alakazam,959.1,Fezandipiti / Alakazam,987.5
Lopunny / Froslass,967.2,Lucario / Riolu,1049.2
Dragapult / Meowth,1089.9,Dragapult / Meowth,884.6
Marnie's Grimmsnarl / Marnie's Morgrem,1099.5,Cynthia's Garchomp / Cynthia's Gabite,1105.3
Marnie's Grimmsnarl / Marnie's Morgrem,974.2,Alakazam / Kadabra,1056.8
Fezandipiti / Alakazam,1035.4,Lopunny / Froslass,879.9
Fezandipiti / Alakazam,1047.2,Crustle / Dwebble,950.2
Marnie's Grimmsnarl / Marnie's Morgrem,1022.6,Marnie's Grimmsnarl / Marnie's Morgrem,1074.1
Marnie's Grimmsnarl / Marnie's Morgrem,963.3,Kangaskhan / Crustle,981.5
Marnie's Grimmsnarl / Marnie's Morgrem,1078.2,Marnie's Grimmsnarl / Marnie's Morgrem,1014.7
Marnie's Grimmsnarl / Marnie's Morgrem,1046.9,Lopunny / Teal Mask Ogerpon,974.8
Marnie's Grimmsnarl / Marnie's Morgrem,1005.8,Fezandipiti / Alakazam,1006.4
Teal Mask Ogerpon / Hero’s Cape,1035.5,Lucario / Riolu,1049.2
Fezandipiti / Alakazam,1120.8,Lopunny / Teal Mask Ogerpon,929.4
Lucario / Hariyama,857.5,Fezandipiti / Alakazam,1006.4
Fezandipiti / Alakazam,1047.2,Marnie's Grimmsnarl / Marnie's Morgrem,1046.9
Cynthia's Garchomp / Cynthia's Gabite,913.4,Marnie's Grimmsnarl / Marnie's Morgrem,1074.1
Marnie's Grimmsnarl / Marnie's Morgrem,1014.7,Fezandipiti / Alakazam,1034.0
Dragapult / Meowth,1047.2,Marnie's Grimmsnarl / Marnie's Morgrem,963.3
Fezandipiti / Rillaboom,941.6,Marnie's Grimmsnarl / Marnie's Morgrem,1046.9
Dragapult / Meowth,920.9,Lucario / Riolu,1049.2
Fezandipiti / Alakazam,969.4,Marnie's Grimmsnarl / Marnie's Morgrem,1051.2
Lopunny / Dudunsparce,1029.4,Fezandipiti / Alakazam,987.1
Kangaskhan / Cornerstone Mask Ogerpon,972.0,Lucario / Hariyama,857.5
Fezandipiti / Alakazam,1047.2,Marnie's Grimmsnarl / Marnie's Morgrem,974.2
Marnie's Grimmsnarl / Marnie's Morgrem,1074.1,Fezandipiti / Alakazam,966.1
Fezandipiti / Alakazam,1047.2,Lopunny / Froslass,997.9
Fezandipiti / Alakazam,969.0,Venusaur / Kangaskhan,998.3
Lucario / Riolu,1049.2,Marnie's Grimmsnarl / Marnie's Morgrem,945.9
Marnie's Grimmsnarl / Marnie's Morgrem,1002.4,Fezandipiti / Alakazam,1120.8
Thwackey / Dipplin,1051.0,Marnie's Grimmsnarl / Marnie's Morgrem,1014.7
Marnie's Grimmsnarl / Marnie's Morgrem,977.5,Fezandipiti / Alakazam,1120.8
Marnie's Grimmsnarl / Marnie's Morgrem,1066.9,Lucario / Hariyama,857.5
Marnie's Grimmsnarl / Marnie's Morgrem,1074.1,Marnie's Grimmsnarl / Marnie's Morgrem,1040.4
Marnie's Grimmsnarl / Marnie's Morgrem,1039.5,Marnie's Grimmsnarl / Marnie's Morgrem,1014.7
Teal Mask Ogerpon / Hero’s Cape,631.9,Marnie's Grimmsnarl / Marnie's Morgrem,1046.9
Lopunny / Froslass,997.9,Lucario / Riolu,1049.2
Thwackey / Seaking,761.5,Marnie's Grimmsnarl / Marnie's Morgrem,600.0
Lopunny / Dudunsparce,1029.4,Marnie's Grimmsnarl / Marnie's Morgrem,1078.2
Fezandipiti / Alakazam,1120.8,Kangaskhan / Crustle,1063.2
Lucario / Hariyama,857.5,Marnie's Grimmsnarl / Marnie's Morgrem,974.1
Marnie's Grimmsnarl / Marnie's Morgrem,975.5,Marnie's Grimmsnarl / Marnie's Morgrem,974.2
Fezandipiti / Alakazam,1047.2,Lucario / Riolu,1049.2
Marnie's Grimmsnarl / Marnie's Morgrem,1014.7,Marnie's Grimmsnarl / Marnie's Morgrem,1074.1
Marnie's Grimmsnarl / Marnie's Morgrem,963.3,Lucario / Hariyama,857.5
Marnie's Grimmsnarl / Marnie's Morgrem,1014.7,Marnie's Grimmsnarl / Marnie's Morgrem,1051.2
Fezandipiti / Alakazam,969.0,Marnie's Grimmsnarl / Marnie's Morgrem,945.9
Teal Mask Ogerpon / Crustle,940.3,Marnie's Grimmsnarl / Marnie's Morgrem,927.4
Lopunny / Dudunsparce,1029.4,Fezandipiti / Alakazam,1034.0
Dragapult / Meowth,920.9,Marnie's Grimmsnarl / Marnie's Morgrem,960.9
Marnie's Grimmsnarl / Marnie's Morgrem,875.9,Kangaskhan / Cornerstone Mask Ogerpon,1084.1
Fezandipiti / Alakazam,1120.8,Kangaskhan / Crustle,992.2
Fezandipiti / Alakazam,1047.2,Dragapult / Dudunsparce,1040.5
Marnie's Grimmsnarl / Marnie's Morgrem,1074.1,Marnie's Grimmsnarl / Marnie's Morgrem,997.8
Kangaskhan / Cornerstone Mask Ogerpon,157.9,Marnie's Grimmsnarl / Marnie's Morgrem,963.3
Marnie's Grimmsnarl / Marnie's Morgrem,1014.7,Fezandipiti / Alakazam,1030.4
Dragapult / Meowth,884.6,Marnie's Grimmsnarl / Marnie's Morgrem,1046.9
Lopunny / Dudunsparce,1029.4,Lopunny / Froslass,963.8
Dragapult / Meowth,920.9,Lopunny / Froslass,997.9
Fezandipiti / Alakazam,1120.8,Kangaskhan / Crustle,992.2
Lucario / Hariyama,857.5,Marnie's Grimmsnarl / Marnie's Morgrem,927.4
Fezandipiti / Alakazam,1047.2,Fezandipiti / Alakazam,950.8
Fezandipiti / Alakazam,965.9,Marnie's Grimmsnarl / Marnie's Morgrem,1074.1
Dragapult / Meowth,884.6,Marnie's Grimmsnarl / Marnie's Morgrem,963.3
Lopunny / Froslass,963.8,Marnie's Grimmsnarl / Marnie's Morgrem,1014.7
Marnie's Grimmsnarl / Marnie's Morgrem,1046.9,Fezandipiti / Rillaboom,941.6
Fezandipiti / Alakazam,975.9,Lucario / Hariyama,1099.5
Lopunny / Froslass,1110.2,Lopunny / Dudunsparce,1029.4
Lucario / Hariyama,857.5,Lopunny / Froslass,600.0
Marnie's Grimmsnarl / Marnie's Morgrem,975.5,Fezandipiti / Alakazam,993.9
Marnie's Grimmsnarl / Marnie's Morgrem,974.2,Fezandipiti / Alakazam,987.5
Teal Mask Ogerpon / Hero’s Cape,631.9,Marnie's Grimmsnarl / Marnie's Morgrem,1014.7
Marnie's Grimmsnarl / Marnie's Morgrem,889.9,Fezandipiti / Alakazam,1047.2
Marnie's Grimmsnarl / Marnie's Morgrem,963.3,Fezandipiti / Alakazam,977.2
Fezandipiti / Alakazam,1120.8,Marnie's Grimmsnarl / Marnie's Morgrem,945.9
Marnie's Grimmsnarl / Marnie's Morgrem,1066.9,Archaludon / Cinderace,711.3
Fezandipiti / Alakazam,1099.6,Fezandipiti / Alakazam,1120.8
Lucario / Hariyama,857.5,Marnie's Grimmsnarl / Marnie's Morgrem,1014.7
Lopunny / Froslass,600.0,Marnie's Grimmsnarl / Marnie's Morgrem,974.2
Kangaskhan / Crustle,881.6,Dragapult / Meowth,1047.2
Kangaskhan / Latias,1081.7,Fezandipiti / Alakazam,1047.2
Marnie's Grimmsnarl / Marnie's Morgrem,1074.1,Dragapult / Meowth,1054.7
Thwackey / Dipplin,1051.0,Marnie's Grimmsnarl / Marnie's Morgrem,963.3
Marnie's Grimmsnarl / Marnie's Morgrem,1014.7,Fezandipiti / Alakazam,941.6
Kangaskhan / Crustle,1019.6,Marnie's Grimmsnarl / Marnie's Morgrem,1002.9
Fezandipiti / Alakazam,1037.9,Cynthia's Garchomp / Cynthia's Gabite,1105.3
Fezandipiti / Alakazam,943.4,Lopunny / Froslass,913.0
Fezandipiti / Alakazam,1037.9,Kangaskhan / Crustle,1019.6
Empoleon / Genesect,895.1,Fezandipiti / Alakazam,1037.9
Dragapult / Meowth,920.9,Marnie's Grimmsnarl / Marnie's Morgrem,1078.2
Marnie's Grimmsnarl / Marnie's Morgrem,1025.2,Lopunny / Dudunsparce,1029.4
Marnie's Grimmsnarl / Marnie's Morgrem,1051.2,Fezandipiti / Alakazam,1047.2
Marnie's Grimmsnarl / Marnie's Morgrem,1074.1,Marnie's Grimmsnarl / Marnie's Morgrem,1078.2
Marnie's Grimmsnarl / Marnie's Morgrem,963.3,Fezandipiti / Alakazam,1061.7
Fezandipiti / Alakazam,1034.0,Marnie's Grimmsnarl / Marnie's Morgrem,1014.7
Fezandipiti / Alakazam,1001.1,Fezandipiti / Alakazam,1120.8
Lucario / Hariyama,857.5,Lopunny / Froslass,1084.1
Marnie's Grimmsnarl / Marnie's Morgrem,1025.2,Marnie's Grimmsnarl / Marnie's Morgrem,974.2
Kangaskhan / Crustle,1004.4,Marnie's Grimmsnarl / Marnie's Morgrem,945.6
Fezandipiti / Alakazam,1006.4,Lucario / Hariyama,857.5
Fezandipiti / Alakazam,1013.1,Marnie's Grimmsnarl / Marnie's Morgrem,1074.1
Lopunny / Dudunsparce,1032.3,Marnie's Grimmsnarl / Marnie's Morgrem,963.3
Arboliva / Teal Mask Ogerpon,1013.7,Marnie's Grimmsnarl / Marnie's Morgrem,1014.7
Fezandipiti / Alakazam,896.6,Marnie's Grimmsnarl / Marnie's Morgrem,971.6
Fezandipiti / Alakazam,1035.2,Kangaskhan / Crustle,1004.4
Dragapult / Meowth,920.9,Fezandipiti / Alakazam,1006.4
Fezandipiti / Alakazam,1120.8,Marnie's Grimmsnarl / Marnie's Morgrem,949.6
Lucario / Hariyama,857.5,Marnie's Grimmsnarl / Marnie's Morgrem,978.8
Fezandipiti / Alakazam,993.9,Marnie's Grimmsnarl / Marnie's Morgrem,1051.2
Fezandipiti / Alakazam,1047.2,Marnie's Grimmsnarl / Marnie's Morgrem,981.3
Dragapult / Blaziken,881.6,Fezandipiti / Alakazam,1044.7
Lopunny / Froslass,967.2,Marnie's Grimmsnarl / Marnie's Morgrem,963.3
Lucario / Hariyama,991.1,Marnie's Grimmsnarl / Marnie's Morgrem,1014.7
Lopunny / Froslass,1063.2,Kangaskhan / Teal Mask Ogerpon,1169.7
Dragapult / Meowth,920.9,Marnie's Grimmsnarl / Marnie's Morgrem,1035.4
Fezandipiti / Alakazam,1120.8,Lopunny / Froslass,1084.1
Lucario / Hariyama,1110.2,Marnie's Grimmsnarl / Marnie's Morgrem,1074.1
Teal Mask Ogerpon / Crustle,940.3,Marnie's Grimmsnarl / Marnie's Morgrem,903.0
Fezandipiti / Alakazam,1047.2,Marnie's Grimmsnarl / Marnie's Morgrem,961.1
Lucario / Hariyama,857.5,Lopunny / Froslass,1054.9
Kangaskhan / Latias,1162.5,Marnie's Grimmsnarl / Marnie's Morgrem,995.9
Marnie's Grimmsnarl / Marnie's Morgrem,1078.2,Marnie's Grimmsnarl / Marnie's Morgrem,963.3
Lopunny / Froslass,1020.4,Lopunny / Froslass,600.0
Dragapult / Meowth,1089.9,Fezandipiti / Alakazam,998.9
Marnie's Grimmsnarl / Marnie's Morgrem,959.2,Marnie's Grimmsnarl / Marnie's Morgrem,1014.7
Fezandipiti / Alakazam,896.6,Marnie's Grimmsnarl / Marnie's Morgrem,927.4
Marnie's Grimmsnarl / Marnie's Morgrem,991.9,Cynthia's Garchomp / Cynthia's Gabite,972.7
Kangaskhan / Crustle,1004.4,Kangaskhan / Latias,1081.7
Teal Mask Ogerpon / Hero’s Cape,631.9,Fezandipiti / Alakazam,895.8
Dragapult / Meowth,920.9,Teal Mask Ogerpon / Hero’s Cape,1025.5
Lucario / Hariyama,857.5,Kangaskhan / Cornerstone Mask Ogerpon,157.9
Marnie's Grimmsnarl / Marnie's Morgrem,974.2,Kangaskhan / Crustle,992.2
Lopunny / Froslass,1078.2,Fezandipiti / Alakazam,1047.2
Marnie's Grimmsnarl / Marnie's Morgrem,895.7,Marnie's Grimmsnarl / Marnie's Morgrem,1074.1
Kangaskhan / Cornerstone Mask Ogerpon,1084.1,Marnie's Grimmsnarl / Marnie's Morgrem,963.3
Dragapult / Meowth,1006.7,Marnie's Grimmsnarl / Marnie's Morgrem,1014.7
Marnie's Grimmsnarl / Marnie's Morgrem,1134.4,Marnie's Grimmsnarl / Marnie's Morgrem,1189.4
Marnie's Grimmsnarl / Marnie's Morgrem,932.4,Marnie's Grimmsnarl / Marnie's Morgrem,949.0
Fezandipiti / Alakazam,896.6,Teal Mask Ogerpon / Tapu Bulu,973.3
Marnie's Grimmsnarl / Marnie's Morgrem,991.9,Marnie's Grimmsnarl / Marnie's Morgrem,995.9
Teal Mask Ogerpon / Crustle,940.3,Lopunny / Froslass,913.0
Dragapult / Meowth,920.9,Marnie's Grimmsnarl / Marnie's Morgrem,1066.9
Fezandipiti / Alakazam,941.6,Fezandipiti / Alakazam,1120.8
Fezandipiti / Alakazam,1052.1,Lucario / Hariyama,857.5
Marnie's Grimmsnarl / Marnie's Morgrem,1039.0,Thwackey / Dipplin,1006.7
Marnie's Grimmsnarl / Marnie's Morgrem,997.8,Marnie's Grimmsnarl / Marnie's Morgrem,875.9
Marnie's Grimmsnarl / Marnie's Morgrem,977.5,Fezandipiti / Alakazam,998.9
Marnie's Grimmsnarl / Marnie's Morgrem,1005.8,Kangaskhan / Cornerstone Mask Ogerpon,943.4
Fezandipiti / Alakazam,1047.2,Marnie's Grimmsnarl / Marnie's Morgrem,1002.4
Marnie's Grimmsnarl / Marnie's Morgrem,1074.1,Lucario / Hariyama,964.9
Teal Mask Ogerpon / Hero’s Cape,1008.0,Marnie's Grimmsnarl / Marnie's Morgrem,1014.7
Kangaskhan / Crustle,876.7,Teal Mask Ogerpon / Hero’s Cape,1035.5
Teal Mask Ogerpon / Crustle,940.3,Marnie's Grimmsnarl / Marnie's Morgrem,889.9
Dragapult / Meowth,920.9,Lucario / Riolu,1049.2
Fezandipiti / Alakazam,896.6,Fezandipiti / Alakazam,975.9
Marnie's Grimmsnarl / Marnie's Morgrem,932.4,Fezandipiti / Alakazam,1034.0
Kangaskhan / Crustle,1004.4,Marnie's Grimmsnarl / Marnie's Morgrem,974.2
Marnie's Grimmsnarl / Marnie's Morgrem,991.9,Marnie's Grimmsnarl / Marnie's Morgrem,1002.4
Thwackey / Dipplin,1051.0,Lucario / Hariyama,857.5
Fezandipiti / Alakazam,895.8,Fezandipiti / Alakazam,1120.8
Marnie's Grimmsnarl / Marnie's Morgrem,1117.5,Marnie's Grimmsnarl / Marnie's Morgrem,956.7
Marnie's Grimmsnarl / Marnie's Morgrem,974.2,Dragapult / Meowth,1006.7
Fezandipiti / Alakazam,1047.2,Marnie's Grimmsnarl / Marnie's Morgrem,1066.9
Thwackey / Dipplin,1006.7,Marnie's Grimmsnarl / Marnie's Morgrem,1074.1
Fezandipiti / Alakazam,1120.8,Kangaskhan / Teal Mask Ogerpon,1169.7
Marnie's Grimmsnarl / Marnie's Morgrem,1117.5,Lucario / Hariyama,991.1
Marnie's Grimmsnarl / Marnie's Morgrem,600.0,Marnie's Grimmsnarl / Marnie's Morgrem,932.4
Kangaskhan / Crustle,1004.4,Fezandipiti / Alakazam,1035.2
Archaludon / Cinderace,712.8,Teal Mask Ogerpon / Hero’s Cape,1008.0
Fezandipiti / Alakazam,1055.1,Kangaskhan / Crustle,876.7
Fezandipiti / Alakazam,1120.8,Teal Mask Ogerpon / Hero’s Cape,980.8
Lucario / Hariyama,857.5,Marnie's Grimmsnarl / Marnie's Morgrem,959.2
Marnie's Grimmsnarl / Marnie's Morgrem,1015.3,Marnie's Grimmsnarl / Marnie's Morgrem,875.9
Fezandipiti / Alakazam,1052.1,Thwackey / Dipplin,1006.7
Fezandipiti / Alakazam,1017.2,Fezandipiti / Alakazam,896.6
Fezandipiti / Alakazam,1047.2,Fezandipiti / Alakazam,989.2
Fezandipiti / Alakazam,1052.1,Teal Mask Ogerpon / Crustle,940.3
Marnie's Grimmsnarl / Marnie's Morgrem,1039.5,Marnie's Grimmsnarl / Marnie's Morgrem,1074.1
Dragapult / Meowth,920.9,Fezandipiti / Alakazam,895.8
Fezandipiti / Alakazam,1052.1,Kangaskhan / Cornerstone Mask Ogerpon,157.9
Kangaskhan / Crustle,1004.4,Teal Mask Ogerpon / Tapu Bulu,1056.8
Marnie's Grimmsnarl / Marnie's Morgrem,1117.5,Fezandipiti / Rillaboom,941.6
Archaludon / Cinderace,712.8,Marnie's Grimmsnarl / Marnie's Morgrem,956.7
Fezandipiti / Alakazam,896.6,Lopunny / Froslass,913.0
Marnie's Grimmsnarl / Marnie's Morgrem,991.9,Lucario / Hariyama,857.5
Fezandipiti / Alakazam,895.8,Lopunny / Dudunsparce,1029.4
Fezandipiti / Alakazam,1061.7,Fezandipiti / Alakazam,1047.2
Marnie's Grimmsnarl / Marnie's Morgrem,974.2,Marnie's Grimmsnarl / Marnie's Morgrem,1015.3
Kangaskhan / Latias,1162.5,Dragapult / Meowth,920.9
Archaludon / Cinderace,712.8,Hydrapple / Teal Mask Ogerpon,1136.8
Marnie's Grimmsnarl / Marnie's Morgrem,1117.5,Fezandipiti / Alakazam,1055.1
Dragapult / Meowth,920.9,Kangaskhan / Crustle,1004.4
Marnie's Grimmsnarl / Marnie's Morgrem,991.9,Dragapult / Meowth,1054.7
Dragapult / Meowth,920.9,Hydrapple / Teal Mask Ogerpon,1166.1
Marnie's Grimmsnarl / Marnie's Morgrem,988.6,Fezandipiti / Alakazam,895.8
Fezandipiti / Alakazam,1120.8,Marnie's Grimmsnarl / Marnie's Morgrem,936.8
Lucario / Hariyama,857.5,Fezandipiti / Alakazam,911.8
Fezandipiti / Alakazam,1047.2,Dragapult / Meowth,1104.0
Lopunny / Froslass,949.3,Marnie's Grimmsnarl / Marnie's Morgrem,1078.2
Dragapult / Blaziken,881.6,Marnie's Grimmsnarl / Marnie's Morgrem,1074.1
Dragapult / Meowth,1104.0,Marnie's Grimmsnarl / Marnie's Morgrem,1074.1
Marnie's Grimmsnarl / Marnie's Morgrem,1136.8,Lopunny / Froslass,963.8
Marnie's Grimmsnarl / Marnie's Morgrem,1117.5,Marnie's Grimmsnarl / Marnie's Morgrem,908.4
Fezandipiti / Alakazam,896.6,Lopunny / Froslass,963.8
Lopunny / Froslass,1063.2,Kangaskhan / Crustle,1004.4
Marnie's Grimmsnarl / Marnie's Morgrem,997.8,Marnie's Grimmsnarl / Marnie's Morgrem,991.9
Dragapult / Meowth,920.9,Lucario / Hariyama,857.5
Fezandipiti / Alakazam,1120.8,Venusaur / Kangaskhan,998.3
Lucario / Hariyama,857.5,Lopunny / Froslass,1084.1
Teal Mask Ogerpon / Hero’s Cape,1008.0,Fezandipiti / Alakazam,998.9
Lopunny / Teal Mask Ogerpon,999.2,Fezandipiti / Alakazam,1047.2
Marnie's Grimmsnarl / Marnie's Morgrem,974.2,Fezandipiti / Alakazam,884.0
Dragapult / Blaziken,881.6,Marnie's Grimmsnarl / Marnie's Morgrem,1025.2
Thwackey / Dipplin,1051.0,Marnie's Grimmsnarl / Marnie's Morgrem,1111.6
Kangaskhan / Teal Mask Ogerpon,1169.7,Lucario / Hariyama,1203.5
Marnie's Grimmsnarl / Marnie's Morgrem,963.3,Marnie's Grimmsnarl / Marnie's Morgrem,960.8
Marnie's Grimmsnarl / Marnie's Morgrem,1025.2,Fezandipiti / Alakazam,994.9
Kangaskhan / Latias,1081.7,Archaludon / Cinderace,712.8
Marnie's Grimmsnarl / Marnie's Morgrem,1040.4,Marnie's Grimmsnarl / Marnie's Morgrem,1117.5
Fezandipiti / Alakazam,896.6,Venusaur / Teal Mask Ogerpon,739.9
Thwackey / Dipplin,1051.0,Kangaskhan / Crustle,1004.4
Marnie's Grimmsnarl / Marnie's Morgrem,991.9,Marnie's Grimmsnarl / Marnie's Morgrem,1015.3
Dragapult / Meowth,1047.2,Dragapult / Meowth,920.9
Fezandipiti / Alakazam,1037.9,Lopunny / Dudunsparce,1029.4
Fezandipiti / Alakazam,1120.8,Marnie's Grimmsnarl / Marnie's Morgrem,977.5
Lucario / Hariyama,857.5,Marnie's Grimmsnarl / Marnie's Morgrem,959.2
Alakazam / Kadabra,783.5,Marnie's Grimmsnarl / Marnie's Morgrem,875.9
Fezandipiti / Alakazam,1047.2,Lopunny / Froslass,966.1
Marnie's Grimmsnarl / Marnie's Morgrem,1015.3,Fezandipiti / Alakazam,884.0
Kangaskhan / Team Rocket's Kangaskhan,1028.4,Marnie's Grimmsnarl / Marnie's Morgrem,870.5
Marnie's Grimmsnarl / Marnie's Morgrem,872.1,Marnie's Grimmsnarl / Marnie's Morgrem,927.4
Fezandipiti / Alakazam,1035.2,Kangaskhan / Crustle,876.7
Marnie's Grimmsnarl / Marnie's Morgrem,1117.5,Marnie's Grimmsnarl / Marnie's Morgrem,1189.4
Marnie's Grimmsnarl / Marnie's Morgrem,1099.5,Fezandipiti / Alakazam,896.6
Fezandipiti / Alakazam,1035.4,Kangaskhan / Crustle,1004.4
Marnie's Grimmsnarl / Marnie's Morgrem,1046.9,Marnie's Grimmsnarl / Marnie's Morgrem,991.9
Teal Mask Ogerpon / Crustle,940.3,Marnie's Grimmsnarl / Marnie's Morgrem,1022.6
Dragapult / Meowth,920.9,Thwackey / Dipplin,1075.3
Thwackey / Dipplin,1075.3,Fezandipiti / Alakazam,1120.8
Fezandipiti / Alakazam,1189.4,Lucario / Hariyama,857.5
Thwackey / Dipplin,1006.7,Marnie's Grimmsnarl / Marnie's Morgrem,963.3
Fezandipiti / Alakazam,1047.2,Kangaskhan / Latias,1081.7
Lucario / Hariyama,991.1,Marnie's Grimmsnarl / Marnie's Morgrem,1074.1
Marnie's Grimmsnarl / Marnie's Morgrem,1040.4,Fezandipiti / Alakazam,1120.8
Fezandipiti / Alakazam,989.2,Marnie's Grimmsnarl / Marnie's Morgrem,872.1
Fezandipiti / Alakazam,1052.1,Marnie's Grimmsnarl / Marnie's Morgrem,870.5
Lopunny / Lillie’s Clefairy,801.5,Fezandipiti / Alakazam,994.9
Lucario / Hariyama,940.5,Marnie's Grimmsnarl / Marnie's Morgrem,1078.0
Archaludon / Cinderace,712.8,Marnie's Grimmsnarl / Marnie's Morgrem,1036.7
Marnie's Grimmsnarl / Marnie's Morgrem,1117.5,Lopunny / Froslass,967.2
Kangaskhan / Crustle,1004.4,Dragapult / Meowth,1089.9
Kangaskhan / Latias,1162.5,Fezandipiti / Alakazam,896.6
Kangaskhan / Cornerstone Mask Ogerpon,157.9,Dragapult / Meowth,920.9
Teal Mask Ogerpon / Hero’s Cape,1025.5,Lucario / Hariyama,857.5
Fezandipiti / Alakazam,1047.2,Fezandipiti / Alakazam,1120.8
Marnie's Grimmsnarl / Marnie's Morgrem,988.6,Kangaskhan / Cornerstone Mask Ogerpon,993.4
Lucario / Hariyama,940.5,Teal Mask Ogerpon / Hero’s Cape,631.9
Marnie's Grimmsnarl / Marnie's Morgrem,1117.5,Thwackey / Dipplin,1075.3
Kangaskhan / Crustle,1004.4,Hydrapple / Teal Mask Ogerpon,1136.8
Teal Mask Ogerpon / Tapu Bulu,1056.8,Marnie's Grimmsnarl / Marnie's Morgrem,991.9
Lucario / Hariyama,1110.2,Dragapult / Meowth,920.9
Lucario / Hariyama,1110.2,Fezandipiti / Alakazam,1120.8
Lucario / Hariyama,857.5,Marnie's Grimmsnarl / Marnie's Morgrem,600.0
Fezandipiti / Alakazam,998.9,Marnie's Grimmsnarl / Marnie's Morgrem,978.8
Marnie's Grimmsnarl / Marnie's Morgrem,974.2,Marnie's Grimmsnarl / Marnie's Morgrem,1002.9
Marnie's Grimmsnarl / Marnie's Morgrem,1051.2,Fezandipiti / Alakazam,1047.2
Thwackey / Dipplin,1075.3,Lucario / Hariyama,857.5
Marnie's Grimmsnarl / Marnie's Morgrem,1051.2,Marnie's Grimmsnarl / Marnie's Morgrem,907.9
Marnie's Grimmsnarl / Marnie's Morgrem,991.9,Fezandipiti / Alakazam,1037.9
Dragapult / Meowth,920.9,Lopunny / Froslass,1088.1
Lucario / Hariyama,857.5,Marnie's Grimmsnarl / Marnie's Morgrem,1022.6
Hydrapple / Teal Mask Ogerpon,1136.8,Lucario / Hariyama,940.5
Marnie's Grimmsnarl / Marnie's Morgrem,1005.8,Fezandipiti / Alakazam,884.0
Fezandipiti / Alakazam,994.9,Teal Mask Ogerpon / Hero’s Cape,1008.0
Marnie's Grimmsnarl / Marnie's Morgrem,974.2,Marnie's Grimmsnarl / Marnie's Morgrem,977.5
Lopunny / Froslass,1084.1,Marnie's Grimmsnarl / Marnie's Morgrem,1117.5
Thwackey / Dipplin,1051.0,Fezandipiti / Alakazam,1047.2
Fezandipiti / Alakazam,1030.4,Kangaskhan / Crustle,1004.4
Lopunny / Lillie’s Clefairy,801.5,Teal Mask Ogerpon / Crustle,940.3
Fezandipiti / Alakazam,1120.8,Marnie's Grimmsnarl / Marnie's Morgrem,971.7
Fezandipiti / Alakazam,998.9,Marnie's Grimmsnarl / Marnie's Morgrem,977.5
Lopunny / Froslass,1110.2,Kangaskhan / Crustle,881.6
Marnie's Grimmsnarl / Marnie's Morgrem,956.9,Lopunny / Froslass,967.2
Archaludon / Cinderace,712.8,Lucario / Hariyama,940.5
Marnie's Grimmsnarl / Marnie's Morgrem,1111.6,Marnie's Grimmsnarl / Marnie's Morgrem,1117.5
Kangaskhan / Crustle,1004.4,Marnie's Grimmsnarl / Marnie's Morgrem,969.6
Fezandipiti / Alakazam,1013.1,Marnie's Grimmsnarl / Marnie's Morgrem,991.9
Cynthia's Garchomp / Cynthia's Gabite,1105.3,Dragapult / Meowth,920.9
Fezandipiti / Alakazam,1053.9,Marnie's Grimmsnarl / Marnie's Morgrem,974.2
Fezandipiti / Alakazam,1120.8,Thwackey / Dipplin,1051.0
Lucario / Hariyama,857.5,Kangaskhan / Crustle,1063.2
Thwackey / Dipplin,1006.7,Fezandipiti / Alakazam,969.4
Fezandipiti / Alakazam,884.0,Marnie's Grimmsnarl / Marnie's Morgrem,997.8
Kangaskhan / Crustle,1019.6,Marnie's Grimmsnarl / Marnie's Morgrem,974.2
Starmie / Cinderace,917.0,Dragapult / Dudunsparce,1040.5
Lopunny / Froslass,683.8,Marnie's Grimmsnarl / Marnie's Morgrem,974.2
Marnie's Grimmsnarl / Marnie's Morgrem,964.8,Cynthia's Garchomp / Cynthia's Gabite,972.7
Lopunny / Froslass,1110.2,Marnie's Grimmsnarl / Marnie's Morgrem,1117.5
Lucario / Hariyama,1110.2,Kangaskhan / Crustle,1004.4
Lopunny / Froslass,1088.1,Lopunny / Dudunsparce,1029.4
Dragapult / Meowth,920.9,Marnie's Grimmsnarl / Marnie's Morgrem,890.9
Fezandipiti / Alakazam,1120.8,Marnie's Grimmsnarl / Marnie's Morgrem,988.6
Fezandipiti / Rillaboom,941.6,Lucario / Hariyama,857.5
Lopunny / Froslass,1020.4,Thwackey / Dipplin,1006.7
Fezandipiti / Alakazam,993.9,Fezandipiti / Alakazam,1013.1
Lucario / Hariyama,857.5,Starmie / Cinderace,917.0
Lopunny / Froslass,683.8,Fezandipiti / Alakazam,1002.4
Marnie's Grimmsnarl / Marnie's Morgrem,964.8,Marnie's Grimmsnarl / Marnie's Morgrem,969.6
Dragapult / Blaziken,881.6,Lucario / Hariyama,940.5
Marnie's Grimmsnarl / Marnie's Morgrem,971.6,Lopunny / Froslass,600.0
Marnie's Grimmsnarl / Marnie's Morgrem,1117.5,Thwackey / Dipplin,1051.0
Marnie's Grimmsnarl / Marnie's Morgrem,1037.2,Kangaskhan / Crustle,1004.4
Lopunny / Dudunsparce,1029.4,Fezandipiti / Alakazam,806.7
Meganium / Hydrapple,554.2,Marnie's Grimmsnarl / Marnie's Morgrem,956.9
Marnie's Grimmsnarl / Marnie's Morgrem,983.8,Fezandipiti / Alakazam,1053.9
Marnie's Grimmsnarl / Marnie's Morgrem,1066.9,Fezandipiti / Alakazam,1120.8
Marnie's Grimmsnarl / Marnie's Morgrem,1036.7,Kangaskhan / Team Rocket's Kangaskhan,1028.4
Lopunny / Dudunsparce,1032.3,Fezandipiti / Alakazam,993.9
Dragapult / Meowth,920.9,Lopunny / Froslass,1063.2
Kangaskhan / Cornerstone Mask Ogerpon,1040.5,Marnie's Grimmsnarl / Marnie's Morgrem,960.9
Lucario / Riolu,900.2,Marnie's Grimmsnarl / Marnie's Morgrem,995.9
Lopunny / Froslass,683.8,Marnie's Grimmsnarl / Marnie's Morgrem,997.8
Marnie's Grimmsnarl / Marnie's Morgrem,964.8,Marnie's Grimmsnarl / Marnie's Morgrem,1014.7
Marnie's Grimmsnarl / Marnie's Morgrem,1002.4,Marnie's Grimmsnarl / Marnie's Morgrem,964.8
Lucario / Hariyama,940.5,Arboliva / Teal Mask Ogerpon,1082.7
Marnie's Grimmsnarl / Marnie's Morgrem,971.6,Marnie's Grimmsnarl / Marnie's Morgrem,1046.9
Marnie's Grimmsnarl / Marnie's Morgrem,1117.5,Fezandipiti / Alakazam,941.6
Lopunny / Froslass,913.0,Marnie's Grimmsnarl / Marnie's Morgrem,991.9
Kangaskhan / Crustle,1004.4,Marnie's Grimmsnarl / Marnie's Morgrem,1117.5
Dragapult / Meowth,920.9,Fezandipiti / Alakazam,1052.1
Fezandipiti / Alakazam,1053.9,Kangaskhan / Cornerstone Mask Ogerpon,1040.5
Fezandipiti / Alakazam,1120.8,Teal Mask Ogerpon / Hero’s Cape,908.8
Marnie's Grimmsnarl / Marnie's Morgrem,1051.2,Lucario / Hariyama,857.5
Teal Mask Ogerpon / Hero’s Cape,1025.5,Fezandipiti / Alakazam,998.9
Thwackey / Dipplin,1006.7,Marnie's Grimmsnarl / Marnie's Morgrem,1037.2
Kangaskhan / Team Rocket's Kangaskhan,1028.4,Lucario / Riolu,900.2
Lucario / Riolu,900.2,Teal Mask Ogerpon / Hero’s Cape,766.6
Marnie's Grimmsnarl / Marnie's Morgrem,946.5,Marnie's Grimmsnarl / Marnie's Morgrem,971.6
Lucario / Hariyama,940.5,Fezandipiti / Alakazam,989.2
Fezandipiti / Alakazam,994.9,Teal Mask Ogerpon / Hero’s Cape,990.9
Marnie's Grimmsnarl / Marnie's Morgrem,1117.5,Fezandipiti / Alakazam,1034.0
Fezandipiti / Alakazam,806.7,Kangaskhan / Crustle,1004.4
Kangaskhan / Crustle,914.9,Marnie's Grimmsnarl / Marnie's Morgrem,991.9
Dragapult / Meowth,920.9,Lopunny / Froslass,1185.1
Fezandipiti / Alakazam,1012.8,Lopunny / Dudunsparce,1029.4
Fezandipiti / Alakazam,1120.8,Marnie's Grimmsnarl / Marnie's Morgrem,1026.1
Lucario / Hariyama,857.5,Fezandipiti / Alakazam,993.9
Lopunny / Froslass,683.8,Archaludon / Cinderace,904.4
Marnie's Grimmsnarl / Marnie's Morgrem,1056.9,Marnie's Grimmsnarl / Marnie's Morgrem,956.9
Kangaskhan / Cornerstone Mask Ogerpon,1040.5,Fezandipiti / Alakazam,950.8
Lopunny / Froslass,683.8,Hydrapple / Teal Mask Ogerpon,1136.8
Marnie's Grimmsnarl / Marnie's Morgrem,964.8,Lopunny / Froslass,1054.9
Lopunny / Froslass,1078.2,Kangaskhan / Crustle,978.3
Marnie's Grimmsnarl / Marnie's Morgrem,1117.5,Marnie's Grimmsnarl / Marnie's Morgrem,961.1
Marnie's Grimmsnarl / Marnie's Morgrem,991.9,Kangaskhan / Crustle,914.9
Dragapult / Meowth,920.9,Fezandipiti / Alakazam,1056.9
Lucario / Hariyama,857.5,Fezandipiti / Alakazam,1013.1
Team Rocket's Mewtwo / Team Rocket's Spidops,984.9,Fezandipiti / Alakazam,1035.4
Lucario / Riolu,740.7,Lopunny / Dudunsparce,1029.4
Kangaskhan / Cornerstone Mask Ogerpon,1040.5,Kangaskhan / Cornerstone Mask Ogerpon,1084.1
Marnie's Grimmsnarl / Marnie's Morgrem,956.9,Lopunny / Froslass,963.1
Marnie's Grimmsnarl / Marnie's Morgrem,964.8,Hydrapple / Teal Mask Ogerpon,1136.8
Lopunny / Froslass,683.8,Kangaskhan / Teal Mask Ogerpon,1169.7
Lucario / Hariyama,940.5,Marnie's Grimmsnarl / Marnie's Morgrem,1134.4
Marnie's Grimmsnarl / Marnie's Morgrem,1117.5,Fezandipiti / Alakazam,1099.6
Fezandipiti / Alakazam,1035.2,Kangaskhan / Crustle,1004.4
Fezandipiti / Alakazam,1001.1,Marnie's Grimmsnarl / Marnie's Morgrem,991.9
Lopunny / Froslass,1054.9,Dragapult / Meowth,920.9
Dragapult / Meowth,920.9,Fezandipiti / Alakazam,1053.9
Fezandipiti / Alakazam,1120.8,Lopunny / Froslass,997.9
Marnie's Grimmsnarl / Marnie's Morgrem,956.9,Marnie's Grimmsnarl / Marnie's Morgrem,971.6
Dragapult / Meowth,920.9,Marnie's Grimmsnarl / Marnie's Morgrem,964.8
Team Rocket's Mewtwo / Team Rocket's Spidops,984.9,Fezandipiti / Alakazam,987.5
Dragapult / Meowth,1089.9,Lucario / Riolu,740.7
Kangaskhan / Teal Mask Ogerpon,1169.7,Lopunny / Froslass,683.8
Marnie's Grimmsnarl / Marnie's Morgrem,1036.7,Marnie's Grimmsnarl / Marnie's Morgrem,971.6
Marnie's Grimmsnarl / Marnie's Morgrem,1027.6,Lucario / Hariyama,940.5
Meganium / Hydrapple,554.2,Marnie's Grimmsnarl / Marnie's Morgrem,1117.5
Marnie's Grimmsnarl / Marnie's Morgrem,866.6,Lucario / Hariyama,940.5
Fezandipiti / Alakazam,948.8,Kangaskhan / Crustle,1004.4
Fezandipiti / Alakazam,1120.8,Kangaskhan / Cornerstone Mask Ogerpon,982.1
Marnie's Grimmsnarl / Marnie's Morgrem,1078.0,Marnie's Grimmsnarl / Marnie's Morgrem,1027.6
Dragapult / Meowth,920.9,Dragapult / Meowth,884.6
Dragapult / Meowth,1089.9,Team Rocket's Mewtwo / Team Rocket's Spidops,984.9
Kangaskhan / Cornerstone Mask Ogerpon,1040.5,Marnie's Grimmsnarl / Marnie's Morgrem,903.0
Marnie's Grimmsnarl / Marnie's Morgrem,1039.5,Marnie's Grimmsnarl / Marnie's Morgrem,956.9
Kangaskhan / Cornerstone Mask Ogerpon,1040.5,Fezandipiti / Alakazam,975.9
Lopunny / Froslass,683.8,Fezandipiti / Alakazam,1061.7
Marnie's Grimmsnarl / Marnie's Morgrem,964.8,Lopunny / Froslass,1084.1
Marnie's Grimmsnarl / Marnie's Morgrem,964.8,Venusaur / Kangaskhan,998.3
Marnie's Grimmsnarl / Marnie's Morgrem,971.6,Fezandipiti / Alakazam,1013.1
Kangaskhan / Cornerstone Mask Ogerpon,157.9,Marnie's Grimmsnarl / Marnie's Morgrem,1117.5
Lopunny / Froslass,1065.2,Fezandipiti / Alakazam,881.7
Lopunny / Froslass,913.0,Lopunny / Froslass,1065.2
Kangaskhan / Crustle,1004.4,Marnie's Grimmsnarl / Marnie's Morgrem,978.8
Marnie's Grimmsnarl / Marnie's Morgrem,991.9,Fezandipiti / Alakazam,948.8
Dragapult / Meowth,920.9,Marnie's Grimmsnarl / Marnie's Morgrem,1111.6
Dragapult / Meowth,1047.2,Lopunny / Teal Mask Ogerpon,999.2
Marnie's Grimmsnarl / Marnie's Morgrem,1040.4,Kangaskhan / Cornerstone Mask Ogerpon,978.9
Team Rocket's Mewtwo / Team Rocket's Spidops,984.9,Cynthia's Garchomp / Cynthia's Gabite,909.5
Lucario / Hariyama,827.5,Teal Mask Ogerpon / Hero’s Cape,1025.5
Kangaskhan / Cornerstone Mask Ogerpon,1040.5,Fezandipiti / Alakazam,1061.7
Lopunny / Froslass,683.8,Marnie's Grimmsnarl / Marnie's Morgrem,1117.5
Kangaskhan / Cornerstone Mask Ogerpon,1040.5,Lopunny / Froslass,600.0
Kangaskhan / Cornerstone Mask Ogerpon,157.9,Marnie's Grimmsnarl / Marnie's Morgrem,964.8
Marnie's Grimmsnarl / Marnie's Morgrem,1036.7,Lucario / Hariyama,940.5
Kangaskhan / Latias,1162.5,Marnie's Grimmsnarl / Marnie's Morgrem,1117.5
Kangaskhan / Crustle,1004.4,Cynthia's Garchomp / Cynthia's Gabite,972.7
Marnie's Grimmsnarl / Marnie's Morgrem,991.9,Kangaskhan / Cornerstone Mask Ogerpon,1040.5
Lucario / Dudunsparce,987.1,Lopunny / Froslass,1065.2
Dragapult / Meowth,920.9,Dragapult / Meowth,1047.2
Fezandipiti / Alakazam,1053.9,Fezandipiti / Alakazam,975.9
Thwackey / Seaking,761.5,Lopunny / Froslass,1049.2
Fezandipiti / Alakazam,1052.1,Fezandipiti / Alakazam,951.1
Team Rocket's Mewtwo / Team Rocket's Spidops,984.9,Fezandipiti / Alakazam,1061.7
Kangaskhan / Cornerstone Mask Ogerpon,1040.5,Marnie's Grimmsnarl / Marnie's Morgrem,985.3
Kangaskhan / Teal Mask Ogerpon,1169.7,Lopunny / Froslass,683.8
Dragapult / Meowth,1104.0,Kangaskhan / Cornerstone Mask Ogerpon,1040.5
Kangaskhan / Cornerstone Mask Ogerpon,157.9,Marnie's Grimmsnarl / Marnie's Morgrem,964.8
Kangaskhan / Latias,1162.5,Marnie's Grimmsnarl / Marnie's Morgrem,1117.5
Dragapult / Dudunsparce,1040.5,Kangaskhan / Crustle,978.3
Kangaskhan / Crustle,1004.4,Arboliva / Teal Mask Ogerpon,1082.7
Marnie's Grimmsnarl / Marnie's Morgrem,991.9,Marnie's Grimmsnarl / Marnie's Morgrem,1036.7
Lopunny / Froslass,1065.2,Marnie's Grimmsnarl / Marnie's Morgrem,963.3
Dragapult / Meowth,920.9,Fezandipiti / Alakazam,951.1
Fezandipiti / Alakazam,1053.9,Fezandipiti / Alakazam,914.9
Marnie's Grimmsnarl / Marnie's Morgrem,969.6,Kangaskhan / Cornerstone Mask Ogerpon,1040.5
Kangaskhan / Cornerstone Mask Ogerpon,1040.5,Marnie's Grimmsnarl / Marnie's Morgrem,1074.1
Dragapult / Meowth,920.9,Lopunny / Froslass,683.8
Fezandipiti / Alakazam,1013.1,Marnie's Grimmsnarl / Marnie's Morgrem,964.8
Marnie's Grimmsnarl / Marnie's Morgrem,971.6,Fezandipiti / Alakazam,969.4
Marnie's Grimmsnarl / Marnie's Morgrem,600.0,Kangaskhan / Crustle,978.3
Marnie's Grimmsnarl / Marnie's Morgrem,1117.5,Kangaskhan / Crustle,992.2
Marnie's Grimmsnarl / Marnie's Morgrem,991.9,Kangaskhan / Crustle,992.2
Kangaskhan / Crustle,1004.4,Marnie's Grimmsnarl / Marnie's Morgrem,956.9
Lopunny / Froslass,1065.2,Marnie's Grimmsnarl / Marnie's Morgrem,959.0
Kangaskhan / Teal Mask Ogerpon,1169.7,Dragapult / Meowth,920.9
Lucario / Hariyama,1099.5,Lucario / Hariyama,827.5
Lopunny / Froslass,1084.1,Marnie's Grimmsnarl / Marnie's Morgrem,1075.3
Fezandipiti / Rillaboom,941.6,Kangaskhan / Cornerstone Mask Ogerpon,1040.5
Kangaskhan / Teal Mask Ogerpon,1169.7,Lopunny / Froslass,683.8
Lopunny / Froslass,967.2,Marnie's Grimmsnarl / Marnie's Morgrem,964.8
Marnie's Grimmsnarl / Marnie's Morgrem,971.6,Marnie's Grimmsnarl / Marnie's Morgrem,966.9
Marnie's Grimmsnarl / Marnie's Morgrem,1117.5,Fezandipiti / Alakazam,1035.2
Lopunny / Froslass,1065.2,Marnie's Grimmsnarl / Marnie's Morgrem,974.1
Kangaskhan / Cornerstone Mask Ogerpon,1040.5,Marnie's Grimmsnarl / Marnie's Morgrem,946.5
Lopunny / Teal Mask Ogerpon,999.2,Kangaskhan / Crustle,978.3
Marnie's Grimmsnarl / Marnie's Morgrem,1015.3,Marnie's Grimmsnarl / Marnie's Morgrem,991.9
Kangaskhan / Crustle,1004.4,Fezandipiti / Alakazam,1053.9
Kangaskhan / Cornerstone Mask Ogerpon,1040.5,Lucario / Riolu,1049.2
Kangaskhan / Cornerstone Mask Ogerpon,1040.5,Thwackey / Seaking,761.5
Marnie's Grimmsnarl / Marnie's Morgrem,964.8,Marnie's Grimmsnarl / Marnie's Morgrem,893.9
Marnie's Grimmsnarl / Marnie's Morgrem,1039.0,Marnie's Grimmsnarl / Marnie's Morgrem,971.6
Fezandipiti / Alakazam,994.9,Marnie's Grimmsnarl / Marnie's Morgrem,1051.2
Dragapult / Meowth,1089.9,Marnie's Grimmsnarl / Marnie's Morgrem,1117.5
Lopunny / Teal Mask Ogerpon,999.2,Marnie's Grimmsnarl / Marnie's Morgrem,991.9
Lopunny / Froslass,1065.2,Fezandipiti / Alakazam,977.2
Marnie's Grimmsnarl / Marnie's Morgrem,1136.8,Marnie's Grimmsnarl / Marnie's Morgrem,1134.4
Marnie's Grimmsnarl / Marnie's Morgrem,1009.6,Cynthia's Garchomp / Cynthia's Gabite,982.7
Kangaskhan / Cornerstone Mask Ogerpon,1040.5,Fezandipiti / Alakazam,1047.2
Cynthia's Garchomp / Cynthia's Gabite,1105.3,Marnie's Grimmsnarl / Marnie's Morgrem,997.8
Lopunny / Dudunsparce,1029.4,Kangaskhan / Cornerstone Mask Ogerpon,1040.5
Lopunny / Froslass,683.8,Marnie's Grimmsnarl / Marnie's Morgrem,1111.6
Marnie's Grimmsnarl / Marnie's Morgrem,964.8,Lopunny / Teal Mask Ogerpon,999.2
Marnie's Grimmsnarl / Marnie's Morgrem,971.6,Marnie's Grimmsnarl / Marnie's Morgrem,889.9
Kangaskhan / Teal Mask Ogerpon,1169.7,Marnie's Grimmsnarl / Marnie's Morgrem,1117.5
Fezandipiti / Alakazam,975.9,Lopunny / Froslass,1065.2
Fezandipiti / Alakazam,1061.7,Marnie's Grimmsnarl / Marnie's Morgrem,991.9
Kangaskhan / Crustle,1004.4,Fezandipiti / Alakazam,1035.4
Lopunny / Froslass,683.8,Marnie's Grimmsnarl / Marnie's Morgrem,1002.9
Kangaskhan / Cornerstone Mask Ogerpon,1040.5,Fezandipiti / Alakazam,1012.8
Marnie's Grimmsnarl / Marnie's Morgrem,964.8,Lopunny / Froslass,1088.1
Marnie's Grimmsnarl / Marnie's Morgrem,1117.5,Fezandipiti / Alakazam,1053.9
Marnie's Grimmsnarl / Marnie's Morgrem,1136.8,Kangaskhan / Crustle,1004.4
Marnie's Grimmsnarl / Marnie's Morgrem,991.9,Lopunny / Froslass,1049.2
Fezandipiti / Alakazam,881.7,Marnie's Grimmsnarl / Marnie's Morgrem,1039.0
Lopunny / Froslass,1065.2,Marnie's Grimmsnarl / Marnie's Morgrem,1075.3
Fezandipiti / Alakazam,1056.9,Marnie's Grimmsnarl / Marnie's Morgrem,1009.6
Lucario / Hariyama,1185.1,Marnie's Grimmsnarl / Marnie's Morgrem,952.1
Kangaskhan / Crustle,1019.6,Kangaskhan / Cornerstone Mask Ogerpon,1040.5
Lopunny / Froslass,683.8,Kangaskhan / Teal Mask Ogerpon,1169.7
Kangaskhan / Teal Mask Ogerpon,1169.7,Kangaskhan / Cornerstone Mask Ogerpon,1040.5
Marnie's Grimmsnarl / Marnie's Morgrem,971.7,Marnie's Grimmsnarl / Marnie's Morgrem,964.8
Cynthia's Garchomp / Cynthia's Gabite,1105.3,Marnie's Grimmsnarl / Marnie's Morgrem,971.6
Dragapult / Meowth,1089.9,Fezandipiti / Alakazam,994.9
Marnie's Grimmsnarl / Marnie's Morgrem,1117.5,Marnie's Grimmsnarl / Marnie's Morgrem,975.5
Kangaskhan / Crustle,1004.4,Fezandipiti / Alakazam,1035.4
Teal Mask Ogerpon / Hero’s Cape,1025.5,Marnie's Grimmsnarl / Marnie's Morgrem,991.9
Lopunny / Froslass,1065.2,Marnie's Grimmsnarl / Marnie's Morgrem,1189.4
Hydrapple / Teal Mask Ogerpon,1136.8,Marnie's Grimmsnarl / Marnie's Morgrem,991.9
Lucario / Hariyama,1185.1,Dragapult / Meowth,1054.7
Marnie's Grimmsnarl / Marnie's Morgrem,1009.6,Kangaskhan / Cornerstone Mask Ogerpon,1040.5
Fezandipiti / Alakazam,1047.2,Kangaskhan / Cornerstone Mask Ogerpon,1040.5
Hydrapple / Teal Mask Ogerpon,1166.1,Lopunny / Froslass,683.8
Thwackey / Dipplin,1006.7,Marnie's Grimmsnarl / Marnie's Morgrem,964.8
Fezandipiti / Alakazam,1061.7,Marnie's Grimmsnarl / Marnie's Morgrem,971.6
Lopunny / Froslass,1065.2,Teal Mask Ogerpon / Hero’s Cape,994.1
Arboliva / Teal Mask Ogerpon,1013.7,Marnie's Grimmsnarl / Marnie's Morgrem,1117.5
Lopunny / Froslass,1065.2,Marnie's Grimmsnarl / Marnie's Morgrem,554.2
Fezandipiti / Alakazam,1047.2,Kangaskhan / Crustle,1004.4
Marnie's Grimmsnarl / Marnie's Morgrem,1051.2,Lucario / Hariyama,936.5
Lucario / Hariyama,1185.1,Marnie's Grimmsnarl / Marnie's Morgrem,973.6
Marnie's Grimmsnarl / Marnie's Morgrem,1046.9,Marnie's Grimmsnarl / Marnie's Morgrem,1009.6
Kangaskhan / Crustle,978.3,Cynthia's Garchomp / Cynthia's Gabite,600.0
Team Rocket's Mewtwo / Team Rocket's Spidops,984.9,Fezandipiti / Alakazam,1006.4
Fezandipiti / Alakazam,1037.9,Kangaskhan / Cornerstone Mask Ogerpon,1040.5
Kangaskhan / Latias,1162.5,Lopunny / Froslass,683.8
Marnie's Grimmsnarl / Marnie's Morgrem,983.8,Marnie's Grimmsnarl / Marnie's Morgrem,971.6
Fezandipiti / Alakazam,994.9,Teal Mask Ogerpon / Hero’s Cape,1025.5
Marnie's Grimmsnarl / Marnie's Morgrem,1117.5,Marnie's Grimmsnarl / Marnie's Morgrem,1134.4
Dragapult / Meowth,1104.0,Fezandipiti / Alakazam,1034.0
Lucario / Hariyama,1185.1,Kangaskhan / Crustle,1063.2
Marnie's Grimmsnarl / Marnie's Morgrem,1009.6,Lopunny / Froslass,998.5
Marnie's Grimmsnarl / Marnie's Morgrem,1075.3,Kangaskhan / Cornerstone Mask Ogerpon,1084.1
Marnie's Grimmsnarl / Marnie's Morgrem,960.8,Team Rocket's Mewtwo / Team Rocket's Spidops,984.9
Marnie's Grimmsnarl / Marnie's Morgrem,1015.3,Team Rocket's Mewtwo / Team Rocket's Spidops,984.9
Kangaskhan / Cornerstone Mask Ogerpon,1040.5,Lopunny / Froslass,966.1
Cynthia's Garchomp / Cynthia's Gabite,1105.3,Marnie's Grimmsnarl / Marnie's Morgrem,1039.0
Kangaskhan / Latias,1162.5,Lopunny / Froslass,683.8
Kangaskhan / Cornerstone Mask Ogerpon,1040.5,Fezandipiti / Alakazam,989.2
Dragapult / Meowth,920.9,Marnie's Grimmsnarl / Marnie's Morgrem,964.8
Fezandipiti / Alakazam,994.9,Kangaskhan / Crustle,981.5
Kangaskhan / Cornerstone Mask Ogerpon,157.9,Marnie's Grimmsnarl / Marnie's Morgrem,1117.5
Lopunny / Froslass,1084.1,Kangaskhan / Crustle,1004.4
Fezandipiti / Alakazam,1120.8,Kangaskhan / Cornerstone Mask Ogerpon,993.4
Marnie's Grimmsnarl / Marnie's Morgrem,1025.2,Lucario / Hariyama,857.5
Marnie's Grimmsnarl / Marnie's Morgrem,1009.6,Marnie's Grimmsnarl / Marnie's Morgrem,1002.4
Marnie's Grimmsnarl / Marnie's Morgrem,1075.3,Fezandipiti / Alakazam,806.7
Cynthia's Garchomp / Cynthia's Gabite,600.0,Fezandipiti / Alakazam,950.8
Kangaskhan / Cornerstone Mask Ogerpon,157.9,Kangaskhan / Cornerstone Mask Ogerpon,1040.5
Fezandipiti / Alakazam,1052.1,Cynthia's Garchomp / Cynthia's Gabite,1105.3
Kangaskhan / Crustle,1063.2,Lopunny / Froslass,683.8
Dragapult / Meowth,1054.7,Marnie's Grimmsnarl / Marnie's Morgrem,971.6
Fezandipiti / Alakazam,1053.9,Fezandipiti / Alakazam,994.9
Dragapult / Meowth,920.9,Fezandipiti / Alakazam,970.3
Lucario / Hariyama,1185.1,Dragapult / Meowth,1104.0
Fezandipiti / Alakazam,884.0,Cynthia's Garchomp / Cynthia's Gabite,600.0
Teal Mask Ogerpon / Hero’s Cape,1025.5,Marnie's Grimmsnarl / Marnie's Morgrem,1009.6
Lucario / Hariyama,964.9,Kangaskhan / Cornerstone Mask Ogerpon,1040.5
Cynthia's Garchomp / Cynthia's Gabite,1105.3,Marnie's Grimmsnarl / Marnie's Morgrem,964.8
Kangaskhan / Crustle,1063.2,Lopunny / Froslass,683.8
Fezandipiti / Alakazam,806.7,Kangaskhan / Cornerstone Mask Ogerpon,1040.5
Lopunny / Froslass,1084.1,Marnie's Grimmsnarl / Marnie's Morgrem,964.8
Lopunny / Froslass,913.0,Fezandipiti / Alakazam,969.0
Marnie's Grimmsnarl / Marnie's Morgrem,964.8,Marnie's Grimmsnarl / Marnie's Morgrem,1051.2
Marnie's Grimmsnarl / Marnie's Morgrem,895.4,Marnie's Grimmsnarl / Marnie's Morgrem,974.2
Marnie's Grimmsnarl / Marnie's Morgrem,887.3,Marnie's Grimmsnarl / Marnie's Morgrem,971.6
Lucario / Hariyama,991.1,Lucario / Hariyama,1185.1
Marnie's Grimmsnarl / Marnie's Morgrem,956.9,Fezandipiti / Alakazam,884.0
Marnie's Grimmsnarl / Marnie's Morgrem,1075.3,Fezandipiti / Alakazam,1037.9
Cynthia's Garchomp / Cynthia's Gabite,1105.3,Kangaskhan / Cornerstone Mask Ogerpon,1084.1
Hydrapple / Teal Mask Ogerpon,1136.8,Lopunny / Froslass,683.8
Kangaskhan / Cornerstone Mask Ogerpon,1040.5,Marnie's Grimmsnarl / Marnie's Morgrem,1078.0
Marnie's Grimmsnarl / Marnie's Morgrem,964.8,Cynthia's Garchomp / Cynthia's Gabite,982.7
Marnie's Grimmsnarl / Marnie's Morgrem,895.4,Kangaskhan / Crustle,992.2
Marnie's Grimmsnarl / Marnie's Morgrem,887.3,Marnie's Grimmsnarl / Marnie's Morgrem,916.0
Marnie's Grimmsnarl / Marnie's Morgrem,1014.7,Lucario / Hariyama,1185.1
Fezandipiti / Alakazam,1120.8,Lopunny / Froslass,683.8
Marnie's Grimmsnarl / Marnie's Morgrem,1075.3,Marnie's Grimmsnarl / Marnie's Morgrem,1046.9
Kangaskhan / Cornerstone Mask Ogerpon,1040.5,Dragapult / Meowth,1054.7
Lopunny / Froslass,1078.2,Marnie's Grimmsnarl / Marnie's Morgrem,956.9
Cynthia's Garchomp / Cynthia's Gabite,1105.3,Fezandipiti / Alakazam,1013.1
Marnie's Grimmsnarl / Marnie's Morgrem,1078.2,Marnie's Grimmsnarl / Marnie's Morgrem,964.8
Marnie's Grimmsnarl / Marnie's Morgrem,895.4,Marnie's Grimmsnarl / Marnie's Morgrem,1051.2
Teal Mask Ogerpon / Hero’s Cape,1008.0,Marnie's Grimmsnarl / Marnie's Morgrem,887.3
Marnie's Grimmsnarl / Marnie's Morgrem,1117.5,Lucario / Hariyama,1185.1
Kangaskhan / Cornerstone Mask Ogerpon,1040.5,Marnie's Grimmsnarl / Marnie's Morgrem,967.4
Cynthia's Garchomp / Cynthia's Gabite,1105.3,Fezandipiti / Alakazam,1013.1
Lopunny / Dudunsparce,913.4,Lopunny / Froslass,683.8
Marnie's Grimmsnarl / Marnie's Morgrem,956.9,Cynthia's Garchomp / Cynthia's Gabite,972.7
Marnie's Grimmsnarl / Marnie's Morgrem,1134.4,Kangaskhan / Cornerstone Mask Ogerpon,1040.5
Marnie's Grimmsnarl / Marnie's Morgrem,964.8,Marnie's Grimmsnarl / Marnie's Morgrem,956.9
Marnie's Grimmsnarl / Marnie's Morgrem,895.4,Marnie's Grimmsnarl / Marnie's Morgrem,963.3
Lucario / Hariyama,1185.1,Marnie's Grimmsnarl / Marnie's Morgrem,1025.2
Marnie's Grimmsnarl / Marnie's Morgrem,988.7,Lopunny / Froslass,913.0
Dragapult / Meowth,1089.9,Fezandipiti / Alakazam,884.0
Marnie's Grimmsnarl / Marnie's Morgrem,1075.3,Team Rocket's Mewtwo / Team Rocket's Spidops,1004.4
Kangaskhan / Cornerstone Mask Ogerpon,1040.5,Marnie's Grimmsnarl / Marnie's Morgrem,967.8
Lopunny / Froslass,683.8,Fezandipiti / Alakazam,1006.4
Kangaskhan / Crustle,978.3,Fezandipiti / Alakazam,965.9
Lopunny / Dudunsparce,1032.3,Lucario / Hariyama,1185.1
Marnie's Grimmsnarl / Marnie's Morgrem,895.4,Marnie's Grimmsnarl / Marnie's Morgrem,887.3
Marnie's Grimmsnarl / Marnie's Morgrem,1039.5,Marnie's Grimmsnarl / Marnie's Morgrem,887.3
Lopunny / Froslass,1049.2,Teal Mask Ogerpon / Hero’s Cape,994.1
Lucario / Hariyama,1185.1,Kangaskhan / Cornerstone Mask Ogerpon,157.9
N’s Zoroark / N’s Zorua,1088.1,Marnie's Grimmsnarl / Marnie's Morgrem,988.7
Lopunny / Froslass,1084.1,Marnie's Grimmsnarl / Marnie's Morgrem,1075.3
Team Rocket's Mewtwo / Team Rocket's Spidops,984.9,Fezandipiti / Alakazam,1030.4
Kangaskhan / Cornerstone Mask Ogerpon,1040.5,Marnie's Grimmsnarl / Marnie's Morgrem,1009.6
Marnie's Grimmsnarl / Marnie's Morgrem,1027.6,Cynthia's Garchomp / Cynthia's Gabite,1105.3
Lopunny / Froslass,683.8,Marnie's Grimmsnarl / Marnie's Morgrem,974.1
Marnie's Grimmsnarl / Marnie's Morgrem,997.8,Marnie's Grimmsnarl / Marnie's Morgrem,956.9
Lucario / Hariyama,1185.1,Lopunny / Froslass,913.0
Lopunny / Dudunsparce,1032.3,Fezandipiti / Alakazam,998.9
Fezandipiti / Alakazam,884.0,Marnie's Grimmsnarl / Marnie's Morgrem,1005.8
Marnie's Grimmsnarl / Marnie's Morgrem,1189.4,Fezandipiti / Alakazam,805.0
Marnie's Grimmsnarl / Marnie's Morgrem,1075.3,Fezandipiti / Alakazam,989.2
Lopunny / Froslass,683.8,Cynthia's Garchomp / Cynthia's Gabite,1105.3
Marnie's Grimmsnarl / Marnie's Morgrem,981.3,Team Rocket's Mewtwo / Team Rocket's Spidops,984.9
Kangaskhan / Cornerstone Mask Ogerpon,1040.5,Lucario / Hariyama,936.5
Kangaskhan / Team Rocket's Kangaskhan,1028.4,Kangaskhan / Cornerstone Mask Ogerpon,1040.5
Marnie's Grimmsnarl / Marnie's Morgrem,956.9,Marnie's Grimmsnarl / Marnie's Morgrem,997.8
Cynthia's Garchomp / Cynthia's Gabite,1105.3,Fezandipiti / Alakazam,806.7
Lopunny / Dudunsparce,1032.3,Marnie's Grimmsnarl / Marnie's Morgrem,981.3
Marnie's Grimmsnarl / Marnie's Morgrem,895.4,Team Rocket's Mewtwo / Team Rocket's Spidops,984.9
Marnie's Grimmsnarl / Marnie's Morgrem,1025.2,Marnie's Grimmsnarl / Marnie's Morgrem,988.7
Lucario / Hariyama,1185.1,Fezandipiti / Alakazam,1044.7
Marnie's Grimmsnarl / Marnie's Morgrem,1075.3,Kangaskhan / Crustle,1063.2
Kangaskhan / Cornerstone Mask Ogerpon,1040.5,Kangaskhan / Latias,1162.5
Lopunny / Froslass,1078.2,Cynthia's Garchomp / Cynthia's Gabite,1105.3
Lopunny / Froslass,683.8,Hydrapple / Teal Mask Ogerpon,1136.8
Marnie's Grimmsnarl / Marnie's Morgrem,1011.0,Kangaskhan / Cornerstone Mask Ogerpon,1040.5
Teal Mask Ogerpon / Hero’s Cape,994.1,Marnie's Grimmsnarl / Marnie's Morgrem,956.9
Marnie's Grimmsnarl / Marnie's Morgrem,895.4,Fezandipiti / Rillaboom,941.6
Lopunny / Froslass,683.8,Fezandipiti / Alakazam,1001.1
Marnie's Grimmsnarl / Marnie's Morgrem,1051.2,Marnie's Grimmsnarl / Marnie's Morgrem,964.8
Crustle / Dwebble,950.2,Lopunny / Froslass,1065.2
Lopunny / Dudunsparce,1032.3,Fezandipiti / Alakazam,1061.7
Lucario / Hariyama,1185.1,Lopunny / Froslass,1110.2
Lucario / Hariyama,1185.1,Marnie's Grimmsnarl / Marnie's Morgrem,1075.3
Fezandipiti / Alakazam,1120.8,Kangaskhan / Cornerstone Mask Ogerpon,1040.5
Lopunny / Dudunsparce,1032.3,Kangaskhan / Cornerstone Mask Ogerpon,1084.1
Fezandipiti / Alakazam,1099.6,Marnie's Grimmsnarl / Marnie's Morgrem,895.4
Fezandipiti / Alakazam,1006.4,Fezandipiti / Alakazam,884.0
Kangaskhan / Latias,1162.5,Lucario / Hariyama,1185.1
Marnie's Grimmsnarl / Marnie's Morgrem,1009.6,Marnie's Grimmsnarl / Marnie's Morgrem,978.8
Kangaskhan / Cornerstone Mask Ogerpon,1040.5,Fezandipiti / Alakazam,884.0
Cynthia's Garchomp / Cynthia's Gabite,1105.3,Marnie's Grimmsnarl / Marnie's Morgrem,983.8
Marnie's Grimmsnarl / Marnie's Morgrem,1117.5,Lopunny / Froslass,683.8
Kangaskhan / Cornerstone Mask Ogerpon,1040.5,Teal Mask Ogerpon / Hero’s Cape,980.8
Dragapult / Dudunsparce,1054.7,Marnie's Grimmsnarl / Marnie's Morgrem,1025.2
Lopunny / Dudunsparce,1032.3,Teal Mask Ogerpon / Hero’s Cape,1035.5
Lopunny / Froslass,1065.2,Marnie's Grimmsnarl / Marnie's Morgrem,887.3
Teal Mask Ogerpon / Hero’s Cape,994.1,Dragapult / Meowth,1054.7
Lucario / Hariyama,1185.1,Lucario / Hariyama,1110.2
Meganium / Hydrapple,554.2,Marnie's Grimmsnarl / Marnie's Morgrem,1075.3
Marnie's Grimmsnarl / Marnie's Morgrem,1009.6,Team Rocket's Mewtwo / Team Rocket's Spidops,984.9
Fezandipiti / Alakazam,1061.7,Kangaskhan / Cornerstone Mask Ogerpon,1040.5
Meganium / Hydrapple,554.2,Cynthia's Garchomp / Cynthia's Gabite,1105.3
Lopunny / Froslass,683.8,Teal Mask Ogerpon / Hero’s Cape,1035.5
Fezandipiti / Alakazam,1053.9,Kangaskhan / Cornerstone Mask Ogerpon,1040.5
Marnie's Grimmsnarl / Marnie's Morgrem,1026.1,Kangaskhan / Crustle,1004.4
Kangaskhan / Teal Mask Ogerpon,1075.3,Kangaskhan / Crustle,978.3
Lopunny / Froslass,683.8,Lopunny / Dudunsparce,1032.3
Lopunny / Froslass,1078.2,Marnie's Grimmsnarl / Marnie's Morgrem,895.4
Marnie's Grimmsnarl / Marnie's Morgrem,1036.7,Fezandipiti / Alakazam,1032.3
Lucario / Hariyama,857.5,Marnie's Grimmsnarl / Marnie's Morgrem,988.7
Lucario / Hariyama,1185.1,Fezandipiti / Alakazam,1061.7
Marnie's Grimmsnarl / Marnie's Morgrem,887.3,Fezandipiti / Alakazam,1013.1
Marnie's Grimmsnarl / Marnie's Morgrem,1075.3,Kangaskhan / Cornerstone Mask Ogerpon,978.9
Venusaur / Kangaskhan,998.3,Marnie's Grimmsnarl / Marnie's Morgrem,1009.6
Lopunny / Froslass,1110.2,Lopunny / Froslass,683.8
Marnie's Grimmsnarl / Marnie's Morgrem,1051.2,Kangaskhan / Cornerstone Mask Ogerpon,1040.5
Cynthia's Garchomp / Cynthia's Gabite,1105.3,Marnie's Grimmsnarl / Marnie's Morgrem,903.0
Fezandipiti / Alakazam,1034.0,Teal Mask Ogerpon / Hero’s Cape,994.1
Lucario / Hariyama,1056.9,Marnie's Grimmsnarl / Marnie's Morgrem,1078.0
Kangaskhan / Teal Mask Ogerpon,1075.3,Kangaskhan / Teal Mask Ogerpon,1169.7
Lopunny / Froslass,683.8,Lopunny / Dudunsparce,1032.3
Marnie's Grimmsnarl / Marnie's Morgrem,895.4,Meganium / Hydrapple,554.2
Meganium / Hydrapple,554.2,Fezandipiti / Alakazam,1004.4
Teal Mask Ogerpon / Hero’s Cape,994.1,Marnie's Grimmsnarl / Marnie's Morgrem,967.8
Lucario / Hariyama,1185.1,Fezandipiti / Alakazam,1052.1
Marnie's Grimmsnarl / Marnie's Morgrem,1075.3,Dragapult / Blaziken,881.6
Kangaskhan / Cornerstone Mask Ogerpon,1040.5,Marnie's Grimmsnarl / Marnie's Morgrem,1009.6
Lopunny / Froslass,935.6,Kangaskhan / Cornerstone Mask Ogerpon,1040.5
Cynthia's Garchomp / Cynthia's Gabite,1105.3,Marnie's Grimmsnarl / Marnie's Morgrem,974.2
Lopunny / Froslass,683.8,Marnie's Grimmsnarl / Marnie's Morgrem,1039.5
Kangaskhan / Teal Mask Ogerpon,1169.7,Lucario / Hariyama,1203.5
Dragapult / Meowth,920.9,Kangaskhan / Crustle,1019.6
Lucario / Hariyama,1056.9,Marnie's Grimmsnarl / Marnie's Morgrem,956.7
Kangaskhan / Teal Mask Ogerpon,1075.3,Lucario / Hariyama,991.1
Fezandipiti / Alakazam,1037.9,Lopunny / Froslass,971.4
Lopunny / Froslass,997.8,Lopunny / Dudunsparce,1032.3
Teal Mask Ogerpon / Hero’s Cape,1035.5,Marnie's Grimmsnarl / Marnie's Morgrem,895.4
Lucario / Hariyama,1185.1,Kangaskhan / Teal Mask Ogerpon,1169.7
Marnie's Grimmsnarl / Marnie's Morgrem,988.7,Fezandipiti / Alakazam,994.9
Teal Mask Ogerpon / Hero’s Cape,994.1,Marnie's Grimmsnarl / Marnie's Morgrem,969.6
Marnie's Grimmsnarl / Marnie's Morgrem,1075.3,Marnie's Grimmsnarl / Marnie's Morgrem,985.3
Kangaskhan / Cornerstone Mask Ogerpon,1040.5,Marnie's Grimmsnarl / Marnie's Morgrem,1099.5
Cynthia's Garchomp / Cynthia's Gabite,1105.3,Lopunny / Lillie’s Clefairy,801.5
Marnie's Grimmsnarl / Marnie's Morgrem,1078.2,Marnie's Grimmsnarl / Marnie's Morgrem,991.9
Arboliva / Teal Mask Ogerpon,1082.7,Teal Mask Ogerpon / Hero’s Cape,994.1
Fezandipiti / Alakazam,1189.4,Lucario / Hariyama,1185.1
Kangaskhan / Cornerstone Mask Ogerpon,157.9,Kangaskhan / Cornerstone Mask Ogerpon,1040.5
Starmie / Froslass,1116.8,Marnie's Grimmsnarl / Marnie's Morgrem,953.9
Kangaskhan / Crustle,903.5,Marnie's Grimmsnarl / Marnie's Morgrem,983.8
Fezandipiti / Alakazam,994.9,Lucario / Hariyama,1056.9
Lopunny / Froslass,683.8,Kangaskhan / Teal Mask Ogerpon,1075.3
Marnie's Grimmsnarl / Marnie's Morgrem,954.3,Marnie's Grimmsnarl / Marnie's Morgrem,983.8
Cynthia's Garchomp / Cynthia's Gabite,1105.3,Lopunny / Dudunsparce,1032.3
Lopunny / Froslass,1054.9,Marnie's Grimmsnarl / Marnie's Morgrem,988.7
Thwackey / Dipplin,1006.7,Marnie's Grimmsnarl / Marnie's Morgrem,1075.3
Marnie's Grimmsnarl / Marnie's Morgrem,1009.6,Marnie's Grimmsnarl / Marnie's Morgrem,1051.2
Fezandipiti / Alakazam,1035.4,Cynthia's Garchomp / Cynthia's Gabite,1105.3
Dragapult / Meowth,920.9,Kangaskhan / Teal Mask Ogerpon,1169.7
Marnie's Grimmsnarl / Marnie's Morgrem,1075.3,Marnie's Grimmsnarl / Marnie's Morgrem,895.4
Dragapult / Dudunsparce,912.2,Cynthia's Garchomp / Cynthia's Gabite,972.7
Thwackey / Dipplin,948.6,Lucario / Hariyama,991.1
Dragapult / Meowth,920.9,Kangaskhan / Crustle,1019.6
Starmie / Froslass,1116.8,Kangaskhan / Crustle,903.5
Fezandipiti / Alakazam,1099.6,Kangaskhan / Teal Mask Ogerpon,1075.3
Marnie's Grimmsnarl / Marnie's Morgrem,985.3,Dragapult / Dudunsparce,912.2
Lopunny / Dudunsparce,1032.3,Fezandipiti / Alakazam,1120.8
Thwackey / Dipplin,948.6,Marnie's Grimmsnarl / Marnie's Morgrem,956.9
Lucario / Hariyama,1185.1,Kangaskhan / Cornerstone Mask Ogerpon,1040.5
Teal Mask Ogerpon / Hero’s Cape,994.1,Marnie's Grimmsnarl / Marnie's Morgrem,1022.6
Marnie's Grimmsnarl / Marnie's Morgrem,1075.3,Lopunny / Froslass,600.0
Lopunny / Froslass,1084.1,Marnie's Grimmsnarl / Marnie's Morgrem,1009.6
Cynthia's Garchomp / Cynthia's Gabite,1105.3,Lopunny / Froslass,971.4
Kangaskhan / Cornerstone Mask Ogerpon,1040.5,Fezandipiti / Alakazam,1006.4
Marnie's Grimmsnarl / Marnie's Morgrem,887.3,Marnie's Grimmsnarl / Marnie's Morgrem,1027.6
Starmie / Froslass,1116.8,Dragapult / Dudunsparce,1040.5
Teal Mask Ogerpon / Hero’s Cape,1025.5,Lucario / Hariyama,1056.9
Marnie's Grimmsnarl / Marnie's Morgrem,954.3,Marnie's Grimmsnarl / Marnie's Morgrem,841.6
Fezandipiti / Alakazam,1013.1,Kangaskhan / Teal Mask Ogerpon,1075.3
Thwackey / Seaking,761.5,Marnie's Grimmsnarl / Marnie's Morgrem,895.4
Lopunny / Dudunsparce,1032.3,Kangaskhan / Crustle,1063.2
Lucario / Hariyama,1185.1,Lopunny / Froslass,1110.2
Marnie's Grimmsnarl / Marnie's Morgrem,988.7,Lopunny / Froslass,1020.4
Marnie's Grimmsnarl / Marnie's Morgrem,1075.3,Lucario / Hariyama,857.5
Marnie's Grimmsnarl / Marnie's Morgrem,1009.6,Lopunny / Dudunsparce,946.8
Dragapult / Meowth,920.9,Lopunny / Dudunsparce,1032.3
Marnie's Grimmsnarl / Marnie's Morgrem,974.1,Lopunny / Lillie’s Clefairy,801.5
Lucario / Hariyama,857.5,Dragapult / Meowth,920.9
Starmie / Froslass,1116.8,Marnie's Grimmsnarl / Marnie's Morgrem,971.6
Lucario / Hariyama,1056.9,Lopunny / Froslass,683.8
Marnie's Grimmsnarl / Marnie's Morgrem,954.3,Lopunny / Froslass,997.8
Kangaskhan / Teal Mask Ogerpon,1075.3,Lopunny / Froslass,1054.9
Marnie's Grimmsnarl / Marnie's Morgrem,1039.5,Chandelure / Lampent,942.1
Lopunny / Dudunsparce,1032.3,Lucario / Hariyama,1056.9
Teal Mask Ogerpon / Hero’s Cape,1025.5,Marnie's Grimmsnarl / Marnie's Morgrem,931.0
Marnie's Grimmsnarl / Marnie's Morgrem,988.7,Lopunny / Froslass,997.8
Lucario / Hariyama,1185.1,Lopunny / Froslass,1078.2
Teal Mask Ogerpon / Hero’s Cape,994.1,Marnie's Grimmsnarl / Marnie's Morgrem,1026.1
Marnie's Grimmsnarl / Marnie's Morgrem,1075.3,Lopunny / Dudunsparce,946.8
Dragapult / Meowth,920.9,Fezandipiti / Alakazam,1006.4
Starmie / Froslass,1116.8,Kangaskhan / Crustle,1004.4
Kangaskhan / Crustle,978.3,Marnie's Grimmsnarl / Marnie's Morgrem,954.3
Lucario / Hariyama,1056.9,Kangaskhan / Cornerstone Mask Ogerpon,993.4
Kangaskhan / Teal Mask Ogerpon,1075.3,Marnie's Grimmsnarl / Marnie's Morgrem,1036.7
Fezandipiti / Alakazam,994.9,Lopunny / Froslass,971.4
Marnie's Grimmsnarl / Marnie's Morgrem,895.4,Fezandipiti / Alakazam,1053.9
Fezandipiti / Alakazam,1037.9,Lopunny / Dudunsparce,1032.3
Marnie's Grimmsnarl / Marnie's Morgrem,931.0,Marnie's Grimmsnarl / Marnie's Morgrem,1037.2
Lucario / Hariyama,1185.1,Lopunny / Dudunsparce,1032.3
Marnie's Grimmsnarl / Marnie's Morgrem,988.7,Marnie's Grimmsnarl / Marnie's Morgrem,997.9
Marnie's Grimmsnarl / Marnie's Morgrem,1075.3,Fezandipiti / Alakazam,881.7
Marnie's Grimmsnarl / Marnie's Morgrem,1009.6,Fezandipiti / Alakazam,989.2
Marnie's Grimmsnarl / Marnie's Morgrem,1005.8,Lopunny / Froslass,1020.4
Cynthia's Garchomp / Cynthia's Gabite,1105.3,Dragapult / Blaziken,881.6
Marnie's Grimmsnarl / Marnie's Morgrem,1005.8,Lucario / Hariyama,857.5
Teal Mask Ogerpon / Hero’s Cape,1025.5,Marnie's Grimmsnarl / Marnie's Morgrem,941.6
Dragapult / Meowth,920.9,Fezandipiti / Alakazam,1034.0
Marnie's Grimmsnarl / Marnie's Morgrem,954.3,Marnie's Grimmsnarl / Marnie's Morgrem,988.6
Kangaskhan / Teal Mask Ogerpon,1075.3,Fezandipiti / Alakazam,998.9
Marnie's Grimmsnarl / Marnie's Morgrem,995.9,Marnie's Grimmsnarl / Marnie's Morgrem,903.0
Marnie's Grimmsnarl / Marnie's Morgrem,974.1,Marnie's Grimmsnarl / Marnie's Morgrem,895.4
Lopunny / Froslass,1078.2,Lopunny / Dudunsparce,1032.3
Chandelure / Lampent,942.1,Lucario / Hariyama,964.9
Marnie's Grimmsnarl / Marnie's Morgrem,988.7,Fezandipiti / Alakazam,1035.4
Lucario / Hariyama,1185.1,Kangaskhan / Cornerstone Mask Ogerpon,157.9
Fezandipiti / Alakazam,1035.4,Marnie's Grimmsnarl / Marnie's Morgrem,1075.3
Fezandipiti / Alakazam,806.7,Marnie's Grimmsnarl / Marnie's Morgrem,1009.6
Marnie's Grimmsnarl / Marnie's Morgrem,1134.4,Marnie's Grimmsnarl / Marnie's Morgrem,1136.8
Fezandipiti / Alakazam,1017.2,Fezandipiti / Alakazam,1035.2
Lucario / Hariyama,857.5,Dragapult / Meowth,920.9
Lopunny / Froslass,1063.2,Starmie / Froslass,1116.8
Marnie's Grimmsnarl / Marnie's Morgrem,954.3,Kangaskhan / Cornerstone Mask Ogerpon,993.4
Lucario / Hariyama,1056.9,Fezandipiti / Alakazam,1035.2
Kangaskhan / Teal Mask Ogerpon,1075.3,Cynthia's Garchomp / Cynthia's Gabite,1105.3
Lopunny / Froslass,971.4,Lopunny / Teal Mask Ogerpon,999.2
Thwackey / Dipplin,1006.7,Chandelure / Lampent,942.1
Fezandipiti / Alakazam,1001.1,Lopunny / Dudunsparce,1032.3
Marnie's Grimmsnarl / Marnie's Morgrem,988.7,Kangaskhan / Crustle,981.5
Lucario / Hariyama,1185.1,Fezandipiti / Alakazam,1189.4
Fezandipiti / Alakazam,948.8,Marnie's Grimmsnarl / Marnie's Morgrem,1075.3
Marnie's Grimmsnarl / Marnie's Morgrem,1022.6,Marnie's Grimmsnarl / Marnie's Morgrem,1009.6
Marnie's Grimmsnarl / Marnie's Morgrem,1005.8,Marnie's Grimmsnarl / Marnie's Morgrem,1036.7
Thwackey / Dipplin,1006.7,Dragapult / Dudunsparce,912.2
Marnie's Grimmsnarl / Marnie's Morgrem,1111.6,Lopunny / Dudunsparce,1032.3
Marnie's Grimmsnarl / Marnie's Morgrem,1039.5,Marnie's Grimmsnarl / Marnie's Morgrem,941.6
Dragapult / Meowth,920.9,Marnie's Grimmsnarl / Marnie's Morgrem,1075.3
Marnie's Grimmsnarl / Marnie's Morgrem,1099.5,Starmie / Froslass,1116.8
Lucario / Hariyama,1056.9,Teal Mask Ogerpon / Hero’s Cape,1035.5
Marnie's Grimmsnarl / Marnie's Morgrem,1015.3,Marnie's Grimmsnarl / Marnie's Morgrem,954.3
Kangaskhan / Teal Mask Ogerpon,1075.3,Fezandipiti / Alakazam,1099.6
Chandelure / Lampent,942.1,Lopunny / Froslass,998.5
Dragapult / Fezandipiti,834.7,Fezandipiti / Alakazam,806.7
Fezandipiti / Alakazam,1037.9,Marnie's Grimmsnarl / Marnie's Morgrem,895.4
Venusaur / Kangaskhan,998.3,Marnie's Grimmsnarl / Marnie's Morgrem,931.0
Marnie's Grimmsnarl / Marnie's Morgrem,887.3,Thwackey / Dipplin,1006.7
Marnie's Grimmsnarl / Marnie's Morgrem,1075.3,Meganium / Hydrapple,554.2
Marnie's Grimmsnarl / Marnie's Morgrem,988.7,Kangaskhan / Crustle,1004.4
Lucario / Dudunsparce,987.1,Marnie's Grimmsnarl / Marnie's Morgrem,1009.6
Teal Mask Ogerpon / Hero’s Cape,994.1,Marnie's Grimmsnarl / Marnie's Morgrem,1039.5
Hydrapple / Teal Mask Ogerpon,1166.1,Lucario / Hariyama,1185.1
Dragapult / Meowth,920.9,Marnie's Grimmsnarl / Marnie's Morgrem,1005.8
Dragapult / Meowth,920.9,Marnie's Grimmsnarl / Marnie's Morgrem,895.4
Marnie's Grimmsnarl / Marnie's Morgrem,941.6,Dragapult / Meowth,884.6
Starmie / Froslass,1116.8,Lopunny / Froslass,966.1
Lucario / Hariyama,1056.9,Dragapult / Meowth,1104.0
Marnie's Grimmsnarl / Marnie's Morgrem,1011.0,Marnie's Grimmsnarl / Marnie's Morgrem,954.3
Kangaskhan / Teal Mask Ogerpon,1075.3,Dragapult / Meowth,1104.0
Lopunny / Froslass,971.4,Fezandipiti / Alakazam,1017.2
Chandelure / Lampent,942.1,Marnie's Grimmsnarl / Marnie's Morgrem,974.2
Lopunny / Dudunsparce,1032.3,Fezandipiti / Alakazam,965.9
Lucario / Hariyama,1185.1,Kangaskhan / Teal Mask Ogerpon,1075.3
Teal Mask Ogerpon / Hero’s Cape,994.1,Marnie's Grimmsnarl / Marnie's Morgrem,995.9
Fezandipiti / Alakazam,1120.8,Marnie's Grimmsnarl / Marnie's Morgrem,988.7
Fezandipiti / Alakazam,1120.8,Marnie's Grimmsnarl / Marnie's Morgrem,1075.3
Marnie's Grimmsnarl / Marnie's Morgrem,1009.6,Marnie's Grimmsnarl / Marnie's Morgrem,1027.6
Teal Mask Ogerpon / Tapu Bulu,1056.8,Cynthia's Garchomp / Cynthia's Gabite,1105.3
Fezandipiti / Alakazam,1047.2,Starmie / Froslass,1116.8
Cynthia's Garchomp / Cynthia's Gabite,1105.3,Kangaskhan / Crustle,1055.5
Marnie's Grimmsnarl / Marnie's Morgrem,1005.8,Fezandipiti / Alakazam,1001.1
Dragapult / Meowth,920.9,Lucario / Riolu,1049.2
Starmie / Froslass,1116.8,Teal Mask Ogerpon / Hero’s Cape,1025.5
Dragapult / Meowth,1104.0,Marnie's Grimmsnarl / Marnie's Morgrem,954.3
Team Rocket's Mewtwo / Team Rocket's Spidops,1004.4,Lucario / Hariyama,1056.9
Marnie's Grimmsnarl / Marnie's Morgrem,1134.4,Kangaskhan / Teal Mask Ogerpon,1075.3
Marnie's Grimmsnarl / Marnie's Morgrem,991.9,Lopunny / Froslass,971.4
Marnie's Grimmsnarl / Marnie's Morgrem,900.3,Marnie's Grimmsnarl / Marnie's Morgrem,1015.3
Thwackey / Seaking,761.5,Chandelure / Lampent,942.1
Lopunny / Dudunsparce,1032.3,Marnie's Grimmsnarl / Marnie's Morgrem,1036.7
Dragapult / Meowth,1089.9,Marnie's Grimmsnarl / Marnie's Morgrem,988.7
Kangaskhan / Teal Mask Ogerpon,1169.7,Lucario / Hariyama,1185.1
Kangaskhan / Crustle,981.5,Teal Mask Ogerpon / Hero’s Cape,994.1
Marnie's Grimmsnarl / Marnie's Morgrem,1075.3,Lopunny / Froslass,1020.4
Fezandipiti / Alakazam,1044.7,Kangaskhan / Crustle,978.3
Fezandipiti / Alakazam,1044.7,Marnie's Grimmsnarl / Marnie's Morgrem,1009.6
Kangaskhan / Cornerstone Mask Ogerpon,1040.5,Arboliva / Teal Mask Ogerpon,1013.7
Marnie's Grimmsnarl / Marnie's Morgrem,1051.2,Marnie's Grimmsnarl / Marnie's Morgrem,932.5
Marnie's Grimmsnarl / Marnie's Morgrem,1074.1,Kangaskhan / Crustle,1019.6
Marnie's Grimmsnarl / Marnie's Morgrem,1005.8,Lucario / Hariyama,1185.1
Fezandipiti / Alakazam,1012.8,Marnie's Grimmsnarl / Marnie's Morgrem,941.6
Marnie's Grimmsnarl / Marnie's Morgrem,1117.5,Dragapult / Meowth,920.9
Marnie's Grimmsnarl / Marnie's Morgrem,911.8,Marnie's Grimmsnarl / Marnie's Morgrem,974.2
Fezandipiti / Alakazam,1037.9,Lucario / Hariyama,1056.9
Marnie's Grimmsnarl / Marnie's Morgrem,954.3,Lucario / Hariyama,964.9
Fezandipiti / Alakazam,1017.2,Kangaskhan / Teal Mask Ogerpon,1075.3
Lopunny / Froslass,971.4,Marnie's Grimmsnarl / Marnie's Morgrem,1025.2
Lopunny / Froslass,1049.2,Thwackey / Dipplin,948.6
Lucario / Hariyama,1185.1,Marnie's Grimmsnarl / Marnie's Morgrem,1136.8
Kangaskhan / Crustle,961.3,Teal Mask Ogerpon / Hero’s Cape,994.1
Fezandipiti / Alakazam,1037.9,Marnie's Grimmsnarl / Marnie's Morgrem,988.7
Teal Mask Ogerpon / Tapu Bulu,1056.8,Marnie's Grimmsnarl / Marnie's Morgrem,1075.3
Marnie's Grimmsnarl / Marnie's Morgrem,894.0,Marnie's Grimmsnarl / Marnie's Morgrem,1040.4
Marnie's Grimmsnarl / Marnie's Morgrem,1117.5,Fezandipiti / Alakazam,1013.1
Marnie's Grimmsnarl / Marnie's Morgrem,1074.1,Fezandipiti / Alakazam,908.8
Lopunny / Froslass,1110.2,Marnie's Grimmsnarl / Marnie's Morgrem,1005.8
Lucario / Hariyama,857.5,Dragapult / Meowth,920.9
Marnie's Grimmsnarl / Marnie's Morgrem,941.6,Fezandipiti / Alakazam,953.1
Kangaskhan / Latias,1162.5,Starmie / Froslass,1116.8
Marnie's Grimmsnarl / Marnie's Morgrem,954.3,Lopunny / Froslass,1065.2
Kangaskhan / Cornerstone Mask Ogerpon,1040.5,Kangaskhan / Teal Mask Ogerpon,1075.3
Fezandipiti / Alakazam,1035.4,Lopunny / Dudunsparce,1032.3
Teal Mask Ogerpon / Hero’s Cape,994.1,Marnie's Grimmsnarl / Marnie's Morgrem,1078.0
Kangaskhan / Latias,1162.5,Lucario / Hariyama,1185.1
Kangaskhan / Latias,1162.5,Marnie's Grimmsnarl / Marnie's Morgrem,1075.3
Marnie's Grimmsnarl / Marnie's Morgrem,1022.6,Marnie's Grimmsnarl / Marnie's Morgrem,1074.1
Kangaskhan / Crustle,1063.2,Marnie's Grimmsnarl / Marnie's Morgrem,1005.8
Fezandipiti / Alakazam,1013.1,Marnie's Grimmsnarl / Marnie's Morgrem,941.6
Kangaskhan / Latias,1162.5,Dragapult / Meowth,920.9
Starmie / Froslass,1116.8,Teal Mask Ogerpon / Hero’s Cape,1035.5
Fezandipiti / Alakazam,994.9,Marnie's Grimmsnarl / Marnie's Morgrem,954.3
Marnie's Grimmsnarl / Marnie's Morgrem,958.1,Lucario / Hariyama,1056.9
Fezandipiti / Alakazam,951.1,Lopunny / Froslass,971.4
Marnie's Grimmsnarl / Marnie's Morgrem,903.0,Marnie's Grimmsnarl / Marnie's Morgrem,981.3
Marnie's Grimmsnarl / Marnie's Morgrem,965.0,Chandelure / Lampent,942.1
Lopunny / Froslass,1074.1,Lopunny / Froslass,1054.9
Lucario / Dudunsparce,987.1,Lopunny / Dudunsparce,1032.3
Lucario / Hariyama,1185.1,Lopunny / Froslass,1110.2
Marnie's Grimmsnarl / Marnie's Morgrem,988.7,Fezandipiti / Alakazam,1017.2
Marnie's Grimmsnarl / Marnie's Morgrem,1111.6,Marnie's Grimmsnarl / Marnie's Morgrem,1005.8
Cynthia's Garchomp / Cynthia's Gabite,1105.3,Dragapult / Meowth,920.9
Starmie / Froslass,1116.8,Marnie's Grimmsnarl / Marnie's Morgrem,971.7
Marnie's Grimmsnarl / Marnie's Morgrem,1027.6,Lucario / Hariyama,1056.9
Thwackey / Dipplin,1006.7,Marnie's Grimmsnarl / Marnie's Morgrem,954.3
Kangaskhan / Teal Mask Ogerpon,1075.3,Marnie's Grimmsnarl / Marnie's Morgrem,974.1
Fezandipiti / Alakazam,1099.6,Lopunny / Froslass,971.4
Lopunny / Froslass,1074.1,Teal Mask Ogerpon / Hero’s Cape,994.1
Fezandipiti / Alakazam,987.5,Lopunny / Dudunsparce,1032.3
Fezandipiti / Alakazam,965.9,Teal Mask Ogerpon / Hero’s Cape,994.1
Marnie's Grimmsnarl / Marnie's Morgrem,1134.4,Lucario / Hariyama,1185.1
Marnie's Grimmsnarl / Marnie's Morgrem,960.8,Marnie's Grimmsnarl / Marnie's Morgrem,988.7
Marnie's Grimmsnarl / Marnie's Morgrem,1066.9,Marnie's Grimmsnarl / Marnie's Morgrem,1005.8
Dragapult / Meowth,1001.9,Lucario / Hariyama,991.1
Teal Mask Ogerpon / Hero’s Cape,1035.5,Fezandipiti / Alakazam,896.6
Lopunny / Froslass,1063.2,Marnie's Grimmsnarl / Marnie's Morgrem,1005.8
Marnie's Grimmsnarl / Marnie's Morgrem,1005.8,Dragapult / Meowth,920.9
Starmie / Froslass,1116.8,Lopunny / Froslass,913.0
Marnie's Grimmsnarl / Marnie's Morgrem,974.1,Lucario / Hariyama,1056.9
Lopunny / Dudunsparce,1029.4,Marnie's Grimmsnarl / Marnie's Morgrem,954.3
Kangaskhan / Teal Mask Ogerpon,1075.3,Fezandipiti / Alakazam,1061.7
Lopunny / Froslass,971.4,Marnie's Grimmsnarl / Marnie's Morgrem,968.2
Venusaur / Kangaskhan,998.3,Thwackey / Dipplin,948.6
Lopunny / Dudunsparce,1032.3,Marnie's Grimmsnarl / Marnie's Morgrem,875.9
Marnie's Grimmsnarl / Marnie's Morgrem,988.7,Marnie's Grimmsnarl / Marnie's Morgrem,887.3
Kangaskhan / Teal Mask Ogerpon,1075.3,Lucario / Hariyama,1185.1
Fezandipiti / Alakazam,1035.2,Teal Mask Ogerpon / Hero’s Cape,994.1
Fezandipiti / Alakazam,993.9,Fezandipiti / Alakazam,884.0
Marnie's Grimmsnarl / Marnie's Morgrem,1014.7,Marnie's Grimmsnarl / Marnie's Morgrem,960.9
Marnie's Grimmsnarl / Marnie's Morgrem,1134.4,Lopunny / Froslass,683.8
Fezandipiti / Alakazam,1053.9,Teal Mask Ogerpon / Tapu Bulu,973.3
Dragapult / Meowth,1001.9,Fezandipiti / Alakazam,1044.7
Dragapult / Meowth,740.7,Marnie's Grimmsnarl / Marnie's Morgrem,966.5
Fezandipiti / Alakazam,1034.0,Fezandipiti / Alakazam,948.8
Cynthia's Garchomp / Cynthia's Gabite,825.5,Fezandipiti / Alakazam,998.9
Fezandipiti / Alakazam,1044.7,Marnie's Grimmsnarl / Marnie's Morgrem,1005.8
Starmie / Froslass,1116.8,Marnie's Grimmsnarl / Marnie's Morgrem,1039.0
Cynthia's Garchomp / Cynthia's Gabite,1105.3,Dragapult / Meowth,920.9
Kangaskhan / Cornerstone Mask Ogerpon,993.4,Kangaskhan / Teal Mask Ogerpon,1075.3
Marnie's Grimmsnarl / Marnie's Morgrem,1026.1,Lopunny / Froslass,971.4
Marnie's Grimmsnarl / Marnie's Morgrem,1009.6,N’s Zoroark / N’s Zorua,1088.1
Thwackey / Dipplin,948.6,Marnie's Grimmsnarl / Marnie's Morgrem,889.9
Marnie's Grimmsnarl / Marnie's Morgrem,974.2,Lopunny / Dudunsparce,1032.3
Lopunny / Froslass,1074.1,Dragapult / Meowth,920.9
Lucario / Hariyama,1185.1,Kangaskhan / Crustle,1063.2
Teal Mask Ogerpon / Hop’s Choice Band,851.2,Marnie's Grimmsnarl / Marnie's Morgrem,960.8
Dragapult / Meowth,1001.9,Fezandipiti / Alakazam,1013.1
Fezandipiti / Alakazam,965.9,Dragapult / Meowth,740.7
Fezandipiti / Alakazam,896.6,Marnie's Grimmsnarl / Marnie's Morgrem,1036.7
Marnie's Grimmsnarl / Marnie's Morgrem,953.9,Marnie's Grimmsnarl / Marnie's Morgrem,977.5
Marnie's Grimmsnarl / Marnie's Morgrem,1005.8,Dragapult / Meowth,1001.9
Starmie / Froslass,1116.8,Fezandipiti / Alakazam,1047.2
Marnie's Grimmsnarl / Marnie's Morgrem,954.3,Marnie's Grimmsnarl / Marnie's Morgrem,965.0
Kangaskhan / Cornerstone Mask Ogerpon,157.9,Kangaskhan / Teal Mask Ogerpon,1075.3
Marnie's Grimmsnarl / Marnie's Morgrem,1046.9,Lopunny / Froslass,971.4
Lucario / Dudunsparce,987.1,Lopunny / Froslass,1074.1
Lopunny / Dudunsparce,1032.3,Marnie's Grimmsnarl / Marnie's Morgrem,1189.4
Lucario / Hariyama,1185.1,Dragapult / Meowth,1001.9
Dragapult / Meowth,1054.7,Teal Mask Ogerpon / Hero’s Cape,990.9
Marnie's Grimmsnarl / Marnie's Morgrem,961.1,Fezandipiti / Alakazam,1061.7
Marnie's Grimmsnarl / Marnie's Morgrem,1075.3,Lopunny / Froslass,913.0
Hydrapple / Teal Mask Ogerpon,1166.1,Lucario / Hariyama,1185.1
Starmie / Froslass,1116.8,Dragapult / Meowth,1001.9
Marnie's Grimmsnarl / Marnie's Morgrem,1074.1,Cynthia's Garchomp / Cynthia's Gabite,1105.3
Marnie's Grimmsnarl / Marnie's Morgrem,1189.4,Marnie's Grimmsnarl / Marnie's Morgrem,1005.8
Marnie's Grimmsnarl / Marnie's Morgrem,1134.4,Starmie / Froslass,1116.8
Fezandipiti / Alakazam,1044.7,Kangaskhan / Teal Mask Ogerpon,1075.3
Alakazam / Kadabra,1056.8,Lopunny / Froslass,971.4
Lopunny / Dudunsparce,1032.3,Marnie's Grimmsnarl / Marnie's Morgrem,1117.5
Thwackey / Dipplin,921.6,Fezandipiti / Alakazam,1034.0
Lopunny / Froslass,998.5,Dragapult / Meowth,1047.2
Lopunny / Froslass,1074.1,Fezandipiti / Alakazam,1035.4
Dragapult / Meowth,920.9,Fezandipiti / Alakazam,1035.2
Dragapult / Meowth,920.9,Kangaskhan / Cornerstone Mask Ogerpon,157.9
Marnie's Grimmsnarl / Marnie's Morgrem,1015.3,Teal Mask Ogerpon / Hop’s Choice Band,851.2
Marnie's Grimmsnarl / Marnie's Morgrem,1074.1,Marnie's Grimmsnarl / Marnie's Morgrem,966.9
Marnie's Grimmsnarl / Marnie's Morgrem,1005.8,Fezandipiti / Alakazam,1034.0
Starmie / Froslass,1116.8,Kangaskhan / Cornerstone Mask Ogerpon,1040.5
Dragapult / Meowth,920.9,Marnie's Grimmsnarl / Marnie's Morgrem,961.1
Marnie's Grimmsnarl / Marnie's Morgrem,1078.2,Marnie's Grimmsnarl / Marnie's Morgrem,954.3
Kangaskhan / Cornerstone Mask Ogerpon,157.9,Kangaskhan / Teal Mask Ogerpon,1075.3
Thwackey / Dipplin,948.6,Marnie's Grimmsnarl / Marnie's Morgrem,1039.0
Lopunny / Dudunsparce,1032.3,Kangaskhan / Teal Mask Ogerpon,1075.3
Lopunny / Froslass,997.9,Teal Mask Ogerpon / Hero’s Cape,1035.5
Marnie's Grimmsnarl / Marnie's Morgrem,1111.6,Marnie's Grimmsnarl / Marnie's Morgrem,1040.4
Marnie's Grimmsnarl / Marnie's Morgrem,1022.6,Kangaskhan / Cornerstone Mask Ogerpon,1040.5
Dragapult / Meowth,1001.9,Dragapult / Meowth,1054.7
Lopunny / Teal Mask Ogerpon,999.2,Fezandipiti / Alakazam,1001.1
Marnie's Grimmsnarl / Marnie's Morgrem,1074.1,Lopunny / Froslass,1063.2
Dragapult / Meowth,920.9,Lucario / Hariyama,1099.5
Kangaskhan / Teal Mask Ogerpon,1075.3,Marnie's Grimmsnarl / Marnie's Morgrem,1015.3
Dragapult / Dudunsparce,912.2,Fezandipiti / Alakazam,1013.1
Thwackey / Dipplin,948.6,Teal Mask Ogerpon / Hero’s Cape,994.1
Lopunny / Dudunsparce,1032.3,Thwackey / Seaking,761.5
Dragapult / Meowth,1001.9,Marnie's Grimmsnarl / Marnie's Morgrem,954.3
Lopunny / Teal Mask Ogerpon,999.2,Thwackey / Dipplin,948.6
Marnie's Grimmsnarl / Marnie's Morgrem,1074.1,Lopunny / Froslass,997.9
Marnie's Grimmsnarl / Marnie's Morgrem,1005.8,Dragapult / Meowth,1104.0
Starmie / Froslass,1116.8,Lopunny / Froslass,1110.2
Dragapult / Meowth,920.9,Marnie's Grimmsnarl / Marnie's Morgrem,988.7
Lucario / Hariyama,1056.9,Marnie's Grimmsnarl / Marnie's Morgrem,974.2
Kangaskhan / Teal Mask Ogerpon,1075.3,Marnie's Grimmsnarl / Marnie's Morgrem,1002.9
Chandelure / Lampent,942.1,Marnie's Grimmsnarl / Marnie's Morgrem,1037.2
Marnie's Grimmsnarl / Marnie's Morgrem,932.5,Lopunny / Dudunsparce,1032.3
Dragapult / Dudunsparce,912.2,Thwackey / Dipplin,1051.0
Marnie's Grimmsnarl / Marnie's Morgrem,988.7,Kangaskhan / Cornerstone Mask Ogerpon,972.0
Lucario / Hariyama,1056.9,Dragapult / Meowth,907.6
Marnie's Grimmsnarl / Marnie's Morgrem,1025.2,Dragapult / Meowth,1001.9
Fezandipiti / Alakazam,948.8,Fezandipiti / Alakazam,1001.1
Lopunny / Teal Mask Ogerpon,999.2,Marnie's Grimmsnarl / Marnie's Morgrem,1078.0
Thwackey / Dipplin,1051.0,Marnie's Grimmsnarl / Marnie's Morgrem,1074.1
Marnie's Grimmsnarl / Marnie's Morgrem,1005.8,Fezandipiti / Alakazam,975.9
Starmie / Froslass,1116.8,Dragapult / Meowth,1001.9
Kangaskhan / Cornerstone Mask Ogerpon,157.9,Dragapult / Meowth,920.9
Lucario / Hariyama,1056.9,Kangaskhan / Crustle,978.3
Kangaskhan / Teal Mask Ogerpon,1075.3,Cynthia's Garchomp / Cynthia's Gabite,1105.3
Lopunny / Froslass,1074.1,Marnie's Grimmsnarl / Marnie's Morgrem,991.9
Marnie's Grimmsnarl / Marnie's Morgrem,1117.5,Lopunny / Dudunsparce,1032.3
Fezandipiti / Alakazam,1053.9,Chandelure / Lampent,942.1
Marnie's Grimmsnarl / Marnie's Morgrem,1075.3,Kangaskhan / Cornerstone Mask Ogerpon,157.9
Lucario / Hariyama,1185.1,Lopunny / Froslass,1063.2
Marnie's Grimmsnarl / Marnie's Morgrem,1025.2,Kangaskhan / Crustle,1004.4
Fezandipiti / Alakazam,948.8,Marnie's Grimmsnarl / Marnie's Morgrem,983.8
Fezandipiti / Alakazam,1055.1,Dragapult / Meowth,1001.9
Lopunny / Lillie’s Clefairy,801.5,Lopunny / Teal Mask Ogerpon,999.2
Lopunny / Froslass,913.0,Marnie's Grimmsnarl / Marnie's Morgrem,1074.1
Hydrapple / Teal Mask Ogerpon,1136.8,Starmie / Froslass,1116.8
Dragapult / Meowth,920.9,Fezandipiti / Alakazam,1047.2
Fezandipiti / Alakazam,1035.2,Lucario / Hariyama,1056.9
Marnie's Grimmsnarl / Marnie's Morgrem,1189.4,Kangaskhan / Teal Mask Ogerpon,1075.3
Thwackey / Dipplin,1051.0,Marnie's Grimmsnarl / Marnie's Morgrem,1040.4
Lucario / Hariyama,1099.5,Lopunny / Froslass,1074.1
Fezandipiti / Alakazam,1120.8,Teal Mask Ogerpon / Hero’s Cape,990.9
Lopunny / Froslass,1088.1,Marnie's Grimmsnarl / Marnie's Morgrem,991.9
Dragapult / Meowth,907.6,Marnie's Grimmsnarl / Marnie's Morgrem,1014.7
Dragapult / Meowth,1001.9,Marnie's Grimmsnarl / Marnie's Morgrem,944.6
Cynthia's Garchomp / Cynthia's Gabite,1105.3,Lopunny / Teal Mask Ogerpon,999.2
Marnie's Grimmsnarl / Marnie's Morgrem,1074.1,Lopunny / Froslass,1110.2
Marnie's Grimmsnarl / Marnie's Morgrem,1005.8,Marnie's Grimmsnarl / Marnie's Morgrem,1075.3
Starmie / Froslass,1116.8,Lucario / Hariyama,1185.1
Dragapult / Meowth,920.9,Marnie's Grimmsnarl / Marnie's Morgrem,1037.2
Kangaskhan / Teal Mask Ogerpon,1075.3,Marnie's Grimmsnarl / Marnie's Morgrem,1117.5
Marnie's Grimmsnarl / Marnie's Morgrem,966.9,Dragapult / Dudunsparce,912.2
Lopunny / Froslass,683.8,Marnie's Grimmsnarl / Marnie's Morgrem,1005.8
Lopunny / Froslass,1065.2,Fezandipiti / Alakazam,1001.1
Marnie's Grimmsnarl / Marnie's Morgrem,1002.9,Fezandipiti / Alakazam,969.0
Fezandipiti / Alakazam,1034.0,Lopunny / Dudunsparce,1032.3
Dragapult / Meowth,920.9,Fezandipiti / Alakazam,1099.6
Lopunny / Froslass,1088.1,Marnie's Grimmsnarl / Marnie's Morgrem,600.0
Kangaskhan / Cornerstone Mask Ogerpon,982.1,Dragapult / Meowth,1001.9
Marnie's Grimmsnarl / Marnie's Morgrem,1074.1,Fezandipiti / Alakazam,1044.7
Marnie's Grimmsnarl / Marnie's Morgrem,1005.8,Lopunny / Froslass,1078.2
Starmie / Froslass,1116.8,Lopunny / Froslass,1063.2
Dragapult / Meowth,920.9,Lucario / Hariyama,857.5
Lopunny / Froslass,1074.1,Marnie's Grimmsnarl / Marnie's Morgrem,954.3
Lucario / Riolu,1049.2,Kangaskhan / Teal Mask Ogerpon,1075.3
Lopunny / Froslass,1074.1,Dragapult / Meowth,1001.9
Marnie's Grimmsnarl / Marnie's Morgrem,1009.6,Fezandipiti / Alakazam,993.9
Cynthia's Garchomp / Cynthia's Gabite,1105.3,Lopunny / Froslass,1088.1
Lucario / Hariyama,1099.5,Dragapult / Meowth,1001.9
Marnie's Grimmsnarl / Marnie's Morgrem,1074.1,Fezandipiti / Alakazam,1035.2
Dragapult / Meowth,1054.7,Marnie's Grimmsnarl / Marnie's Morgrem,1005.8
Starmie / Froslass,1116.8,Marnie's Grimmsnarl / Marnie's Morgrem,1037.2
Dragapult / Meowth,920.9,Kangaskhan / Crustle,1063.2
Lucario / Hariyama,1056.9,Marnie's Grimmsnarl / Marnie's Morgrem,1027.6
Fezandipiti / Alakazam,1099.6,Kangaskhan / Teal Mask Ogerpon,1075.3
Kangaskhan / Team Rocket's Kangaskhan,1028.4,Teal Mask Ogerpon / Hero’s Cape,952.9
Lucario / Riolu,1049.2,Lopunny / Froslass,971.4
Marnie's Grimmsnarl / Marnie's Morgrem,1002.4,Fezandipiti / Alakazam,1032.3
Kangaskhan / Cornerstone Mask Ogerpon,972.0,Lopunny / Froslass,600.0
Lopunny / Froslass,1088.1,Lopunny / Dudunsparce,1032.3
Dragapult / Meowth,1078.0,Fezandipiti / Alakazam,994.9
Fezandipiti / Alakazam,948.8,Fezandipiti / Alakazam,1006.4
Dragapult / Meowth,1001.9,Marnie's Grimmsnarl / Marnie's Morgrem,961.1
Marnie's Grimmsnarl / Marnie's Morgrem,1078.2,Marnie's Grimmsnarl / Marnie's Morgrem,1074.1
Marnie's Grimmsnarl / Marnie's Morgrem,1075.3,Marnie's Grimmsnarl / Marnie's Morgrem,1005.8
Marnie's Grimmsnarl / Marnie's Morgrem,1134.4,Starmie / Froslass,1116.8
Kangaskhan / Crustle,1063.2,Dragapult / Meowth,920.9
Marnie's Grimmsnarl / Marnie's Morgrem,954.3,Arboliva / Teal Mask Ogerpon,1013.7
Marnie's Grimmsnarl / Marnie's Morgrem,1039.0,Kangaskhan / Teal Mask Ogerpon,1075.3
Kangaskhan / Teal Mask Ogerpon,1169.7,Dragapult / Meowth,920.9
Dragapult / Meowth,1078.0,Marnie's Grimmsnarl / Marnie's Morgrem,973.6
Fezandipiti / Alakazam,948.8,Kangaskhan / Cornerstone Mask Ogerpon,978.9
Dragapult / Meowth,1001.9,Dragapult / Meowth,1047.2
Lopunny / Teal Mask Ogerpon,999.2,Marnie's Grimmsnarl / Marnie's Morgrem,965.0
Kangaskhan / Cornerstone Mask Ogerpon,1084.1,Marnie's Grimmsnarl / Marnie's Morgrem,1074.1
Marnie's Grimmsnarl / Marnie's Morgrem,1051.5,Kangaskhan / Cornerstone Mask Ogerpon,972.0
Fezandipiti / Alakazam,1053.9,Marnie's Grimmsnarl / Marnie's Morgrem,1005.8
Starmie / Froslass,1116.8,Lopunny / Froslass,1110.2
Dragapult / Meowth,920.9,Starmie / Froslass,1116.8
Marnie's Grimmsnarl / Marnie's Morgrem,954.3,Marnie's Grimmsnarl / Marnie's Morgrem,981.3
Dragapult / Meowth,1047.2,Lopunny / Froslass,683.8
Marnie's Grimmsnarl / Marnie's Morgrem,1051.5,Teal Mask Ogerpon / Crustle,794.0
Marnie's Grimmsnarl / Marnie's Morgrem,1009.6,Kangaskhan / Team Rocket's Kangaskhan,1028.4
Marnie's Grimmsnarl / Marnie's Morgrem,1078.2,Lopunny / Froslass,1088.1
Lucario / Hariyama,1056.9,Marnie's Grimmsnarl / Marnie's Morgrem,1015.3
Marnie's Grimmsnarl / Marnie's Morgrem,1037.2,Kangaskhan / Teal Mask Ogerpon,1075.3
Dragapult / Meowth,1078.0,Marnie's Grimmsnarl / Marnie's Morgrem,967.4
Hydrapple / Teal Mask Ogerpon,1082.7,Marnie's Grimmsnarl / Marnie's Morgrem,1040.4
Marnie's Grimmsnarl / Marnie's Morgrem,1066.9,Dragapult / Meowth,1001.9
Marnie's Grimmsnarl / Marnie's Morgrem,1074.1,Lucario / Hariyama,906.8
Fezandipiti / Alakazam,1053.9,Marnie's Grimmsnarl / Marnie's Morgrem,1005.8
Fezandipiti / Alakazam,1055.1,Starmie / Froslass,1116.8
Dragapult / Meowth,920.9,Marnie's Grimmsnarl / Marnie's Morgrem,1039.5
Kangaskhan / Teal Mask Ogerpon,1075.3,Fezandipiti / Alakazam,1099.6
Fezandipiti / Alakazam,1052.1,Marnie's Grimmsnarl / Marnie's Morgrem,988.7
Kangaskhan / Cornerstone Mask Ogerpon,1040.5,Marnie's Grimmsnarl / Marnie's Morgrem,963.3
Lucario / Hariyama,1185.1,Marnie's Grimmsnarl / Marnie's Morgrem,1111.6
Marnie's Grimmsnarl / Marnie's Morgrem,1099.5,Marnie's Grimmsnarl / Marnie's Morgrem,1051.5
Lopunny / Froslass,1088.1,Marnie's Grimmsnarl / Marnie's Morgrem,1051.2
Fezandipiti / Alakazam,1037.9,Dragapult / Meowth,1078.0
Lopunny / Teal Mask Ogerpon,999.2,Fezandipiti / Alakazam,1034.0
Marnie's Grimmsnarl / Marnie's Morgrem,1074.1,Dragapult / Meowth,1047.2
Team Rocket's Mewtwo / Team Rocket's Spidops,1004.4,Marnie's Grimmsnarl / Marnie's Morgrem,1005.8
Kangaskhan / Cornerstone Mask Ogerpon,157.9,Starmie / Froslass,1116.8
Kangaskhan / Crustle,1063.2,Dragapult / Meowth,920.9
Marnie's Grimmsnarl / Marnie's Morgrem,1027.6,Lucario / Hariyama,1056.9
Arboliva / Teal Mask Ogerpon,1013.7,Marnie's Grimmsnarl / Marnie's Morgrem,954.3
Kangaskhan / Teal Mask Ogerpon,1075.3,Cynthia's Garchomp / Cynthia's Gabite,1105.3
Dragapult / Blaziken,881.6,Kangaskhan / Cornerstone Mask Ogerpon,1084.1
Lopunny / Froslass,1074.1,Teal Mask Ogerpon / Hero’s Cape,951.7
Marnie's Grimmsnarl / Marnie's Morgrem,1134.4,Lopunny / Lillie’s Clefairy,801.5
Fezandipiti / Alakazam,1120.8,Fezandipiti / Alakazam,1044.7
Lucario / Hariyama,1203.5,Marnie's Grimmsnarl / Marnie's Morgrem,1136.8
Fezandipiti / Alakazam,884.0,Kangaskhan / Crustle,1019.6
Lucario / Hariyama,1099.5,Marnie's Grimmsnarl / Marnie's Morgrem,1051.5
Lopunny / Froslass,1088.1,Lopunny / Froslass,1049.2
Fezandipiti / Alakazam,1034.0,Dragapult / Meowth,1001.9
Lopunny / Teal Mask Ogerpon,999.2,Fezandipiti / Alakazam,950.8
Marnie's Grimmsnarl / Marnie's Morgrem,1074.1,Lopunny / Froslass,683.8
Starmie / Froslass,1116.8,Marnie's Grimmsnarl / Marnie's Morgrem,1075.3
Dragapult / Meowth,920.9,Fezandipiti / Alakazam,1034.0
Lucario / Hariyama,1056.9,Marnie's Grimmsnarl / Marnie's Morgrem,1051.5
Fezandipiti / Alakazam,1037.9,Kangaskhan / Teal Mask Ogerpon,1075.3
Dragapult / Blaziken,881.6,Fezandipiti / Alakazam,959.1
Lopunny / Froslass,1065.2,Lopunny / Froslass,1054.9
Lopunny / Teal Mask Ogerpon,999.2,Marnie's Grimmsnarl / Marnie's Morgrem,1009.6
Lopunny / Froslass,1088.1,Fezandipiti / Alakazam,1037.9
Hydrapple / Teal Mask Ogerpon,1082.7,Kangaskhan / Team Rocket's Kangaskhan,1028.4
Fezandipiti / Alakazam,948.8,Dragapult / Blaziken,881.6
Lopunny / Froslass,1054.9,Lopunny / Teal Mask Ogerpon,999.2
Marnie's Grimmsnarl / Marnie's Morgrem,1074.1,Fezandipiti / Alakazam,1061.7
Marnie's Grimmsnarl / Marnie's Morgrem,1014.7,Marnie's Grimmsnarl / Marnie's Morgrem,1005.8
Fezandipiti / Alakazam,1055.1,Starmie / Froslass,1116.8
Dragapult / Meowth,920.9,Marnie's Grimmsnarl / Marnie's Morgrem,1036.7
Marnie's Grimmsnarl / Marnie's Morgrem,1066.9,Marnie's Grimmsnarl / Marnie's Morgrem,911.8
Lucario / Hariyama,1056.9,Fezandipiti / Alakazam,1034.0
Fezandipiti / Alakazam,977.2,Marnie's Grimmsnarl / Marnie's Morgrem,954.3
Dragapult / Meowth,920.9,Dragapult / Meowth,1047.2
Kangaskhan / Crustle,992.2,Kangaskhan / Crustle,1004.4
Marnie's Grimmsnarl / Marnie's Morgrem,1005.8,Lopunny / Dudunsparce,1029.4
Thwackey / Dipplin,1006.7,Lopunny / Froslass,1054.9
Lucario / Hariyama,1185.1,Fezandipiti / Alakazam,1061.7
Cynthia's Garchomp / Cynthia's Gabite,1105.3,Lopunny / Froslass,1088.1
N’s Zoroark / N’s Zorua,1088.1,Marnie's Grimmsnarl / Marnie's Morgrem,1026.1
Fezandipiti / Alakazam,948.8,Crustle / Dwebble,950.2
Lopunny / Froslass,1023.0,Lopunny / Teal Mask Ogerpon,999.2
Lopunny / Froslass,1084.1,Marnie's Grimmsnarl / Marnie's Morgrem,1074.1
Lopunny / Froslass,1049.2,Marnie's Grimmsnarl / Marnie's Morgrem,1005.8
Dragapult / Meowth,920.9,Lopunny / Froslass,1063.2
Fezandipiti / Alakazam,1030.4,Marnie's Grimmsnarl / Marnie's Morgrem,975.5
Lucario / Hariyama,1185.1,Lopunny / Froslass,683.8
Cynthia's Garchomp / Cynthia's Gabite,1105.3,Lopunny / Froslass,1074.1
Marnie's Grimmsnarl / Marnie's Morgrem,600.0,Dragapult / Dudunsparce,912.2
Marnie's Grimmsnarl / Marnie's Morgrem,1009.6,Lucario / Hariyama,1056.9
Lopunny / Dudunsparce,1032.3,Starmie / Froslass,1116.8
Lopunny / Froslass,1088.1,Lopunny / Froslass,913.0
Fezandipiti / Alakazam,948.8,Fezandipiti / Alakazam,966.1
Dragapult / Meowth,1001.9,Marnie's Grimmsnarl / Marnie's Morgrem,944.6
Marnie's Grimmsnarl / Marnie's Morgrem,554.2,Lopunny / Teal Mask Ogerpon,999.2
Marnie's Grimmsnarl / Marnie's Morgrem,1074.1,Marnie's Grimmsnarl / Marnie's Morgrem,1078.2
Marnie's Grimmsnarl / Marnie's Morgrem,1026.1,Marnie's Grimmsnarl / Marnie's Morgrem,1017.8
Cynthia's Garchomp / Cynthia's Gabite,1105.3,Dragapult / Meowth,920.9
Marnie's Grimmsnarl / Marnie's Morgrem,1005.8,Lucario / Hariyama,991.1
Marnie's Grimmsnarl / Marnie's Morgrem,1099.5,Lucario / Hariyama,1056.9
Fezandipiti / Alakazam,1006.4,Kangaskhan / Cornerstone Mask Ogerpon,972.0
Lopunny / Froslass,1065.2,Marnie's Grimmsnarl / Marnie's Morgrem,995.9
Fezandipiti / Alakazam,965.9,Kangaskhan / Cornerstone Mask Ogerpon,1040.5
Lucario / Hariyama,991.1,Kangaskhan / Crustle,978.3
Lucario / Hariyama,1099.5,Lopunny / Froslass,1088.1
Marnie's Grimmsnarl / Marnie's Morgrem,1002.4,N’s Zoroark / N’s Zorua,1088.1
Fezandipiti / Alakazam,965.9,Hydrapple / Teal Mask Ogerpon,1082.7
Lopunny / Froslass,1084.1,Fezandipiti / Alakazam,948.8
Marnie's Grimmsnarl / Marnie's Morgrem,1051.2,Dragapult / Meowth,1001.9
Marnie's Grimmsnarl / Marnie's Morgrem,1111.6,Marnie's Grimmsnarl / Marnie's Morgrem,1074.1
Lopunny / Teal Mask Ogerpon,999.2,Fezandipiti / Alakazam,933.7
Lopunny / Froslass,998.5,Marnie's Grimmsnarl / Marnie's Morgrem,1005.8
Dragapult / Meowth,920.9,Cynthia's Garchomp / Cynthia's Gabite,1105.3
Starmie / Froslass,1116.8,Teal Mask Ogerpon / Hero’s Cape,1025.5
Marnie's Grimmsnarl / Marnie's Morgrem,941.6,Marnie's Grimmsnarl / Marnie's Morgrem,1005.8
Lucario / Hariyama,1056.9,Fezandipiti / Alakazam,953.1
Marnie's Grimmsnarl / Marnie's Morgrem,1025.2,Lucario / Hariyama,1110.2
Kangaskhan / Teal Mask Ogerpon,1169.7,Dragapult / Meowth,920.9
Marnie's Grimmsnarl / Marnie's Morgrem,1117.5,Marnie's Grimmsnarl / Marnie's Morgrem,1078.2
Kangaskhan / Crustle,978.3,Teal Mask Ogerpon / Hero’s Cape,1025.5
Kangaskhan / Teal Mask Ogerpon,1075.3,Hydrapple / Teal Mask Ogerpon,1082.7
Lopunny / Froslass,1088.1,Fezandipiti / Alakazam,1053.9
Team Rocket's Mewtwo / Team Rocket's Spidops,1004.4,Fezandipiti / Alakazam,948.8
Fezandipiti / Alakazam,1044.7,Marnie's Grimmsnarl / Marnie's Morgrem,1074.1
Fezandipiti / Alakazam,965.9,Lopunny / Teal Mask Ogerpon,999.2
Marnie's Grimmsnarl / Marnie's Morgrem,1025.2,Marnie's Grimmsnarl / Marnie's Morgrem,1005.8
Dragapult / Meowth,920.9,Fezandipiti / Alakazam,1047.2
Starmie / Froslass,1116.8,Kangaskhan / Cornerstone Mask Ogerpon,1040.5
Lucario / Hariyama,1056.9,Marnie's Grimmsnarl / Marnie's Morgrem,1039.0
Marnie's Grimmsnarl / Marnie's Morgrem,974.2,Fezandipiti / Alakazam,987.5
Lopunny / Froslass,1088.1,Marnie's Grimmsnarl / Marnie's Morgrem,1026.1
Dragapult / Meowth,1001.9,Fezandipiti / Alakazam,994.9
Marnie's Grimmsnarl / Marnie's Morgrem,1074.1,Marnie's Grimmsnarl / Marnie's Morgrem,1039.5
Dragapult / Meowth,920.9,Kangaskhan / Latias,1162.5
Lopunny / Froslass,1074.1,Marnie's Grimmsnarl / Marnie's Morgrem,1005.8
Lopunny / Froslass,997.9,Marnie's Grimmsnarl / Marnie's Morgrem,912.6
Lucario / Hariyama,1056.9,Marnie's Grimmsnarl / Marnie's Morgrem,961.1
Dragapult / Meowth,884.6,Marnie's Grimmsnarl / Marnie's Morgrem,967.8
Fezandipiti / Alakazam,1099.6,Lopunny / Froslass,1088.1
Fezandipiti / Alakazam,1044.7,N’s Zoroark / N’s Zorua,1088.1
Lopunny / Dudunsparce,1054.9,Kangaskhan / Teal Mask Ogerpon,1075.3
Marnie's Grimmsnarl / Marnie's Morgrem,1046.9,Thwackey / Dipplin,1051.0
Lopunny / Teal Mask Ogerpon,999.2,Teal Mask Ogerpon / Hero’s Cape,1025.5
Marnie's Grimmsnarl / Marnie's Morgrem,1005.8,Thwackey / Seaking,761.5
Marnie's Grimmsnarl / Marnie's Morgrem,1117.5,Marnie's Grimmsnarl / Marnie's Morgrem,1017.8
Lopunny / Froslass,1063.2,Fezandipiti / Alakazam,1189.4
Marnie's Grimmsnarl / Marnie's Morgrem,1027.6,Starmie / Froslass,1116.8
Dragapult / Meowth,920.9,Lopunny / Froslass,683.8
Dragapult / Meowth,1089.9,Marnie's Grimmsnarl / Marnie's Morgrem,1039.5
Lopunny / Froslass,1065.2,Fezandipiti / Alakazam,806.7
Marnie's Grimmsnarl / Marnie's Morgrem,1189.4,Marnie's Grimmsnarl / Marnie's Morgrem,1075.3
Marnie's Grimmsnarl / Marnie's Morgrem,1074.1,Lopunny / Froslass,1110.2
Lucario / Hariyama,1185.1,Lopunny / Froslass,1088.1
Lopunny / Dudunsparce,1029.4,Arboliva / Teal Mask Ogerpon,1013.7
Fezandipiti / Alakazam,970.3,Thwackey / Dipplin,1006.7
Dragapult / Meowth,1104.0,Marnie's Grimmsnarl / Marnie's Morgrem,1046.9
Lopunny / Froslass,1088.1,Marnie's Grimmsnarl / Marnie's Morgrem,954.3
Fezandipiti / Alakazam,948.8,N’s Zoroark / N’s Zorua,1088.1
Marnie's Grimmsnarl / Marnie's Morgrem,1014.7,Hydrapple / Teal Mask Ogerpon,1082.7
Kangaskhan / Crustle,914.9,Dragapult / Meowth,1001.9
Fezandipiti / Alakazam,948.8,Fezandipiti / Alakazam,1012.8
Lucario / Hariyama,1056.9,Lopunny / Teal Mask Ogerpon,999.2
Kangaskhan / Teal Mask Ogerpon,1075.3,Marnie's Grimmsnarl / Marnie's Morgrem,1074.1
Marnie's Grimmsnarl / Marnie's Morgrem,1017.8,Lucario / Hariyama,991.1
Starmie / Froslass,1116.8,Kangaskhan / Crustle,1063.2
Dragapult / Meowth,1054.7,Marnie's Grimmsnarl / Marnie's Morgrem,1005.8
Marnie's Grimmsnarl / Marnie's Morgrem,991.9,Lopunny / Froslass,1020.4
Lucario / Hariyama,857.5,Dragapult / Meowth,1047.2
Marnie's Grimmsnarl / Marnie's Morgrem,1046.9,Kangaskhan / Cornerstone Mask Ogerpon,157.9
Kangaskhan / Crustle,1063.2,Lopunny / Froslass,1088.1
Lopunny / Dudunsparce,1029.4,N’s Zoroark / N’s Zorua,1088.1
Marnie's Grimmsnarl / Marnie's Morgrem,1074.1,Lucario / Riolu,1049.2
Dragapult / Meowth,1089.9,Lopunny / Teal Mask Ogerpon,999.2
Marnie's Grimmsnarl / Marnie's Morgrem,1017.8,Marnie's Grimmsnarl / Marnie's Morgrem,1075.3
Marnie's Grimmsnarl / Marnie's Morgrem,1117.5,Dragapult / Meowth,920.9
Marnie's Grimmsnarl / Marnie's Morgrem,1005.8,Fezandipiti / Alakazam,1061.7
Starmie / Froslass,1116.8,Kangaskhan / Latias,1162.5
Marnie's Grimmsnarl / Marnie's Morgrem,1009.6,Team Rocket's Mewtwo / Team Rocket's Spidops,1004.4
Fezandipiti / Alakazam,1012.8,Cynthia's Garchomp / Cynthia's Gabite,1055.5
Venusaur / Kangaskhan,998.3,Teal Mask Ogerpon / Hero’s Cape,1008.0
Alakazam / Kadabra,1056.8,Kangaskhan / Crustle,1004.4
Marnie's Grimmsnarl / Marnie's Morgrem,1046.9,Fezandipiti / Alakazam,1034.0
Marnie's Grimmsnarl / Marnie's Morgrem,1078.0,Venusaur / Kangaskhan,998.3
Lucario / Hariyama,1185.1,Lopunny / Froslass,1088.1
Kangaskhan / Cornerstone Mask Ogerpon,988.7,Hydrapple / Teal Mask Ogerpon,1082.7
Kangaskhan / Crustle,1019.6,Marnie's Grimmsnarl / Marnie's Morgrem,1074.1
Dragapult / Dudunsparce,1054.7,Lopunny / Teal Mask Ogerpon,999.2
Dragapult / Meowth,920.9,Fezandipiti / Rillaboom,941.6
Marnie's Grimmsnarl / Marnie's Morgrem,1017.8,Fezandipiti / Alakazam,943.4
Marnie's Grimmsnarl / Marnie's Morgrem,1005.8,Dragapult / Meowth,1047.2
Starmie / Froslass,1116.8,Cynthia's Garchomp / Cynthia's Gabite,1105.3
Dragapult / Meowth,920.9,Kangaskhan / Crustle,1063.2
Lopunny / Dudunsparce,1032.3,Dragapult / Dudunsparce,1040.5
Lopunny / Froslass,683.8,Marnie's Grimmsnarl / Marnie's Morgrem,1046.9
Marnie's Grimmsnarl / Marnie's Morgrem,1037.2,Lopunny / Froslass,1088.1
Dragapult / Meowth,1001.9,Teal Mask Ogerpon / Hero’s Cape,1025.5
Lopunny / Teal Mask Ogerpon,999.2,Fezandipiti / Alakazam,884.0
Marnie's Grimmsnarl / Marnie's Morgrem,1036.7,Marnie's Grimmsnarl / Marnie's Morgrem,1074.1
Dragapult / Meowth,920.9,Starmie / Froslass,1116.8
Marnie's Grimmsnarl / Marnie's Morgrem,1017.8,Marnie's Grimmsnarl / Marnie's Morgrem,971.7
Starmie / Froslass,1116.8,Marnie's Grimmsnarl / Marnie's Morgrem,1027.6
Marnie's Grimmsnarl / Marnie's Morgrem,1005.8,Lopunny / Froslass,963.1
Marnie's Grimmsnarl / Marnie's Morgrem,965.0,Lopunny / Froslass,1065.2
Marnie's Grimmsnarl / Marnie's Morgrem,983.8,Dragapult / Dudunsparce,912.2
Marnie's Grimmsnarl / Marnie's Morgrem,1009.6,Lopunny / Froslass,1074.1
Marnie's Grimmsnarl / Marnie's Morgrem,1046.9,Fezandipiti / Alakazam,1055.1
Lopunny / Froslass,1088.1,Lopunny / Froslass,998.5
Lopunny / Dudunsparce,1054.9,Teal Mask Ogerpon / Hero’s Cape,1035.5
Dragapult / Meowth,1001.9,Fezandipiti / Alakazam,1013.1
Marnie's Grimmsnarl / Marnie's Morgrem,1074.1,Fezandipiti / Alakazam,1034.0
Lopunny / Froslass,1088.1,Marnie's Grimmsnarl / Marnie's Morgrem,1017.8
Dragapult / Meowth,920.9,Lucario / Riolu,1049.2
Marnie's Grimmsnarl / Marnie's Morgrem,1005.8,Marnie's Grimmsnarl / Marnie's Morgrem,965.0
Kangaskhan / Latias,1162.5,Fezandipiti / Alakazam,1044.7
Kangaskhan / Teal Mask Ogerpon,1169.7,Starmie / Froslass,1116.8
Marnie's Grimmsnarl / Marnie's Morgrem,988.7,Fezandipiti / Alakazam,1032.3
Marnie's Grimmsnarl / Marnie's Morgrem,1075.3,Lopunny / Froslass,997.8
Marnie's Grimmsnarl / Marnie's Morgrem,1046.9,Lopunny / Froslass,683.8
Dragapult / Dudunsparce,1040.5,Fezandipiti / Alakazam,1120.8
Fezandipiti / Alakazam,948.8,Thwackey / Dipplin,948.6
Lopunny / Teal Mask Ogerpon,999.2,Marnie's Grimmsnarl / Marnie's Morgrem,1026.1
Cynthia's Garchomp / Cynthia's Gabite,1105.3,Marnie's Grimmsnarl / Marnie's Morgrem,1074.1
Lucario / Hariyama,1185.1,Dragapult / Meowth,920.9
Marnie's Grimmsnarl / Marnie's Morgrem,1017.8,Fezandipiti / Alakazam,1052.1
Meganium / Hydrapple,554.2,Fezandipiti / Alakazam,1053.9
Arboliva / Teal Mask Ogerpon,1013.7,Marnie's Grimmsnarl / Marnie's Morgrem,991.9
Lucario / Hariyama,1056.9,Kangaskhan / Cornerstone Mask Ogerpon,1040.5
Kangaskhan / Teal Mask Ogerpon,1169.7,Marnie's Grimmsnarl / Marnie's Morgrem,1046.9
Marnie's Grimmsnarl / Marnie's Morgrem,1078.0,Marnie's Grimmsnarl / Marnie's Morgrem,1002.9
Starmie / Froslass,1116.8,Lopunny / Froslass,1088.1
Kangaskhan / Cornerstone Mask Ogerpon,988.7,Marnie's Grimmsnarl / Marnie's Morgrem,1026.1
Lopunny / Dudunsparce,1054.9,Kangaskhan / Crustle,1063.2
Marnie's Grimmsnarl / Marnie's Morgrem,1002.9,Lopunny / Teal Mask Ogerpon,999.2
Marnie's Grimmsnarl / Marnie's Morgrem,991.9,Marnie's Grimmsnarl / Marnie's Morgrem,1074.1
Marnie's Grimmsnarl / Marnie's Morgrem,971.6,Marnie's Grimmsnarl / Marnie's Morgrem,1017.8
Dragapult / Meowth,1104.0,Dragapult / Meowth,920.9
Marnie's Grimmsnarl / Marnie's Morgrem,1027.6,Kangaskhan / Cornerstone Mask Ogerpon,1040.5
Lopunny / Froslass,1088.1,Fezandipiti / Alakazam,884.0
Marnie's Grimmsnarl / Marnie's Morgrem,1078.0,Cynthia's Garchomp / Cynthia's Gabite,982.7
Fezandipiti / Alakazam,948.8,Lopunny / Froslass,997.9
Dragapult / Meowth,920.9,Kangaskhan / Latias,1162.5
Marnie's Grimmsnarl / Marnie's Morgrem,1005.8,Fezandipiti / Alakazam,951.1
Dragapult / Dudunsparce,1040.5,Marnie's Grimmsnarl / Marnie's Morgrem,960.8
Marnie's Grimmsnarl / Marnie's Morgrem,1046.9,Starmie / Froslass,1116.8
Marnie's Grimmsnarl / Marnie's Morgrem,1078.0,Kangaskhan / Cornerstone Mask Ogerpon,988.7
Lopunny / Froslass,971.4,Marnie's Grimmsnarl / Marnie's Morgrem,1078.0
Lucario / Dudunsparce,987.1,Marnie's Grimmsnarl / Marnie's Morgrem,1074.1
Marnie's Grimmsnarl / Marnie's Morgrem,1046.9,Lopunny / Froslass,683.8
Marnie's Grimmsnarl / Marnie's Morgrem,1078.0,Marnie's Grimmsnarl / Marnie's Morgrem,1002.4
Marnie's Grimmsnarl / Marnie's Morgrem,1078.0,Marnie's Grimmsnarl / Marnie's Morgrem,1002.4
Lopunny / Froslass,997.8,Dragapult / Dudunsparce,1040.5
Lopunny / Froslass,1088.1,Marnie's Grimmsnarl / Marnie's Morgrem,1002.9
Teal Mask Ogerpon / Hero’s Cape,1008.0,Marnie's Grimmsnarl / Marnie's Morgrem,1051.5
Dragapult / Meowth,1001.9,Fezandipiti / Alakazam,1037.9
Lopunny / Froslass,600.0,Lopunny / Teal Mask Ogerpon,999.2
Marnie's Grimmsnarl / Marnie's Morgrem,1039.5,Marnie's Grimmsnarl / Marnie's Morgrem,1074.1
Hydrapple / Teal Mask Ogerpon,1166.1,Dragapult / Meowth,920.9
Hydrapple / Teal Mask Ogerpon,1166.1,Dragapult / Meowth,1104.0
Lopunny / Dudunsparce,1029.4,Venusaur / Teal Mask Ogerpon,739.9
Marnie's Grimmsnarl / Marnie's Morgrem,1134.4,Alakazam / Kadabra,1056.8
Lopunny / Dudunsparce,1032.3,Marnie's Grimmsnarl / Marnie's Morgrem,1037.2
Thwackey / Dipplin,1051.0,Fezandipiti / Alakazam,965.9
Marnie's Grimmsnarl / Marnie's Morgrem,1078.0,Marnie's Grimmsnarl / Marnie's Morgrem,1014.7
Dragapult / Meowth,1104.0,Marnie's Grimmsnarl / Marnie's Morgrem,1078.0
Lucario / Riolu,1049.2,Lopunny / Froslass,1088.1
Marnie's Grimmsnarl / Marnie's Morgrem,1078.0,Kangaskhan / Cornerstone Mask Ogerpon,988.7
N’s Zoroark / N’s Zorua,1088.1,Fezandipiti / Alakazam,977.2
Marnie's Grimmsnarl / Marnie's Morgrem,1074.1,Kangaskhan / Team Rocket's Kangaskhan,1028.4
Lucario / Hariyama,1056.9,Marnie's Grimmsnarl / Marnie's Morgrem,911.8
Dragapult / Meowth,1054.7,Dragapult / Meowth,920.9
Fezandipiti / Alakazam,1061.7,Marnie's Grimmsnarl / Marnie's Morgrem,988.7
Team Rocket's Mewtwo / Team Rocket's Spidops,1004.4,Kangaskhan / Crustle,1004.4
Lopunny / Froslass,1065.2,Teal Mask Ogerpon / Hero’s Cape,1025.5
Hydrapple / Teal Mask Ogerpon,1136.8,Lucario / Hariyama,1185.1
Fezandipiti / Alakazam,1034.0,Marnie's Grimmsnarl / Marnie's Morgrem,1046.9
Marnie's Grimmsnarl / Marnie's Morgrem,1078.0,Lucario / Riolu,1049.2
Teal Mask Ogerpon / Hero’s Cape,994.1,Marnie's Grimmsnarl / Marnie's Morgrem,1078.0
Dragapult / Meowth,920.9,Lopunny / Froslass,1088.1
Marnie's Grimmsnarl / Marnie's Morgrem,1066.9,Kangaskhan / Cornerstone Mask Ogerpon,988.7
Dragapult / Meowth,1001.9,Marnie's Grimmsnarl / Marnie's Morgrem,960.9
Fezandipiti / Alakazam,1013.1,Fezandipiti / Alakazam,948.8
Marnie's Grimmsnarl / Marnie's Morgrem,1078.0,Marnie's Grimmsnarl / Marnie's Morgrem,1074.1
Marnie's Grimmsnarl / Marnie's Morgrem,1066.9,Fezandipiti / Alakazam,998.9
Marnie's Grimmsnarl / Marnie's Morgrem,1111.6,Lucario / Hariyama,857.5
Lopunny / Froslass,1074.1,Marnie's Grimmsnarl / Marnie's Morgrem,949.6
Fezandipiti / Alakazam,1189.4,Marnie's Grimmsnarl / Marnie's Morgrem,1117.5
Marnie's Grimmsnarl / Marnie's Morgrem,1009.6,Marnie's Grimmsnarl / Marnie's Morgrem,1017.8
Marnie's Grimmsnarl / Marnie's Morgrem,1022.6,Marnie's Grimmsnarl / Marnie's Morgrem,1039.5
Fezandipiti / Alakazam,970.3,Marnie's Grimmsnarl / Marnie's Morgrem,1005.8
Marnie's Grimmsnarl / Marnie's Morgrem,988.7,Marnie's Grimmsnarl / Marnie's Morgrem,1035.4
Marnie's Grimmsnarl / Marnie's Morgrem,1046.9,Lopunny / Froslass,1084.1
Marnie's Grimmsnarl / Marnie's Morgrem,929.1,Marnie's Grimmsnarl / Marnie's Morgrem,1078.0
Dragapult / Dudunsparce,1040.5,Marnie's Grimmsnarl / Marnie's Morgrem,969.6
Dragapult / Meowth,1001.9,Marnie's Grimmsnarl / Marnie's Morgrem,911.8
Marnie's Grimmsnarl / Marnie's Morgrem,1051.2,Fezandipiti / Alakazam,1017.2
Cynthia's Garchomp / Cynthia's Gabite,1105.3,Marnie's Grimmsnarl / Marnie's Morgrem,600.0
Marnie's Grimmsnarl / Marnie's Morgrem,973.7,Fezandipiti / Alakazam,1035.2
Kangaskhan / Latias,1162.5,Marnie's Grimmsnarl / Marnie's Morgrem,1046.9
Marnie's Grimmsnarl / Marnie's Morgrem,1078.0,Marnie's Grimmsnarl / Marnie's Morgrem,1002.9
Lopunny / Froslass,1088.1,Kangaskhan / Latias,1162.5
Dragapult / Dudunsparce,1040.5,Marnie's Grimmsnarl / Marnie's Morgrem,600.0
Fezandipiti / Alakazam,1099.6,Dragapult / Meowth,1001.9
Dragapult / Dudunsparce,1040.5,Fezandipiti / Alakazam,948.8
Thwackey / Dipplin,1006.7,Marnie's Grimmsnarl / Marnie's Morgrem,1036.7
Marnie's Grimmsnarl / Marnie's Morgrem,1002.9,Fezandipiti / Alakazam,1006.4
Marnie's Grimmsnarl / Marnie's Morgrem,1074.1,Lopunny / Dudunsparce,1032.3
Lopunny / Dudunsparce,1029.4,Marnie's Grimmsnarl / Marnie's Morgrem,967.8
Lopunny / Dudunsparce,1032.3,Kangaskhan / Crustle,1019.6
Kangaskhan / Crustle,961.3,Lucario / Hariyama,1056.9
Fezandipiti / Alakazam,1099.6,Kangaskhan / Teal Mask Ogerpon,1075.3
Marnie's Grimmsnarl / Marnie's Morgrem,973.7,Marnie's Grimmsnarl / Marnie's Morgrem,1099.5
Marnie's Grimmsnarl / Marnie's Morgrem,1078.0,Marnie's Grimmsnarl / Marnie's Morgrem,1002.9
Lopunny / Froslass,1088.1,Marnie's Grimmsnarl / Marnie's Morgrem,1075.3
Fezandipiti / Alakazam,1099.6,Dragapult / Dudunsparce,1040.5
Fezandipiti / Alakazam,1032.3,Dragapult / Meowth,1001.9
Dragapult / Blaziken,881.6,Marnie's Grimmsnarl / Marnie's Morgrem,971.7
Marnie's Grimmsnarl / Marnie's Morgrem,964.8,Fezandipiti / Alakazam,1012.8
Marnie's Grimmsnarl / Marnie's Morgrem,1015.3,Fezandipiti / Alakazam,1035.4
Cynthia's Garchomp / Cynthia's Gabite,1105.3,Lopunny / Froslass,1065.2
Kangaskhan / Cornerstone Mask Ogerpon,982.1,Marnie's Grimmsnarl / Marnie's Morgrem,973.7
Marnie's Grimmsnarl / Marnie's Morgrem,1074.1,Marnie's Grimmsnarl / Marnie's Morgrem,1046.9
Marnie's Grimmsnarl / Marnie's Morgrem,1078.0,Marnie's Grimmsnarl / Marnie's Morgrem,973.7
Marnie's Grimmsnarl / Marnie's Morgrem,1036.7,Lopunny / Froslass,1088.1
Dragapult / Dudunsparce,1040.5,Marnie's Grimmsnarl / Marnie's Morgrem,944.6
Dragapult / Meowth,1001.9,Marnie's Grimmsnarl / Marnie's Morgrem,1015.3
Fezandipiti / Alakazam,970.3,Marnie's Grimmsnarl / Marnie's Morgrem,1005.8
Marnie's Grimmsnarl / Marnie's Morgrem,1011.0,Fezandipiti / Alakazam,1053.9
Thwackey / Dipplin,1051.0,Kangaskhan / Crustle,1004.4
Fezandipiti / Alakazam,948.8,Thwackey / Dipplin,1051.0
Dragapult / Meowth,920.9,Starmie / Froslass,1116.8
Lopunny / Froslass,1074.1,Starmie / Froslass,1116.8
Marnie's Grimmsnarl / Marnie's Morgrem,1111.6,Kangaskhan / Cornerstone Mask Ogerpon,1040.5
Marnie's Grimmsnarl / Marnie's Morgrem,1039.0,Marnie's Grimmsnarl / Marnie's Morgrem,1046.9
Lopunny / Froslass,1063.2,Marnie's Grimmsnarl / Marnie's Morgrem,1078.0
Lopunny / Froslass,1088.1,Dragapult / Blaziken,881.6
Lopunny / Froslass,1020.4,Dragapult / Dudunsparce,1040.5
Marnie's Grimmsnarl / Marnie's Morgrem,1039.5,Dragapult / Meowth,1001.9
Lopunny / Froslass,1065.2,Marnie's Grimmsnarl / Marnie's Morgrem,988.6
Lucario / Hariyama,1185.1,Kangaskhan / Teal Mask Ogerpon,1169.7
Lucario / Hariyama,1203.5,Lopunny / Froslass,1063.2
Marnie's Grimmsnarl / Marnie's Morgrem,966.5,Fezandipiti / Alakazam,1047.2
Fezandipiti / Alakazam,1189.4,Lucario / Hariyama,1185.1
Fezandipiti / Alakazam,994.9,Marnie's Grimmsnarl / Marnie's Morgrem,954.3
Dragapult / Meowth,920.9,Starmie / Froslass,1116.8
Teal Mask Ogerpon / Tapu Bulu,1056.8,Marnie's Grimmsnarl / Marnie's Morgrem,1046.9
Fezandipiti / Alakazam,1035.2,Marnie's Grimmsnarl / Marnie's Morgrem,1078.0
N’s Zoroark / N’s Zorua,1088.1,Dragapult / Dudunsparce,1054.7
Fezandipiti / Alakazam,1034.0,Marnie's Grimmsnarl / Marnie's Morgrem,973.7
Lopunny / Froslass,1023.0,Dragapult / Dudunsparce,1040.5
Lopunny / Dudunsparce,1029.4,Lopunny / Lillie’s Clefairy,801.5
Cynthia's Garchomp / Cynthia's Gabite,956.7,Dragapult / Meowth,1104.0
Lopunny / Froslass,1088.1,Marnie's Grimmsnarl / Marnie's Morgrem,1016.2
Lucario / Hariyama,1056.9,Marnie's Grimmsnarl / Marnie's Morgrem,1134.4
Marnie's Grimmsnarl / Marnie's Morgrem,1117.5,Kangaskhan / Cornerstone Mask Ogerpon,972.0
Marnie's Grimmsnarl / Marnie's Morgrem,1051.5,Marnie's Grimmsnarl / Marnie's Morgrem,1015.3
Lopunny / Froslass,1088.1,Marnie's Grimmsnarl / Marnie's Morgrem,946.5
Dragapult / Dudunsparce,1040.5,Kangaskhan / Cornerstone Mask Ogerpon,1084.1
Dragapult / Blaziken,881.6,Marnie's Grimmsnarl / Marnie's Morgrem,1078.0
Kangaskhan / Crustle,981.5,N’s Zoroark / N’s Zorua,1088.1
Marnie's Grimmsnarl / Marnie's Morgrem,1046.9,Marnie's Grimmsnarl / Marnie's Morgrem,1022.6
Lopunny / Froslass,683.8,Lucario / Hariyama,857.5
Marnie's Grimmsnarl / Marnie's Morgrem,964.8,Fezandipiti / Alakazam,1034.0
Dragapult / Meowth,1001.9,Kangaskhan / Crustle,961.3
Fezandipiti / Alakazam,1034.0,Kangaskhan / Teal Mask Ogerpon,1075.3
Lopunny / Teal Mask Ogerpon,999.2,Teal Mask Ogerpon / Hero’s Cape,1035.5
Kangaskhan / Crustle,978.3,Marnie's Grimmsnarl / Marnie's Morgrem,1051.5
Marnie's Grimmsnarl / Marnie's Morgrem,966.5,Thwackey / Seaking,761.5
Cynthia's Garchomp / Cynthia's Gabite,1105.3,Kangaskhan / Crustle,972.3
Marnie's Grimmsnarl / Marnie's Morgrem,870.5,Teal Mask Ogerpon / Hero’s Cape,945.4
Marnie's Grimmsnarl / Marnie's Morgrem,974.2,Marnie's Grimmsnarl / Marnie's Morgrem,973.7
Lopunny / Froslass,1110.2,Marnie's Grimmsnarl / Marnie's Morgrem,1051.5
Marnie's Grimmsnarl / Marnie's Morgrem,1046.9,Marnie's Grimmsnarl / Marnie's Morgrem,1051.2
Lopunny / Froslass,1078.2,Marnie's Grimmsnarl / Marnie's Morgrem,1078.0
Lopunny / Froslass,1088.1,Kangaskhan / Crustle,1063.2
Kangaskhan / Cornerstone Mask Ogerpon,988.7,Marnie's Grimmsnarl / Marnie's Morgrem,1015.3
Marnie's Grimmsnarl / Marnie's Morgrem,1037.2,Hydrapple / Teal Mask Ogerpon,1082.7
Teal Mask Ogerpon / Hero’s Cape,1035.5,Lopunny / Froslass,1078.2
Marnie's Grimmsnarl / Marnie's Morgrem,1074.1,Fezandipiti / Alakazam,1099.6
Marnie's Grimmsnarl / Marnie's Morgrem,1111.6,Dragapult / Meowth,920.9
Lopunny / Froslass,1074.1,Fezandipiti / Alakazam,970.3
Dragapult / Meowth,920.9,Lopunny / Froslass,683.8
Kangaskhan / Crustle,976.2,Marnie's Grimmsnarl / Marnie's Morgrem,991.9
Lopunny / Dudunsparce,1029.4,Marnie's Grimmsnarl / Marnie's Morgrem,1046.9
Marnie's Grimmsnarl / Marnie's Morgrem,1051.2,Marnie's Grimmsnarl / Marnie's Morgrem,1078.0
Lopunny / Froslass,1110.2,Lopunny / Froslass,1088.1
Dragapult / Dudunsparce,1040.5,Fezandipiti / Alakazam,1035.2
N’s Zoroark / N’s Zorua,1088.1,Kangaskhan / Cornerstone Mask Ogerpon,982.1
Marnie's Grimmsnarl / Marnie's Morgrem,981.3,Hydrapple / Teal Mask Ogerpon,1082.7
Marnie's Grimmsnarl / Marnie's Morgrem,1136.8,Fezandipiti / Alakazam,977.2
Fezandipiti / Alakazam,993.9,Marnie's Grimmsnarl / Marnie's Morgrem,1025.2
Marnie's Grimmsnarl / Marnie's Morgrem,997.8,Marnie's Grimmsnarl / Marnie's Morgrem,1017.8
Team Rocket's Mewtwo / Team Rocket's Spidops,1004.4,Fezandipiti / Alakazam,994.9
Marnie's Grimmsnarl / Marnie's Morgrem,960.8,Marnie's Grimmsnarl / Marnie's Morgrem,1134.4
Dragapult / Meowth,1089.9,Lopunny / Froslass,1078.2
Marnie's Grimmsnarl / Marnie's Morgrem,964.8,Marnie's Grimmsnarl / Marnie's Morgrem,1039.0
Dragapult / Dudunsparce,912.2,Lopunny / Dudunsparce,1029.4
Marnie's Grimmsnarl / Marnie's Morgrem,1046.9,Lucario / Hariyama,1056.9
Marnie's Grimmsnarl / Marnie's Morgrem,1002.4,Lopunny / Froslass,1088.1
Dragapult / Meowth,1089.9,Marnie's Grimmsnarl / Marnie's Morgrem,1009.6
Fezandipiti / Alakazam,1061.7,Marnie's Grimmsnarl / Marnie's Morgrem,1039.0
Dragapult / Dudunsparce,912.2,Lopunny / Lillie’s Clefairy,801.5
Fezandipiti / Alakazam,1047.2,Marnie's Grimmsnarl / Marnie's Morgrem,933.3
Lopunny / Froslass,1078.2,Marnie's Grimmsnarl / Marnie's Morgrem,1046.9
Marnie's Grimmsnarl / Marnie's Morgrem,1078.0,Kangaskhan / Crustle,1004.4
Lopunny / Froslass,1088.1,Fezandipiti / Alakazam,1061.7
Dragapult / Dudunsparce,1040.5,Kangaskhan / Crustle,978.3
Marnie's Grimmsnarl / Marnie's Morgrem,1014.7,Fezandipiti / Alakazam,977.2
Fezandipiti / Alakazam,1037.9,Marnie's Grimmsnarl / Marnie's Morgrem,1117.5
Kangaskhan / Cornerstone Mask Ogerpon,1040.5,Dragapult / Meowth,1104.0
Cynthia's Garchomp / Cynthia's Gabite,1105.3,Lopunny / Froslass,683.8
Marnie's Grimmsnarl / Marnie's Morgrem,1075.3,Fezandipiti / Alakazam,1034.0
Marnie's Grimmsnarl / Marnie's Morgrem,1039.0,Fezandipiti / Alakazam,1053.9
Marnie's Grimmsnarl / Marnie's Morgrem,1015.3,Dragapult / Dudunsparce,912.2
Dragapult / Dudunsparce,912.2,Lopunny / Froslass,997.9
Fezandipiti / Alakazam,1052.1,Marnie's Grimmsnarl / Marnie's Morgrem,1046.9
Marnie's Grimmsnarl / Marnie's Morgrem,1099.5,Lopunny / Froslass,1088.1
Dragapult / Dudunsparce,1040.5,Fezandipiti / Alakazam,1034.0
Marnie's Grimmsnarl / Marnie's Morgrem,988.6,N’s Zoroark / N’s Zorua,1088.1
Lopunny / Froslass,1065.2,Alakazam / Kadabra,1056.8
Dragapult / Dudunsparce,1040.5,Fezandipiti / Alakazam,1034.0
Lopunny / Froslass,1074.1,Dragapult / Blaziken,881.6
Fezandipiti / Rillaboom,941.6,Fezandipiti / Alakazam,977.2
Kangaskhan / Teal Mask Ogerpon,1169.7,Dragapult / Meowth,920.9
Lucario / Hariyama,1099.5,Marnie's Grimmsnarl / Marnie's Morgrem,1117.5
Fezandipiti / Alakazam,987.5,Teal Mask Ogerpon / Hero’s Cape,994.1
Fezandipiti / Alakazam,1120.8,Team Rocket's Mewtwo / Team Rocket's Spidops,935.1
Fezandipiti / Alakazam,1120.8,Fezandipiti / Alakazam,1055.1
Marnie's Grimmsnarl / Marnie's Morgrem,910.9,Dragapult / Meowth,1001.9
Teal Mask Ogerpon / Tapu Bulu,1056.8,Marnie's Grimmsnarl / Marnie's Morgrem,1046.9
Marnie's Grimmsnarl / Marnie's Morgrem,1078.0,Marnie's Grimmsnarl / Marnie's Morgrem,946.5
Lopunny / Froslass,1088.1,Team Rocket's Mewtwo / Team Rocket's Spidops,1004.4
Fezandipiti / Alakazam,969.4,Dragapult / Dudunsparce,1040.5
Marnie's Grimmsnarl / Marnie's Morgrem,1040.4,Fezandipiti / Alakazam,1035.4
Lucario / Hariyama,1185.1,Fezandipiti / Alakazam,1189.4
Marnie's Grimmsnarl / Marnie's Morgrem,1074.1,Marnie's Grimmsnarl / Marnie's Morgrem,1037.2
Lopunny / Froslass,1023.0,Lopunny / Dudunsparce,1029.4
Kangaskhan / Teal Mask Ogerpon,1075.3,Marnie's Grimmsnarl / Marnie's Morgrem,973.7
Fezandipiti / Alakazam,1120.8,Marnie's Grimmsnarl / Marnie's Morgrem,600.0
Dragapult / Meowth,920.9,Lucario / Dudunsparce,987.1
Lopunny / Froslass,1054.9,Kangaskhan / Crustle,981.5
Marnie's Grimmsnarl / Marnie's Morgrem,1046.9,Dragapult / Dudunsparce,912.2
Marnie's Grimmsnarl / Marnie's Morgrem,975.5,Marnie's Grimmsnarl / Marnie's Morgrem,1078.0
Fezandipiti / Alakazam,1120.8,Marnie's Grimmsnarl / Marnie's Morgrem,966.9
Fezandipiti / Alakazam,1055.1,Marnie's Grimmsnarl / Marnie's Morgrem,910.9
Marnie's Grimmsnarl / Marnie's Morgrem,1099.5,Marnie's Grimmsnarl / Marnie's Morgrem,1040.4
Dragapult / Dudunsparce,1040.5,Marnie's Grimmsnarl / Marnie's Morgrem,1036.7
Fezandipiti / Alakazam,1034.0,Kangaskhan / Crustle,1019.6
Marnie's Grimmsnarl / Marnie's Morgrem,983.8,Lucario / Hariyama,857.5
Starmie / Froslass,1116.8,Lopunny / Dudunsparce,1032.3
Cynthia's Garchomp / Cynthia's Gabite,1105.3,Lopunny / Froslass,1088.1
Fezandipiti / Alakazam,1120.8,Lopunny / Froslass,966.1
Marnie's Grimmsnarl / Marnie's Morgrem,1189.4,Marnie's Grimmsnarl / Marnie's Morgrem,933.3
Kangaskhan / Crustle,1004.4,Dragapult / Meowth,1078.0
Lopunny / Froslass,1054.9,Fezandipiti / Alakazam,966.1
Teal Mask Ogerpon / Hero’s Cape,1025.5,Marnie's Grimmsnarl / Marnie's Morgrem,1046.9
Dragapult / Meowth,1089.9,Lopunny / Froslass,1088.1
Marnie's Grimmsnarl / Marnie's Morgrem,1039.5,Dragapult / Dudunsparce,1040.5
Fezandipiti / Alakazam,1034.0,Kangaskhan / Crustle,978.3
Teal Mask Ogerpon / Hero’s Cape,919.0,Cynthia's Garchomp / Cynthia's Gabite,1105.3
Dragapult / Meowth,920.9,Kangaskhan / Crustle,1063.2
Marnie's Grimmsnarl / Marnie's Morgrem,964.8,Marnie's Grimmsnarl / Marnie's Morgrem,1002.9
Lopunny / Froslass,1074.1,Marnie's Grimmsnarl / Marnie's Morgrem,960.8
Fezandipiti / Alakazam,1120.8,Lucario / Hariyama,991.1
Lopunny / Froslass,1054.9,Kangaskhan / Latias,1203.5
Marnie's Grimmsnarl / Marnie's Morgrem,1046.9,Fezandipiti / Alakazam,1035.2
Dragapult / Dudunsparce,1040.5,Marnie's Grimmsnarl / Marnie's Morgrem,1039.5
Lopunny / Froslass,1088.1,Kangaskhan / Crustle,961.3
Lucario / Hariyama,1110.2,Kangaskhan / Crustle,981.5
Lopunny / Froslass,1020.4,Kangaskhan / Team Rocket's Kangaskhan,1028.4
Kangaskhan / Cornerstone Mask Ogerpon,1040.5,Fezandipiti / Alakazam,998.9
Marnie's Grimmsnarl / Marnie's Morgrem,1074.1,Lopunny / Froslass,1110.2
Lopunny / Froslass,1065.2,Teal Mask Ogerpon / Hero’s Cape,1008.0
Fezandipiti / Alakazam,1034.0,Fezandipiti / Alakazam,1120.8
Fezandipiti / Alakazam,1120.8,Marnie's Grimmsnarl / Marnie's Morgrem,1002.9
Marnie's Grimmsnarl / Marnie's Morgrem,1027.6,Lopunny / Froslass,1054.9
Marnie's Grimmsnarl / Marnie's Morgrem,1037.2,Marnie's Grimmsnarl / Marnie's Morgrem,1046.9
Fezandipiti / Alakazam,1053.9,Kangaskhan / Crustle,992.2
Marnie's Grimmsnarl / Marnie's Morgrem,1078.2,Marnie's Grimmsnarl / Marnie's Morgrem,1075.3
Marnie's Grimmsnarl / Marnie's Morgrem,1025.2,Marnie's Grimmsnarl / Marnie's Morgrem,1005.8
Teal Mask Ogerpon / Tapu Bulu,1056.8,Dragapult / Meowth,920.9
Venusaur / Kangaskhan,998.3,Marnie's Grimmsnarl / Marnie's Morgrem,991.9
Lopunny / Froslass,1074.1,Lopunny / Froslass,1065.2
Lucario / Hariyama,1056.9,Lopunny / Froslass,1054.9
Lopunny / Froslass,965.9,Teal Mask Ogerpon / Hero’s Cape,1008.0
Kangaskhan / Crustle,945.9,Kangaskhan / Latias,1203.5
Marnie's Grimmsnarl / Marnie's Morgrem,1002.9,Fezandipiti / Alakazam,1120.8
Dragapult / Meowth,1078.0,Fezandipiti / Rillaboom,941.6
Marnie's Grimmsnarl / Marnie's Morgrem,1046.9,Marnie's Grimmsnarl / Marnie's Morgrem,1035.4
Kangaskhan / Crustle,1004.4,Marnie's Grimmsnarl / Marnie's Morgrem,959.0
Lopunny / Froslass,1020.4,Marnie's Grimmsnarl / Marnie's Morgrem,1078.0
Dragapult / Dudunsparce,1040.5,Marnie's Grimmsnarl / Marnie's Morgrem,969.6
Teal Mask Ogerpon / Hero’s Cape,1025.5,Marnie's Grimmsnarl / Marnie's Morgrem,966.5
Marnie's Grimmsnarl / Marnie's Morgrem,1099.5,Lopunny / Froslass,1088.1
Lopunny / Froslass,1088.1,Marnie's Grimmsnarl / Marnie's Morgrem,974.2
Lopunny / Froslass,1020.4,Marnie's Grimmsnarl / Marnie's Morgrem,1009.6
Kangaskhan / Crustle,1063.2,Dragapult / Dudunsparce,1040.5
Fezandipiti / Alakazam,884.0,Thwackey / Dipplin,1006.7
Kangaskhan / Teal Mask Ogerpon,1075.3,Teal Mask Ogerpon / Hero’s Cape,1025.5
Fezandipiti / Alakazam,977.2,Lucario / Riolu,1049.2
Archaludon / Cinderace,904.4,Lopunny / Dudunsparce,954.6
Lopunny / Froslass,965.9,Marnie's Grimmsnarl / Marnie's Morgrem,1025.2
Fezandipiti / Alakazam,1120.8,Marnie's Grimmsnarl / Marnie's Morgrem,1002.4
Fezandipiti / Rillaboom,941.6,Kangaskhan / Crustle,945.9
Dragapult / Meowth,1078.0,Fezandipiti / Alakazam,806.7
Fezandipiti / Alakazam,1047.2,Marnie's Grimmsnarl / Marnie's Morgrem,1046.9
Dragapult / Dudunsparce,1040.5,Dragapult / Meowth,1001.9
Fezandipiti / Rillaboom,941.6,Marnie's Grimmsnarl / Marnie's Morgrem,1134.4
Fezandipiti / Alakazam,1047.2,Fezandipiti / Alakazam,1120.8
Fezandipiti / Alakazam,1006.4,Lopunny / Dudunsparce,1032.3
Kangaskhan / Teal Mask Ogerpon,1075.3,Cynthia's Garchomp / Cynthia's Gabite,1105.3
Hydrapple / Teal Mask Ogerpon,1166.1,Lopunny / Froslass,1074.1
Cynthia's Garchomp / Cynthia's Gabite,982.7,Marnie's Grimmsnarl / Marnie's Morgrem,1014.7
Lopunny / Froslass,1020.4,Lopunny / Dudunsparce,1029.4
Lucario / Hariyama,1185.1,Fezandipiti / Alakazam,1189.4
Fezandipiti / Alakazam,1012.8,Kangaskhan / Crustle,945.9
Fezandipiti / Alakazam,1012.8,Lopunny / Froslass,965.9
Fezandipiti / Alakazam,1120.8,Marnie's Grimmsnarl / Marnie's Morgrem,965.0
Fezandipiti / Alakazam,1120.8,Lucario / Riolu,1049.2
Marnie's Grimmsnarl / Marnie's Morgrem,988.7,Dragapult / Meowth,1078.0
Lopunny / Froslass,1054.9,Marnie's Grimmsnarl / Marnie's Morgrem,971.6
Lopunny / Froslass,1065.2,Marnie's Grimmsnarl / Marnie's Morgrem,1046.9
Dragapult / Dudunsparce,1040.5,Kangaskhan / Crustle,961.3
Marnie's Grimmsnarl / Marnie's Morgrem,983.8,Marnie's Grimmsnarl / Marnie's Morgrem,995.9
Fezandipiti / Alakazam,1053.9,Dragapult / Dudunsparce,1040.5
Thwackey / Dipplin,1051.0,Fezandipiti / Alakazam,1032.3
Dragapult / Meowth,920.9,Marnie's Grimmsnarl / Marnie's Morgrem,1074.1
Marnie's Grimmsnarl / Marnie's Morgrem,1017.8,Teal Mask Ogerpon / Hero’s Cape,1025.5
Marnie's Grimmsnarl / Marnie's Morgrem,1136.8,Dragapult / Meowth,920.9
Lopunny / Froslass,998.5,Fezandipiti / Alakazam,919.2
Thwackey / Dipplin,1051.0,Fezandipiti / Alakazam,1034.0
Fezandipiti / Alakazam,1120.8,Marnie's Grimmsnarl / Marnie's Morgrem,1005.8
Marnie's Grimmsnarl / Marnie's Morgrem,975.5,Lopunny / Froslass,1054.9
Marnie's Grimmsnarl / Marnie's Morgrem,1046.9,Kangaskhan / Crustle,981.5
Dragapult / Meowth,1001.9,Marnie's Grimmsnarl / Marnie's Morgrem,959.0
Marnie's Grimmsnarl / Marnie's Morgrem,1078.0,Marnie's Grimmsnarl / Marnie's Morgrem,1078.2
Marnie's Grimmsnarl / Marnie's Morgrem,968.1,Fezandipiti / Alakazam,994.9
Marnie's Grimmsnarl / Marnie's Morgrem,1117.5,Fezandipiti / Alakazam,1044.7
Fezandipiti / Alakazam,1017.2,Dragapult / Meowth,1047.2
Lucario / Hariyama,1099.5,Kangaskhan / Cornerstone Mask Ogerpon,1040.5
Fezandipiti / Alakazam,1032.3,Lucario / Hariyama,857.5
Dragapult / Dudunsparce,1040.5,Fezandipiti / Alakazam,1055.1
Dragapult / Meowth,1054.7,Thwackey / Seaking,761.5
Lopunny / Froslass,998.5,Fezandipiti / Alakazam,1012.8
Thwackey / Dipplin,1051.0,Marnie's Grimmsnarl / Marnie's Morgrem,600.0
Fezandipiti / Alakazam,1120.8,Fezandipiti / Alakazam,1001.1
Marnie's Grimmsnarl / Marnie's Morgrem,956.9,Marnie's Grimmsnarl / Marnie's Morgrem,1046.9
Dragapult / Dudunsparce,1040.5,Marnie's Grimmsnarl / Marnie's Morgrem,1078.0
Lucario / Hariyama,1203.5,Kangaskhan / Teal Mask Ogerpon,1169.7
Kangaskhan / Crustle,976.2,Marnie's Grimmsnarl / Marnie's Morgrem,1036.7
Lucario / Hariyama,1185.1,Fezandipiti / Alakazam,1099.6
Kangaskhan / Cornerstone Mask Ogerpon,1040.5,Lopunny / Froslass,998.5
Kangaskhan / Crustle,945.9,Dragapult / Meowth,1089.9
Marnie's Grimmsnarl / Marnie's Morgrem,1040.4,Fezandipiti / Alakazam,1120.8
Lopunny / Froslass,1054.9,Fezandipiti / Alakazam,1099.6
Fezandipiti / Alakazam,1120.8,Lucario / Hariyama,1099.5
Thwackey / Dipplin,1051.0,Marnie's Grimmsnarl / Marnie's Morgrem,1039.5
Dragapult / Meowth,1078.0,Marnie's Grimmsnarl / Marnie's Morgrem,964.8
Meganium / Hydrapple,554.2,Fezandipiti / Alakazam,968.7
Lucario / Riolu,1049.2,Fezandipiti / Alakazam,1034.0
Lopunny / Dudunsparce,1032.3,Marnie's Grimmsnarl / Marnie's Morgrem,959.2
Marnie's Grimmsnarl / Marnie's Morgrem,1046.9,Marnie's Grimmsnarl / Marnie's Morgrem,975.5
Kangaskhan / Crustle,1063.2,Dragapult / Meowth,920.9
Fezandipiti / Alakazam,1034.0,Lopunny / Froslass,683.8
Marnie's Grimmsnarl / Marnie's Morgrem,1075.3,Fezandipiti / Alakazam,1034.0
Marnie's Grimmsnarl / Marnie's Morgrem,1002.4,Lopunny / Teal Mask Ogerpon,999.2
Hydrapple / Teal Mask Ogerpon,1082.7,Marnie's Grimmsnarl / Marnie's Morgrem,1037.2
Fezandipiti / Alakazam,968.7,Lopunny / Froslass,998.5
Thwackey / Dipplin,1051.0,Marnie's Grimmsnarl / Marnie's Morgrem,1025.2
Dragapult / Meowth,1089.9,Fezandipiti / Alakazam,1120.8
Lopunny / Froslass,1054.9,Thwackey / Dipplin,1006.7
Marnie's Grimmsnarl / Marnie's Morgrem,1046.9,Dragapult / Dudunsparce,912.2
Marnie's Grimmsnarl / Marnie's Morgrem,1051.2,Hydrapple / Teal Mask Ogerpon,1136.8
Fezandipiti / Alakazam,884.0,Kangaskhan / Cornerstone Mask Ogerpon,1084.1
Dragapult / Meowth,1047.2,Lucario / Hariyama,1056.9
Starmie / Froslass,1116.8,Fezandipiti / Alakazam,1120.8
Fezandipiti / Alakazam,993.9,Kangaskhan / Teal Mask Ogerpon,1075.3
Lopunny / Froslass,904.1,Dragapult / Meowth,1001.9
Fezandipiti / Alakazam,1120.8,Lucario / Dudunsparce,987.1
Fezandipiti / Alakazam,1099.6,Thwackey / Dipplin,1051.0
Marnie's Grimmsnarl / Marnie's Morgrem,1015.3,Kangaskhan / Crustle,945.9
Marnie's Grimmsnarl / Marnie's Morgrem,1017.8,Fezandipiti / Alakazam,993.9
Dragapult / Meowth,1078.0,Marnie's Grimmsnarl / Marnie's Morgrem,930.0
Lopunny / Froslass,1054.9,Fezandipiti / Alakazam,1185.1
Fezandipiti / Alakazam,1053.9,Dragapult / Meowth,1047.2
Kangaskhan / Teal Mask Ogerpon,1169.7,Dragapult / Meowth,1089.9
Cynthia's Garchomp / Cynthia's Gabite,1055.5,Marnie's Grimmsnarl / Marnie's Morgrem,1074.1
Fezandipiti / Alakazam,1013.1,Teal Mask Ogerpon / Hero’s Cape,994.1
Fezandipiti / Alakazam,1120.8,Marnie's Grimmsnarl / Marnie's Morgrem,1039.5
Marnie's Grimmsnarl / Marnie's Morgrem,1051.5,Marnie's Grimmsnarl / Marnie's Morgrem,1078.0
Fezandipiti / Alakazam,1120.8,Lopunny / Froslass,1084.1
Marnie's Grimmsnarl / Marnie's Morgrem,1017.8,Lopunny / Froslass,1020.4
Dragapult / Meowth,1078.0,Cynthia's Garchomp / Cynthia's Gabite,1105.3
Lopunny / Froslass,1020.4,Lopunny / Froslass,1054.9
Marnie's Grimmsnarl / Marnie's Morgrem,1046.9,Kangaskhan / Crustle,923.3
Lopunny / Froslass,1023.0,Marnie's Grimmsnarl / Marnie's Morgrem,1026.1
Lopunny / Froslass,1088.1,Marnie's Grimmsnarl / Marnie's Morgrem,974.2
Lopunny / Froslass,1074.1,Teal Mask Ogerpon / Tapu Bulu,973.3
Lucario / Hariyama,1185.1,Lucario / Hariyama,1203.5
Lopunny / Dudunsparce,1029.4,Kangaskhan / Cornerstone Mask Ogerpon,972.0
Lopunny / Froslass,1020.4,Fezandipiti / Alakazam,1047.2
Kangaskhan / Team Rocket's Kangaskhan,1028.4,Fezandipiti / Alakazam,1081.7
Team Rocket's Mewtwo / Team Rocket's Spidops,984.9,Fezandipiti / Alakazam,1120.8
Dragapult / Meowth,1089.9,Thwackey / Dipplin,1051.0
Marnie's Grimmsnarl / Marnie's Morgrem,1051.5,Fezandipiti / Alakazam,1034.0
Fezandipiti / Alakazam,1120.8,Marnie's Grimmsnarl / Marnie's Morgrem,1075.3
Teal Mask Ogerpon / Hero’s Cape,1035.5,Marnie's Grimmsnarl / Marnie's Morgrem,1017.8
Marnie's Grimmsnarl / Marnie's Morgrem,973.7,Lopunny / Froslass,1054.9
Lopunny / Froslass,600.0,Marnie's Grimmsnarl / Marnie's Morgrem,973.7
Teal Mask Ogerpon / Tapu Bulu,1056.8,Marnie's Grimmsnarl / Marnie's Morgrem,1046.9
Kangaskhan / Cornerstone Mask Ogerpon,1040.5,Kangaskhan / Latias,1162.5
Dragapult / Meowth,967.4,Marnie's Grimmsnarl / Marnie's Morgrem,1014.7
Kangaskhan / Cornerstone Mask Ogerpon,982.1,Marnie's Grimmsnarl / Marnie's Morgrem,964.8
Marnie's Grimmsnarl / Marnie's Morgrem,1066.9,Dragapult / Meowth,1001.9
Cynthia's Garchomp / Cynthia's Gabite,1105.3,Fezandipiti / Alakazam,987.5
Marnie's Grimmsnarl / Marnie's Morgrem,1117.5,Lopunny / Froslass,1065.2
Kangaskhan / Teal Mask Ogerpon,1169.7,Marnie's Grimmsnarl / Marnie's Morgrem,1134.4
Marnie's Grimmsnarl / Marnie's Morgrem,988.6,Kangaskhan / Crustle,978.3
Lopunny / Froslass,1084.1,Marnie's Grimmsnarl / Marnie's Morgrem,1134.4
Dragapult / Meowth,1089.9,Kangaskhan / Team Rocket's Kangaskhan,1028.4
Lopunny / Froslass,998.5,Kangaskhan / Cornerstone Mask Ogerpon,982.1
Fezandipiti / Alakazam,1120.8,Thwackey / Dipplin,1006.7
Thwackey / Dipplin,1051.0,Brambleghast / Comfey,921.7
Marnie's Grimmsnarl / Marnie's Morgrem,1051.5,Marnie's Grimmsnarl / Marnie's Morgrem,1037.2
Fezandipiti / Alakazam,1030.4,Kangaskhan / Crustle,945.9
Fezandipiti / Alakazam,1120.8,Lucario / Hariyama,1056.9
Dragapult / Meowth,1078.0,Marnie's Grimmsnarl / Marnie's Morgrem,973.7
Lopunny / Froslass,1054.9,Marnie's Grimmsnarl / Marnie's Morgrem,974.1
Marnie's Grimmsnarl / Marnie's Morgrem,1046.9,Fezandipiti / Alakazam,1034.0
Marnie's Grimmsnarl / Marnie's Morgrem,1134.4,Dragapult / Meowth,920.9
Lopunny / Froslass,1078.2,Kangaskhan / Crustle,1004.4
Thwackey / Seaking,761.5,N’s Zoroark / N’s Zorua,1088.1
Kangaskhan / Team Rocket's Kangaskhan,1028.4,Fezandipiti / Alakazam,989.2
Fezandipiti / Alakazam,1120.8,Marnie's Grimmsnarl / Marnie's Morgrem,988.7
Lopunny / Froslass,1023.0,Marnie's Grimmsnarl / Marnie's Morgrem,1051.5
Marnie's Grimmsnarl / Marnie's Morgrem,1017.8,Fezandipiti / Alakazam,884.0
Dragapult / Meowth,1078.0,Lopunny / Froslass,683.8
Fezandipiti / Alakazam,1034.0,Lucario / Hariyama,857.5
Marnie's Grimmsnarl / Marnie's Morgrem,1005.8,Fezandipiti / Alakazam,1037.9
Lopunny / Froslass,1054.9,Teal Mask Ogerpon / Hero’s Cape,990.9
Marnie's Grimmsnarl / Marnie's Morgrem,1046.9,Marnie's Grimmsnarl / Marnie's Morgrem,1075.3
Lopunny / Froslass,998.5,Marnie's Grimmsnarl / Marnie's Morgrem,554.2
Marnie's Grimmsnarl / Marnie's Morgrem,1134.4,Lopunny / Dudunsparce,1032.3
Fezandipiti / Alakazam,1053.9,Dragapult / Dudunsparce,1054.7
Fezandipiti / Alakazam,994.9,Kangaskhan / Team Rocket's Kangaskhan,1028.4
Marnie's Grimmsnarl / Marnie's Morgrem,1075.3,Dragapult / Meowth,1054.7
Lucario / Hariyama,1185.1,Kangaskhan / Teal Mask Ogerpon,1169.7
Lopunny / Froslass,1063.2,Fezandipiti / Alakazam,884.0
Kangaskhan / Team Rocket's Kangaskhan,1028.4,Dragapult / Meowth,913.8
Archaludon / Cinderace,904.4,Lopunny / Froslass,1020.4
Lucario / Hariyama,1110.2,Lopunny / Froslass,998.5
Fezandipiti / Alakazam,1120.8,Fezandipiti / Alakazam,977.2
Marnie's Grimmsnarl / Marnie's Morgrem,1189.4,Thwackey / Dipplin,1051.0
Marnie's Grimmsnarl / Marnie's Morgrem,1005.8,Kangaskhan / Crustle,945.9
Marnie's Grimmsnarl / Marnie's Morgrem,1051.5,Marnie's Grimmsnarl / Marnie's Morgrem,949.6
Fezandipiti / Alakazam,1120.8,Marnie's Grimmsnarl / Marnie's Morgrem,1099.5
Kangaskhan / Team Rocket's Kangaskhan,1028.4,Marnie's Grimmsnarl / Marnie's Morgrem,974.1
Kangaskhan / Cornerstone Mask Ogerpon,993.4,Marnie's Grimmsnarl / Marnie's Morgrem,1017.8
Dragapult / Meowth,1078.0,Meganium / Hydrapple,554.2
Marnie's Grimmsnarl / Marnie's Morgrem,1039.5,Marnie's Grimmsnarl / Marnie's Morgrem,1046.9
Fezandipiti / Alakazam,1061.7,Dragapult / Meowth,920.9
Marnie's Grimmsnarl / Marnie's Morgrem,1026.1,Marnie's Grimmsnarl / Marnie's Morgrem,971.6
Fezandipiti / Alakazam,1189.4,Marnie's Grimmsnarl / Marnie's Morgrem,1111.6
Teal Mask Ogerpon / Hero’s Cape,994.1,Marnie's Grimmsnarl / Marnie's Morgrem,978.8
Marnie's Grimmsnarl / Marnie's Morgrem,961.1,Fezandipiti / Alakazam,1030.4
Marnie's Grimmsnarl / Marnie's Morgrem,1051.2,Lopunny / Froslass,1063.2
Kangaskhan / Crustle,1019.6,Thwackey / Dipplin,1051.0
Marnie's Grimmsnarl / Marnie's Morgrem,1051.5,Marnie's Grimmsnarl / Marnie's Morgrem,977.5
Fezandipiti / Alakazam,1099.6,Fezandipiti / Alakazam,1120.8
Kangaskhan / Crustle,945.9,Kangaskhan / Cornerstone Mask Ogerpon,982.1
Dragapult / Meowth,1078.0,Lucario / Hariyama,857.5
Lopunny / Froslass,1054.9,Kangaskhan / Cornerstone Mask Ogerpon,982.1
Arboliva / Teal Mask Ogerpon,1013.7,Marnie's Grimmsnarl / Marnie's Morgrem,1046.9
Kangaskhan / Crustle,945.9,Venusaur / Teal Mask Ogerpon,739.9
Lopunny / Froslass,1074.1,Marnie's Grimmsnarl / Marnie's Morgrem,1051.2
Lopunny / Froslass,1088.1,Lopunny / Froslass,1074.1
Fezandipiti / Alakazam,1189.4,Starmie / Froslass,1116.8
Lopunny / Froslass,1020.4,Lopunny / Dudunsparce,1029.4
Lopunny / Froslass,1063.2,Kangaskhan / Crustle,1004.4
Marnie's Grimmsnarl / Marnie's Morgrem,1022.6,Kangaskhan / Team Rocket's Kangaskhan,1028.4
Marnie's Grimmsnarl / Marnie's Morgrem,1009.6,Lopunny / Froslass,998.5
Marnie's Grimmsnarl / Marnie's Morgrem,1051.5,Marnie's Grimmsnarl / Marnie's Morgrem,1078.2
Team Rocket's Mewtwo / Team Rocket's Spidops,984.9,Fezandipiti / Alakazam,1120.8
Kangaskhan / Cornerstone Mask Ogerpon,978.9,Kangaskhan / Team Rocket's Kangaskhan,1028.4
Kangaskhan / Teal Mask Ogerpon,1169.7,Fezandipiti / Alakazam,1120.8
Kangaskhan / Crustle,945.9,Marnie's Grimmsnarl / Marnie's Morgrem,971.7
Lopunny / Froslass,1054.9,Fezandipiti / Alakazam,1035.4
Kangaskhan / Crustle,1019.6,Marnie's Grimmsnarl / Marnie's Morgrem,1046.9
Marnie's Grimmsnarl / Marnie's Morgrem,960.7,Fezandipiti / Alakazam,1052.1
Fezandipiti / Alakazam,1052.1,Fezandipiti / Alakazam,1034.0
Kangaskhan / Cornerstone Mask Ogerpon,972.0,Marnie's Grimmsnarl / Marnie's Morgrem,1074.1
Marnie's Grimmsnarl / Marnie's Morgrem,1117.5,Lucario / Hariyama,1110.2
Lopunny / Teal Mask Ogerpon,999.2,Marnie's Grimmsnarl / Marnie's Morgrem,1022.6
Fezandipiti / Alakazam,943.4,Dragapult / Dudunsparce,1040.5
Lopunny / Froslass,1063.2,Marnie's Grimmsnarl / Marnie's Morgrem,942.7
Marnie's Grimmsnarl / Marnie's Morgrem,1040.4,Lopunny / Froslass,998.5
Lopunny / Dudunsparce,946.8,Fezandipiti / Alakazam,1120.8
Kangaskhan / Team Rocket's Kangaskhan,1028.4,Dragapult / Meowth,1001.9
Marnie's Grimmsnarl / Marnie's Morgrem,1051.5,Kangaskhan / Crustle,945.9
Kangaskhan / Crustle,945.9,Lopunny / Froslass,1020.4
Fezandipiti / Alakazam,1120.8,Dragapult / Meowth,1078.0
Kangaskhan / Team Rocket's Kangaskhan,1028.4,Thwackey / Dipplin,1051.0
Lopunny / Froslass,1054.9,Marnie's Grimmsnarl / Marnie's Morgrem,1039.5
Marnie's Grimmsnarl / Marnie's Morgrem,973.7,Marnie's Grimmsnarl / Marnie's Morgrem,1022.6
Marnie's Grimmsnarl / Marnie's Morgrem,1046.9,Team Rocket's Mewtwo / Team Rocket's Spidops,1004.4
Marnie's Grimmsnarl / Marnie's Morgrem,933.6,Marnie's Grimmsnarl / Marnie's Morgrem,1051.2
Dragapult / Meowth,1104.0,Fezandipiti / Alakazam,1035.4
Fezandipiti / Alakazam,993.9,Dragapult / Meowth,1104.0
Dragapult / Meowth,920.9,Lucario / Hariyama,1185.1
Lopunny / Froslass,1074.1,Kangaskhan / Cornerstone Mask Ogerpon,1040.5
Marnie's Grimmsnarl / Marnie's Morgrem,1011.0,Marnie's Grimmsnarl / Marnie's Morgrem,1035.4
Cynthia's Garchomp / Cynthia's Gabite,1105.3,Fezandipiti / Alakazam,1006.4
Kangaskhan / Team Rocket's Kangaskhan,1028.4,Lopunny / Froslass,997.8
Marnie's Grimmsnarl / Marnie's Morgrem,971.7,Marnie's Grimmsnarl / Marnie's Morgrem,1046.9
Archaludon / Cinderace,904.4,Fezandipiti / Alakazam,959.1
Fezandipiti / Alakazam,1120.8,Venusaur / Teal Mask Ogerpon,739.9
Marnie's Grimmsnarl / Marnie's Morgrem,1051.5,Marnie's Grimmsnarl / Marnie's Morgrem,1017.8
Marnie's Grimmsnarl / Marnie's Morgrem,958.1,Kangaskhan / Crustle,945.9
Fezandipiti / Alakazam,1120.8,Meganium / Hydrapple,554.2
Dragapult / Meowth,1078.0,Marnie's Grimmsnarl / Marnie's Morgrem,961.1
Marnie's Grimmsnarl / Marnie's Morgrem,961.1,Kangaskhan / Crustle,868.9
Lopunny / Froslass,1110.2,Hydrapple / Teal Mask Ogerpon,1166.1
Marnie's Grimmsnarl / Marnie's Morgrem,1051.2,Fezandipiti / Alakazam,1047.2
Kangaskhan / Crustle,1019.6,Marnie's Grimmsnarl / Marnie's Morgrem,1017.8
Fezandipiti / Alakazam,1099.6,Lopunny / Froslass,1065.2
Lopunny / Froslass,1063.2,Fezandipiti / Alakazam,993.9
Archaludon / Cinderace,904.4,Marnie's Grimmsnarl / Marnie's Morgrem,995.9
Marnie's Grimmsnarl / Marnie's Morgrem,1051.5,Kangaskhan / Crustle,981.5
Fezandipiti / Alakazam,1120.8,Lucario / Hariyama,1203.5
Dragapult / Meowth,1078.0,Marnie's Grimmsnarl / Marnie's Morgrem,1039.5
Lopunny / Froslass,1054.9,Kangaskhan / Crustle,945.9
Dragapult / Meowth,1089.9,Marnie's Grimmsnarl / Marnie's Morgrem,973.7
Marnie's Grimmsnarl / Marnie's Morgrem,1046.9,Marnie's Grimmsnarl / Marnie's Morgrem,1039.0
Fezandipiti / Alakazam,1001.1,Marnie's Grimmsnarl / Marnie's Morgrem,1014.7
Fezandipiti / Alakazam,1053.9,Fezandipiti / Alakazam,994.9
Lopunny / Dudunsparce,1029.4,Lopunny / Froslass,600.0
Fezandipiti / Alakazam,884.0,Lucario / Hariyama,1056.9
Lopunny / Froslass,1088.1,Fezandipiti / Alakazam,1053.9
Fezandipiti / Alakazam,1035.2,Marnie's Grimmsnarl / Marnie's Morgrem,961.1
Fezandipiti / Alakazam,1120.8,Fezandipiti / Alakazam,953.6
Fezandipiti / Alakazam,1120.8,Lopunny / Froslass,1063.2
Kangaskhan / Team Rocket's Kangaskhan,1028.4,Fezandipiti / Alakazam,1037.9
Marnie's Grimmsnarl / Marnie's Morgrem,1051.5,Marnie's Grimmsnarl / Marnie's Morgrem,1051.2
Thwackey / Dipplin,1051.0,Fezandipiti / Alakazam,1006.4
Marnie's Grimmsnarl / Marnie's Morgrem,1111.6,Dragapult / Meowth,1078.0
Lopunny / Froslass,1054.9,Chandelure / Lampent,942.1
Meganium / Hydrapple,554.2,Marnie's Grimmsnarl / Marnie's Morgrem,1046.9
Fezandipiti / Alakazam,1044.7,Lucario / Riolu,1049.2
Lopunny / Teal Mask Ogerpon,999.2,Marnie's Grimmsnarl / Marnie's Morgrem,1002.4
Marnie's Grimmsnarl / Marnie's Morgrem,1078.2,Marnie's Grimmsnarl / Marnie's Morgrem,964.8
Fezandipiti / Alakazam,998.9,Lopunny / Froslass,1063.2
Lopunny / Froslass,1088.1,Marnie's Grimmsnarl / Marnie's Morgrem,961.1
Marnie's Grimmsnarl / Marnie's Morgrem,1002.9,Archaludon / Cinderace,904.4
Marnie's Grimmsnarl / Marnie's Morgrem,1134.4,Marnie's Grimmsnarl / Marnie's Morgrem,1051.5
Kangaskhan / Team Rocket's Kangaskhan,1028.4,Marnie's Grimmsnarl / Marnie's Morgrem,974.1
Fezandipiti / Alakazam,1120.8,Marnie's Grimmsnarl / Marnie's Morgrem,1111.6
Thwackey / Dipplin,1051.0,Marnie's Grimmsnarl / Marnie's Morgrem,983.8
Dragapult / Meowth,1078.0,Team Rocket's Mewtwo / Team Rocket's Spidops,984.9
Marnie's Grimmsnarl / Marnie's Morgrem,1015.3,Lopunny / Froslass,1054.9
Marnie's Grimmsnarl / Marnie's Morgrem,1039.5,Marnie's Grimmsnarl / Marnie's Morgrem,1039.0
Marnie's Grimmsnarl / Marnie's Morgrem,1026.1,Marnie's Grimmsnarl / Marnie's Morgrem,1005.8
Kangaskhan / Teal Mask Ogerpon,1075.3,Dragapult / Dudunsparce,1040.5
Marnie's Grimmsnarl / Marnie's Morgrem,965.0,Marnie's Grimmsnarl / Marnie's Morgrem,1005.8
Dragapult / Meowth,920.9,Marnie's Grimmsnarl / Marnie's Morgrem,1051.5
Marnie's Grimmsnarl / Marnie's Morgrem,1117.5,Marnie's Grimmsnarl / Marnie's Morgrem,1099.5
Dragapult / Meowth,1054.7,Marnie's Grimmsnarl / Marnie's Morgrem,997.8
Marnie's Grimmsnarl / Marnie's Morgrem,600.0,Marnie's Grimmsnarl / Marnie's Morgrem,1046.9
Lopunny / Dudunsparce,1029.4,Marnie's Grimmsnarl / Marnie's Morgrem,875.9
Thwackey / Dipplin,1006.7,Marnie's Grimmsnarl / Marnie's Morgrem,964.8
Hydrapple / Teal Mask Ogerpon,1081.7,Fezandipiti / Alakazam,994.9
Lopunny / Froslass,1063.2,Marnie's Grimmsnarl / Marnie's Morgrem,1002.4
Marnie's Grimmsnarl / Marnie's Morgrem,961.1,Marnie's Grimmsnarl / Marnie's Morgrem,1005.8
Marnie's Grimmsnarl / Marnie's Morgrem,1075.3,Fezandipiti / Alakazam,1120.8
Marnie's Grimmsnarl / Marnie's Morgrem,967.4,Kangaskhan / Team Rocket's Kangaskhan,1028.4
Marnie's Grimmsnarl / Marnie's Morgrem,1051.5,Marnie's Grimmsnarl / Marnie's Morgrem,1022.6
Marnie's Grimmsnarl / Marnie's Morgrem,1027.6,Fezandipiti / Alakazam,1120.8
Thwackey / Dipplin,1051.0,Lopunny / Froslass,1020.4
Kangaskhan / Teal Mask Ogerpon,1075.3,Dragapult / Meowth,1078.0
Kangaskhan / Teal Mask Ogerpon,1075.3,Teal Mask Ogerpon / Hero’s Cape,1008.0
Starmie / Froslass,1116.8,Kangaskhan / Cornerstone Mask Ogerpon,1040.5
Kangaskhan / Teal Mask Ogerpon,1169.7,Cynthia's Garchomp / Cynthia's Gabite,1105.3
Starmie / Froslass,1116.8,Marnie's Grimmsnarl / Marnie's Morgrem,1136.8
Marnie's Grimmsnarl / Marnie's Morgrem,1117.5,Dragapult / Dudunsparce,1040.5
Thwackey / Seaking,761.5,Marnie's Grimmsnarl / Marnie's Morgrem,974.1
Hydrapple / Teal Mask Ogerpon,1081.7,Marnie's Grimmsnarl / Marnie's Morgrem,997.9
Lopunny / Froslass,1063.2,Lopunny / Dudunsparce,1029.4
Marnie's Grimmsnarl / Marnie's Morgrem,961.1,Marnie's Grimmsnarl / Marnie's Morgrem,960.8
Fezandipiti / Alakazam,1120.8,Marnie's Grimmsnarl / Marnie's Morgrem,964.8
Lopunny / Froslass,998.5,Marnie's Grimmsnarl / Marnie's Morgrem,1005.8
Marnie's Grimmsnarl / Marnie's Morgrem,1051.5,Kangaskhan / Latias,1162.5
Kangaskhan / Team Rocket's Kangaskhan,1028.4,Marnie's Grimmsnarl / Marnie's Morgrem,971.6
Thwackey / Dipplin,1051.0,Marnie's Grimmsnarl / Marnie's Morgrem,981.3
Fezandipiti / Alakazam,1055.1,Fezandipiti / Alakazam,1120.8
Dragapult / Meowth,1078.0,Marnie's Grimmsnarl / Marnie's Morgrem,1039.5
Lopunny / Froslass,1054.9,Kangaskhan / Crustle,978.3
Marnie's Grimmsnarl / Marnie's Morgrem,973.7,Marnie's Grimmsnarl / Marnie's Morgrem,1015.3
Archaludon / Cinderace,904.4,Fezandipiti / Rillaboom,941.6
Kangaskhan / Latias,1162.5,Hydrapple / Teal Mask Ogerpon,1166.1
Fezandipiti / Alakazam,1189.4,Lucario / Hariyama,1185.1
Cynthia's Garchomp / Cynthia's Gabite,1105.3,Hydrapple / Teal Mask Ogerpon,1136.8
Hydrapple / Teal Mask Ogerpon,1081.7,Dragapult / Meowth,1054.7
Lopunny / Froslass,1063.2,Lopunny / Froslass,1084.1
Thwackey / Seaking,761.5,Fezandipiti / Alakazam,1120.8
Meganium / Hydrapple,554.2,Lopunny / Froslass,998.5
Marnie's Grimmsnarl / Marnie's Morgrem,1051.5,Lopunny / Froslass,1074.1
Kangaskhan / Team Rocket's Kangaskhan,1028.4,Fezandipiti / Alakazam,1017.2
Fezandipiti / Alakazam,1120.8,Marnie's Grimmsnarl / Marnie's Morgrem,1051.5
Marnie's Grimmsnarl / Marnie's Morgrem,967.4,Thwackey / Dipplin,1051.0
Dragapult / Meowth,1078.0,Lopunny / Froslass,922.9
Marnie's Grimmsnarl / Marnie's Morgrem,1040.4,Lopunny / Froslass,1054.9
Marnie's Grimmsnarl / Marnie's Morgrem,1014.7,Marnie's Grimmsnarl / Marnie's Morgrem,973.7
Archaludon / Cinderace,904.4,Lopunny / Froslass,997.9
Kangaskhan / Cornerstone Mask Ogerpon,1040.5,Marnie's Grimmsnarl / Marnie's Morgrem,1074.1
Marnie's Grimmsnarl / Marnie's Morgrem,1099.5,Dragapult / Meowth,920.9
Lopunny / Froslass,683.8,Kangaskhan / Cornerstone Mask Ogerpon,993.4
Lopunny / Froslass,1063.2,Dragapult / Meowth,1104.0
Marnie's Grimmsnarl / Marnie's Morgrem,973.7,Marnie's Grimmsnarl / Marnie's Morgrem,961.1
Lopunny / Froslass,998.5,Marnie's Grimmsnarl / Marnie's Morgrem,983.8
Fezandipiti / Alakazam,1120.8,Marnie's Grimmsnarl / Marnie's Morgrem,967.8
Kangaskhan / Crustle,981.5,Kangaskhan / Team Rocket's Kangaskhan,1028.4
Marnie's Grimmsnarl / Marnie's Morgrem,1051.5,Dragapult / Meowth,1054.7
Marnie's Grimmsnarl / Marnie's Morgrem,1117.5,Fezandipiti / Alakazam,1120.8
Thwackey / Dipplin,1051.0,Marnie's Grimmsnarl / Marnie's Morgrem,1025.2
Dragapult / Meowth,1104.0,Dragapult / Meowth,1078.0
Lopunny / Froslass,1054.9,Fezandipiti / Alakazam,1017.2
Marnie's Grimmsnarl / Marnie's Morgrem,1051.2,Team Rocket's Mewtwo / Team Rocket's Spidops,1004.4
Kangaskhan / Latias,1162.5,Lucario / Hariyama,857.5
Venusaur / Teal Mask Ogerpon,739.9,Lopunny / Dudunsparce,1032.3
Kangaskhan / Cornerstone Mask Ogerpon,978.9,Lopunny / Froslass,1063.2
Marnie's Grimmsnarl / Marnie's Morgrem,961.1,Fezandipiti / Alakazam,1099.6
Fezandipiti / Alakazam,1120.8,Lopunny / Froslass,1110.2
Kangaskhan / Team Rocket's Kangaskhan,1028.4,Lucario / Dudunsparce,987.1
Kangaskhan / Crustle,974.6,Thwackey / Dipplin,1051.0
Fezandipiti / Alakazam,1120.8,Marnie's Grimmsnarl / Marnie's Morgrem,1035.4
Fezandipiti / Alakazam,969.4,Fezandipiti / Alakazam,1034.0
Dragapult / Meowth,1078.0,Marnie's Grimmsnarl / Marnie's Morgrem,1134.4
Fezandipiti / Alakazam,1035.2,Dragapult / Meowth,1047.2
Fezandipiti / Alakazam,993.9,Marnie's Grimmsnarl / Marnie's Morgrem,1016.2
Lucario / Hariyama,1099.5,Lopunny / Froslass,1065.2
Marnie's Grimmsnarl / Marnie's Morgrem,1005.8,Fezandipiti / Alakazam,881.7
Lopunny / Froslass,1054.9,Fezandipiti / Alakazam,1044.7
Marnie's Grimmsnarl / Marnie's Morgrem,991.9,Marnie's Grimmsnarl / Marnie's Morgrem,1002.9
Hydrapple / Teal Mask Ogerpon,1081.7,Marnie's Grimmsnarl / Marnie's Morgrem,1051.5
Fezandipiti / Alakazam,1053.9,Lopunny / Froslass,1063.2
Marnie's Grimmsnarl / Marnie's Morgrem,971.6,Marnie's Grimmsnarl / Marnie's Morgrem,961.1
Fezandipiti / Alakazam,1120.8,Lopunny / Froslass,928.7
Lopunny / Froslass,998.5,Marnie's Grimmsnarl / Marnie's Morgrem,983.8
Lopunny / Dudunsparce,1032.3,Archaludon / Cinderace,904.4
Marnie's Grimmsnarl / Marnie's Morgrem,966.5,Kangaskhan / Team Rocket's Kangaskhan,1028.4
Marnie's Grimmsnarl / Marnie's Morgrem,1051.5,Fezandipiti / Alakazam,1061.7
Thwackey / Dipplin,1051.0,Teal Mask Ogerpon / Hero’s Cape,990.9
Dragapult / Meowth,1078.0,Marnie's Grimmsnarl / Marnie's Morgrem,1134.4
Lopunny / Froslass,1054.9,Crustle / Dwebble,950.2
Fezandipiti / Alakazam,1189.4,Kangaskhan / Teal Mask Ogerpon,1169.7
Fezandipiti / Alakazam,1030.4,Lopunny / Froslass,1023.0
Lopunny / Froslass,1020.4,Fezandipiti / Alakazam,1053.9
Cynthia's Garchomp / Cynthia's Gabite,1105.3,Marnie's Grimmsnarl / Marnie's Morgrem,975.5
Lopunny / Froslass,1088.1,Lucario / Hariyama,857.5
Lucario / Hariyama,1203.5,Kangaskhan / Teal Mask Ogerpon,1169.7
Dragapult / Meowth,1104.0,Hydrapple / Teal Mask Ogerpon,1081.7
Kangaskhan / Cornerstone Mask Ogerpon,1082.7,Kangaskhan / Cornerstone Mask Ogerpon,982.1
Lopunny / Froslass,1063.2,Team Rocket's Mewtwo / Team Rocket's Spidops,1004.4
Kangaskhan / Team Rocket's Kangaskhan,1028.4,Lopunny / Froslass,998.5
Lucario / Hariyama,1056.9,Archaludon / Cinderace,904.4
Kangaskhan / Crustle,1004.4,Marnie's Grimmsnarl / Marnie's Morgrem,1051.5
Kangaskhan / Team Rocket's Kangaskhan,1028.4,Fezandipiti / Alakazam,1001.1
Marnie's Grimmsnarl / Marnie's Morgrem,1099.5,Fezandipiti / Alakazam,1120.8
Teal Mask Ogerpon / Hero’s Cape,994.1,Thwackey / Dipplin,1051.0
Dragapult / Meowth,1078.0,Marnie's Grimmsnarl / Marnie's Morgrem,981.3
Marnie's Grimmsnarl / Marnie's Morgrem,1074.1,Lopunny / Froslass,1054.9
Fezandipiti / Alakazam,1055.1,Venusaur / Kangaskhan,998.3
Marnie's Grimmsnarl / Marnie's Morgrem,1046.9,Fezandipiti / Alakazam,884.0
Lopunny / Froslass,683.8,Dragapult / Meowth,1089.9
Marnie's Grimmsnarl / Marnie's Morgrem,1074.1,Lopunny / Dudunsparce,1029.4
Hydrapple / Teal Mask Ogerpon,1081.7,Fezandipiti / Alakazam,1030.4
Marnie's Grimmsnarl / Marnie's Morgrem,971.7,Lopunny / Froslass,998.5
Fezandipiti / Alakazam,1061.7,Kangaskhan / Team Rocket's Kangaskhan,1028.4
Lopunny / Froslass,1063.2,Marnie's Grimmsnarl / Marnie's Morgrem,981.3
Dragapult / Meowth,1078.0,Fezandipiti / Alakazam,1055.1
Thwackey / Dipplin,1006.7,Lopunny / Froslass,1054.9
Team Rocket's Mewtwo / Team Rocket's Spidops,1004.4,Fezandipiti / Alakazam,1120.8
Marnie's Grimmsnarl / Marnie's Morgrem,1051.5,Marnie's Grimmsnarl / Marnie's Morgrem,1036.7
Fezandipiti / Alakazam,1120.8,Kangaskhan / Cornerstone Mask Ogerpon,1040.5
Thwackey / Dipplin,1051.0,Marnie's Grimmsnarl / Marnie's Morgrem,1002.9
Lucario / Hariyama,991.1,Thwackey / Dipplin,1006.7
Marnie's Grimmsnarl / Marnie's Morgrem,907.8,Cynthia's Garchomp / Cynthia's Gabite,1105.3
Fezandipiti / Alakazam,989.2,Hydrapple / Teal Mask Ogerpon,1081.7
Marnie's Grimmsnarl / Marnie's Morgrem,1134.4,Lopunny / Froslass,1063.2
Marnie's Grimmsnarl / Marnie's Morgrem,961.1,Fezandipiti / Alakazam,951.1
Fezandipiti / Alakazam,1120.8,Thwackey / Dipplin,1006.7
Lopunny / Froslass,998.5,Marnie's Grimmsnarl / Marnie's Morgrem,968.2
Kangaskhan / Team Rocket's Kangaskhan,1028.4,Thwackey / Dipplin,1051.0
Fezandipiti / Alakazam,1120.8,Kangaskhan / Cornerstone Mask Ogerpon,1040.5
Marnie's Grimmsnarl / Marnie's Morgrem,1051.5,Marnie's Grimmsnarl / Marnie's Morgrem,1051.2
Lopunny / Froslass,1084.1,Dragapult / Meowth,1078.0
Lopunny / Froslass,1074.1,Lopunny / Froslass,1054.9
Teal Mask Ogerpon / Hero’s Cape,1025.5,Marnie's Grimmsnarl / Marnie's Morgrem,1005.8
Lucario / Hariyama,1185.1,Dudunsparce / Cubchoo,778.5
Dragapult / Meowth,920.9,Cynthia's Garchomp / Cynthia's Gabite,1105.3
Dragapult / Meowth,1054.7,Starmie / Froslass,1116.8
Fezandipiti / Alakazam,1034.0,Kangaskhan / Teal Mask Ogerpon,1075.3
Marnie's Grimmsnarl / Marnie's Morgrem,1189.4,Fezandipiti / Alakazam,1047.2
Lopunny / Froslass,997.8,Kangaskhan / Cornerstone Mask Ogerpon,1082.7
Hydrapple / Teal Mask Ogerpon,1081.7,Lopunny / Froslass,1063.2
Lopunny / Froslass,1063.2,Dragapult / Meowth,1054.7
Fezandipiti / Alakazam,1044.7,Marnie's Grimmsnarl / Marnie's Morgrem,961.1
Teal Mask Ogerpon / Hero’s Cape,1008.0,Lopunny / Froslass,998.5
Kangaskhan / Team Rocket's Kangaskhan,1028.4,Dragapult / Meowth,1089.9
Marnie's Grimmsnarl / Marnie's Morgrem,1117.5,Marnie's Grimmsnarl / Marnie's Morgrem,1051.5
Teal Mask Ogerpon / Hero’s Cape,1025.5,Fezandipiti / Alakazam,1120.8
Kangaskhan / Cornerstone Mask Ogerpon,974.6,Thwackey / Dipplin,1051.0
Kangaskhan / Cornerstone Mask Ogerpon,1082.7,Dragapult / Meowth,1078.0
Lopunny / Froslass,1054.9,Kangaskhan / Crustle,1004.4
Lopunny / Dudunsparce,1029.4,Kangaskhan / Crustle,1019.6
Marnie's Grimmsnarl / Marnie's Morgrem,1051.5,Lopunny / Froslass,922.9
Fezandipiti / Alakazam,1053.9,Lopunny / Froslass,1063.2
Marnie's Grimmsnarl / Marnie's Morgrem,1039.5,Kangaskhan / Cornerstone Mask Ogerpon,1082.7
Lopunny / Froslass,998.5,Kangaskhan / Crustle,976.2
Fezandipiti / Alakazam,998.9,Fezandipiti / Alakazam,1120.8
Fezandipiti / Alakazam,1120.8,Teal Mask Ogerpon / Hero’s Cape,1025.5
Lopunny / Teal Mask Ogerpon,999.2,Marnie's Grimmsnarl / Marnie's Morgrem,1134.4
Marnie's Grimmsnarl / Marnie's Morgrem,1051.5,Marnie's Grimmsnarl / Marnie's Morgrem,1040.4
Fezandipiti / Alakazam,966.1,Thwackey / Dipplin,1051.0
Kangaskhan / Latias,1162.5,Dragapult / Meowth,920.9
Dragapult / Meowth,1078.0,Fezandipiti / Alakazam,989.2
Marnie's Grimmsnarl / Marnie's Morgrem,1099.5,Lucario / Hariyama,1203.5
Lopunny / Froslass,1054.9,Marnie's Grimmsnarl / Marnie's Morgrem,1039.0
Hydrapple / Teal Mask Ogerpon,1081.7,Kangaskhan / Crustle,1019.6
Marnie's Grimmsnarl / Marnie's Morgrem,961.1,Fezandipiti / Alakazam,987.5
Kangaskhan / Crustle,1019.6,Fezandipiti / Alakazam,994.9
Hydrapple / Teal Mask Ogerpon,1081.7,Chandelure / Lampent,942.1
Marnie's Grimmsnarl / Marnie's Morgrem,1016.2,Marnie's Grimmsnarl / Marnie's Morgrem,849.3
Marnie's Grimmsnarl / Marnie's Morgrem,1051.2,Fezandipiti / Alakazam,1120.8
Marnie's Grimmsnarl / Marnie's Morgrem,1051.5,Fezandipiti / Alakazam,969.4
Lopunny / Froslass,1063.2,Marnie's Grimmsnarl / Marnie's Morgrem,931.0
Teal Mask Ogerpon / Hero’s Cape,1008.0,Marnie's Grimmsnarl / Marnie's Morgrem,961.1
Thwackey / Dipplin,1051.0,Marnie's Grimmsnarl / Marnie's Morgrem,1026.1
Dragapult / Meowth,1078.0,Marnie's Grimmsnarl / Marnie's Morgrem,967.4
Fezandipiti / Alakazam,1120.8,Marnie's Grimmsnarl / Marnie's Morgrem,1134.4
Lopunny / Froslass,928.7,Kangaskhan / Team Rocket's Kangaskhan,1028.4
Lopunny / Froslass,1054.9,Kangaskhan / Cornerstone Mask Ogerpon,993.4
Lopunny / Froslass,922.9,Marnie's Grimmsnarl / Marnie's Morgrem,1037.2
Starmie / Froslass,1116.8,Kangaskhan / Crustle,978.3
Marnie's Grimmsnarl / Marnie's Morgrem,1066.9,Lopunny / Dudunsparce,1032.3
Lopunny / Dudunsparce,1029.4,Dragapult / Meowth,967.4
Kangaskhan / Crustle,1019.6,Fezandipiti / Alakazam,1052.1
Hydrapple / Teal Mask Ogerpon,1081.7,Dragapult / Meowth,1104.0
Kangaskhan / Cornerstone Mask Ogerpon,1082.7,Fezandipiti / Alakazam,948.8
Lopunny / Dudunsparce,1029.4,Marnie's Grimmsnarl / Marnie's Morgrem,961.1
Lopunny / Froslass,1063.2,Hydrapple / Teal Mask Ogerpon,1136.8
Lopunny / Froslass,1078.2,Fezandipiti / Alakazam,1120.8
Marnie's Grimmsnarl / Marnie's Morgrem,974.2,Lopunny / Froslass,998.5
Fezandipiti / Alakazam,1120.8,Fezandipiti / Alakazam,1061.7
Kangaskhan / Latias,1162.5,Marnie's Grimmsnarl / Marnie's Morgrem,1051.5
Thwackey / Dipplin,1051.0,Lucario / Hariyama,857.5
Marnie's Grimmsnarl / Marnie's Morgrem,1036.7,Dragapult / Meowth,1078.0
Lopunny / Froslass,1054.9,Fezandipiti / Alakazam,1099.6
Lopunny / Froslass,1078.2,Kangaskhan / Cornerstone Mask Ogerpon,1040.5
Fezandipiti / Alakazam,1061.7,Lopunny / Froslass,1088.1
Lopunny / Teal Mask Ogerpon,999.2,Lopunny / Teal Mask Ogerpon,974.8
Starmie / Froslass,1116.8,Hydrapple / Teal Mask Ogerpon,1081.7
Kangaskhan / Cornerstone Mask Ogerpon,1082.7,Kangaskhan / Crustle,1004.4
Lopunny / Froslass,998.5,Lopunny / Froslass,1063.2
Fezandipiti / Alakazam,1120.8,Marnie's Grimmsnarl / Marnie's Morgrem,949.6
Marnie's Grimmsnarl / Marnie's Morgrem,1037.2,Fezandipiti / Alakazam,1120.8
Fezandipiti / Alakazam,987.5,Marnie's Grimmsnarl / Marnie's Morgrem,1051.5
Kangaskhan / Cornerstone Mask Ogerpon,1082.7,Dragapult / Meowth,965.9
Thwackey / Dipplin,1051.0,Marnie's Grimmsnarl / Marnie's Morgrem,995.9
Dragapult / Meowth,1078.0,Marnie's Grimmsnarl / Marnie's Morgrem,1051.5
Lopunny / Froslass,1054.9,Lopunny / Teal Mask Ogerpon,999.2
Hydrapple / Teal Mask Ogerpon,1136.8,Hydrapple / Teal Mask Ogerpon,1166.1
Lucario / Hariyama,1110.2,Teal Mask Ogerpon / Hero’s Cape,1035.5
Lucario / Riolu,1049.2,Marnie's Grimmsnarl / Marnie's Morgrem,1002.9
Lucario / Hariyama,1099.5,Thwackey / Seaking,761.5
Kangaskhan / Teal Mask Ogerpon,1169.7,Dragapult / Meowth,1104.0
Marnie's Grimmsnarl / Marnie's Morgrem,1075.3,Marnie's Grimmsnarl / Marnie's Morgrem,1051.2
Lopunny / Froslass,1065.2,Fezandipiti / Alakazam,1185.1
Marnie's Grimmsnarl / Marnie's Morgrem,1046.9,Fezandipiti / Alakazam,993.9
Marnie's Grimmsnarl / Marnie's Morgrem,967.8,Marnie's Grimmsnarl / Marnie's Morgrem,1009.6
Hydrapple / Teal Mask Ogerpon,1081.7,Marnie's Grimmsnarl / Marnie's Morgrem,1111.6
Fezandipiti / Thwackey,1017.8,Marnie's Grimmsnarl / Marnie's Morgrem,961.1
Kangaskhan / Cornerstone Mask Ogerpon,1082.7,Kangaskhan / Cornerstone Mask Ogerpon,1084.1
Lopunny / Froslass,1023.0,Lopunny / Froslass,1063.2
Lopunny / Froslass,998.5,Fezandipiti / Alakazam,977.2
Lopunny / Froslass,1088.1,Fezandipiti / Alakazam,1120.8
Marnie's Grimmsnarl / Marnie's Morgrem,1078.2,Marnie's Grimmsnarl / Marnie's Morgrem,1051.5
Thwackey / Seaking,761.5,Thwackey / Dipplin,1051.0
Dragapult / Meowth,1078.0,Marnie's Grimmsnarl / Marnie's Morgrem,1074.1
Fezandipiti / Alakazam,1006.4,Fezandipiti / Alakazam,1034.0
Lopunny / Froslass,1054.9,Hydrapple / Teal Mask Ogerpon,1136.8
Fezandipiti / Alakazam,884.0,Fezandipiti / Alakazam,1037.9
Teal Mask Ogerpon / Hero’s Cape,1025.5,Fezandipiti / Alakazam,959.1
Kangaskhan / Latias,1162.5,Fezandipiti / Alakazam,1189.4
Lucario / Hariyama,1099.5,Lucario / Hariyama,1185.1
Marnie's Grimmsnarl / Marnie's Morgrem,1002.9,Marnie's Grimmsnarl / Marnie's Morgrem,973.7
Fezandipiti / Alakazam,1001.1,Kangaskhan / Cornerstone Mask Ogerpon,972.0
Marnie's Grimmsnarl / Marnie's Morgrem,1051.5,Marnie's Grimmsnarl / Marnie's Morgrem,1036.7
Cynthia's Garchomp / Cynthia's Gabite,1105.3,Hydrapple / Teal Mask Ogerpon,1081.7
Teal Mask Ogerpon / Hero’s Cape,1035.5,Fezandipiti / Thwackey,1017.8
Lopunny / Froslass,1084.1,Kangaskhan / Cornerstone Mask Ogerpon,1082.7
Marnie's Grimmsnarl / Marnie's Morgrem,1037.2,Lopunny / Froslass,1063.2
Fezandipiti / Alakazam,1120.8,Marnie's Grimmsnarl / Marnie's Morgrem,974.1
Lucario / Hariyama,1099.5,Fezandipiti / Alakazam,1120.8
Fezandipiti / Alakazam,1053.9,Marnie's Grimmsnarl / Marnie's Morgrem,1051.5
Thwackey / Dipplin,1051.0,Lopunny / Froslass,998.5
Thwackey / Dipplin,1051.0,Kangaskhan / Crustle,1019.6
Lucario / Hariyama,1056.9,Marnie's Grimmsnarl / Marnie's Morgrem,1015.3
Kangaskhan / Teal Mask Ogerpon,1169.7,Lucario / Hariyama,1203.5
Marnie's Grimmsnarl / Marnie's Morgrem,1075.3,Lopunny / Teal Mask Ogerpon,915.9
Hydrapple / Teal Mask Ogerpon,1081.7,Cynthia's Garchomp / Cynthia's Gabite,1105.3
Teal Mask Ogerpon / Hero’s Cape,980.8,Fezandipiti / Thwackey,1017.8
Kangaskhan / Cornerstone Mask Ogerpon,1082.7,Marnie's Grimmsnarl / Marnie's Morgrem,944.6
Lopunny / Froslass,1063.2,Fezandipiti / Alakazam,977.2
Fezandipiti / Alakazam,1120.8,Marnie's Grimmsnarl / Marnie's Morgrem,958.1
Dragapult / Meowth,1047.2,Fezandipiti / Alakazam,1120.8
Marnie's Grimmsnarl / Marnie's Morgrem,1134.4,Marnie's Grimmsnarl / Marnie's Morgrem,963.3
Lopunny / Froslass,1078.2,Marnie's Grimmsnarl / Marnie's Morgrem,1051.5
Fezandipiti / Alakazam,1052.1,Thwackey / Dipplin,1051.0
Fezandipiti / Alakazam,1055.1,Dragapult / Meowth,1078.0
Marnie's Grimmsnarl / Marnie's Morgrem,1136.8,Marnie's Grimmsnarl / Marnie's Morgrem,1074.1
Kangaskhan / Cornerstone Mask Ogerpon,1040.5,Marnie's Grimmsnarl / Marnie's Morgrem,973.7
Hydrapple / Teal Mask Ogerpon,1136.8,Hydrapple / Teal Mask Ogerpon,1081.7
Kangaskhan / Cornerstone Mask Ogerpon,1082.7,Teal Mask Ogerpon / Hero’s Cape,1025.5
Fezandipiti / Alakazam,1017.2,Lopunny / Froslass,1063.2
Fezandipiti / Alakazam,1120.8,Kangaskhan / Cornerstone Mask Ogerpon,1082.7
Lopunny / Froslass,998.5,Kangaskhan / Crustle,974.6
Fezandipiti / Alakazam,1120.8,Dragapult / Meowth,1047.2
Marnie's Grimmsnarl / Marnie's Morgrem,1051.5,Fezandipiti / Alakazam,1012.8
Thwackey / Dipplin,1051.0,Lucario / Hariyama,991.1
Marnie's Grimmsnarl / Marnie's Morgrem,1075.3,Dragapult / Meowth,1078.0
Kangaskhan / Cornerstone Mask Ogerpon,978.9,Marnie's Grimmsnarl / Marnie's Morgrem,1005.8
Fezandipiti / Alakazam,1037.9,Fezandipiti / Alakazam,1047.2
